FFP Proxy Diagnostic Log
========================

-- BeginScene #1
  SetVS shader=0x1b70fea0
  SetVSConstF start=0
    count=4
    c0-c3:
  row0: 0.760086, 0.000000, -0.260024, -337.057953
  row1: -0.180434, 1.314863, -0.527432, -1254.282959
  row2: 0.298007, 0.390325, 0.871113, 2086.063965
  row3: 0.298007, 0.390325, 0.871113, 2090.364014
  SetVSConstF start=0
    count=4
    c0-c3:
  row0: 0.257150, 0.000000, -0.761064, 0.000051
  row1: -0.517355, 1.319618, -0.174805, 0.000079
  row2: 0.875388, 0.382376, 0.295778, -0.009897
  row3: 0.875388, 0.382376, 0.295778, 0.000112
  DIP #1
    decl=0x32acce80
    type=4
    baseVtx=481846
    numVerts=24
    primCount=12
    stride0=32
    hasNormal=1
    hasTexcoord=1
    tcType=1
    tex0
     =0x0fc0cb40
    tex1
     =0x2be41220
    tex2
     =0x4a6207e0
    tex3
     =0x4a620900
    tex4
     =0x4a620900
    tex5
     =0x4a6207e0
    tex6
     =0x4a620900
    tex7
     =0x32aa49a0
    vtx0 raw (32
 bytes):
      00 00 FA C3 00 00 FA 43 00 00 FA 43 | 3D CD 13 3F | 34 CD 13 BF | 3D CD 13 BF | 00 00 00 00 | 00 00 00 00 | 
      pos: -500.000000, 500.000000, 500.000000
    c0-c3:
  row0: 0.257150, 0.000000, -0.761064, 0.000051
  row1: -0.517355, 1.319618, -0.174805, 0.000079
  row2: 0.875388, 0.382376, 0.295778, -0.009897
  row3: 0.875388, 0.382376, 0.295778, 0.000112
    c4-c7:
  row0: -84.000587, -20.000488, -332.002045, 0.000000
  row1: 2105.998047, 1455.999512, 3131.525391, 0.000000
  row2: 2105.998047, 1455.999512, 3131.525391, 0.000000
  row3: 0.003333, 0.000000, 0.000000, 0.000000
    c8-c11:
  row0: 1.000000, 0.000000, 0.000000, 0.000000
  row1: 1.000000, 0.000000, 0.000000, 0.000000
  row2: 0.000000, -0.000000, -1.000000, 3131.525879
  row3: 0.000000, 1.000000, -0.000000, -1456.000000
    c12-c15:
  row0: 1.000000, 0.000000, 0.000000, -2106.000000
  row1: -50.917156, 32.671631, -144.579437, 0.000000
  row2: 0.167068, -0.185945, 0.968252, 1.947453
  row3: 0.982699, 0.085911, -0.164079, 0.903763
    c16-c19:
  row0: -0.054236, 0.980558, 0.188587, 1.682378
  row1: 0.177091, -0.176425, 0.968252, 1.892537
  row2: 0.982699, 0.085911, -0.164079, 0.903763
  row3: -0.054236, 0.980558, 0.188587, 1.682378
    c20-c23:
  row0: 0.177091, -0.176425, 0.968252, 1.892536
  row1: 0.982699, 0.085911, -0.164079, 0.903763
  row2: -0.054236, 0.980558, 0.188587, 1.682378
  row3: 0.177091, -0.176425, 0.968252, 1.892537
  DECL decl=0x32acce80
    numElems=4
    [s0 +0] POSITION[0] FLOAT3
    [s0 +12] NORMAL[0] FLOAT3
    [s0 +24] TEXCOORD[0] FLOAT2
  SetVS shader=0x3665c480
  SetVSConstF start=0
    count=4
    c0-c3:
  row0: 0.257150, 0.000000, -0.761064, 0.000051
  row1: -0.517355, 1.319618, -0.174805, 0.000079
  row2: 0.875388, 0.382376, 0.295778, -0.009897
  row3: 0.875388, 0.382376, 0.295778, 0.000112
  SetVSConstF start=0
    count=4
    c0-c3:
  row0: 0.257150, 0.000000, -0.761064, -1807.750244
  row1: -0.517355, 1.319618, -0.174805, -489.135773
  row2: 0.875388, 0.382376, 0.295778, 3537.007080
  row3: 0.875388, 0.382376, 0.295778, 3537.017090
  DIP #2
    decl=0x04a5c8e0
    type=4
    baseVtx=0
    numVerts=8
    primCount=4
    stride0=60
    hasNormal=1
    hasTexcoord=1
    tcType=1
    tex0
     =0x1c165b20
    tex1
     =0x2be41220
    tex2
     =0x4a6207e0
    tex3
     =0x4a620900
    tex4
     =0x4a620900
    tex5
     =0x4a6207e0
    tex6
     =0x4a620900
    tex7
     =0x32aa49a0
    vtx0 raw (60
 bytes):
      23 3D 35 C5 7A 12 62 C4 05 B4 42 C5 | FF FF FF 7F | 00 00 00 00 | 00 00 00 00 | D2 4F DD 3A | 84 EC 81 BE | C7 9E 77 BF E8 FF 7F 3F E2 91 93 2D 0A CD E4 3A 68 3D E8 B9 DE 9E 77 BF 76 EC 81 3E 
      pos: -2899.821045, -904.288696, -3115.251221
    c0-c3:
  row0: 0.257150, 0.000000, -0.761064, -1807.750244
  row1: -0.517355, 1.319618, -0.174805, -489.135773
  row2: 0.875388, 0.382376, 0.295778, 3537.007080
  row3: 0.875388, 0.382376, 0.295778, 3537.017090
    c4-c7:
  row0: -84.000587, -20.000488, -332.002045, 0.000000
  row1: 2105.998047, 1455.999512, 3131.525391, 0.000000
  row2: 2105.998047, 1455.999512, 3131.525391, 0.000000
  row3: 0.003333, 0.000000, 0.000000, 0.000000
    c8-c11:
  row0: 1.000000, 0.000000, 0.000000, 0.000000
  row1: 1.000000, 0.000000, 0.000000, 0.000000
  row2: 0.000000, -0.000000, -1.000000, 3131.525879
  row3: 0.000000, 1.000000, -0.000000, -1456.000000
    c12-c15:
  row0: 1.000000, 0.000000, 0.000000, -2106.000000
  row1: -50.917156, 32.671631, -144.579437, 0.000000
  row2: 0.167068, -0.185945, 0.968252, 1.947453
  row3: 0.982699, 0.085911, -0.164079, 0.903763
    c16-c19:
  row0: -0.054236, 0.980558, 0.188587, 1.682378
  row1: 0.177091, -0.176425, 0.968252, 1.892537
  row2: 0.982699, 0.085911, -0.164079, 0.903763
  row3: -0.054236, 0.980558, 0.188587, 1.682378
    c20-c23:
  row0: 0.177091, -0.176425, 0.968252, 1.892536
  row1: 0.982699, 0.085911, -0.164079, 0.903763
  row2: -0.054236, 0.980558, 0.188587, 1.682378
  row3: 0.177091, -0.176425, 0.968252, 1.892537
  DECL decl=0x04a5c8e0
    numElems=7
    [s0 +0] POSITION[0] FLOAT3
    [s0 +12] COLOR[0] D3DCOLOR
    [s0 +16] TEXCOORD[0] FLOAT2
    [s0 +24] NORMAL[0] FLOAT3
    [s0 +36] TANGENT[0] FLOAT3
    [s0 +48] BINORMAL[0] FLOAT3
  SetVS shader=0x1b711800
  SetVSConstF start=0
    count=7
    (large write, first 4x4):
      0.257150, 0.000000, -0.761064, -1807.750244, -0.517355, 1.319618, -0.174805, -489.135773, 0.875388, 0.382376, 0.295778, 3537.007080, 0.875388, 0.382376, 0.295778, 3537.017090
  SetVSConstF start=0
    count=4
    c0-c3:
  row0: 0.257150, 0.000000, -0.761064, -0.812628
  row1: -0.517355, 1.319618, -0.174805, 83.513596
  row2: 0.875388, 0.382376, 0.295778, 18.847355
  row3: 0.875388, 0.382376, 0.295778, 18.857365
  SetVSConstF start=6
    count=1
    data: 0.151565, 0.015157, 0.000000, 0.000000
  SetVSConstF start=5
    count=1
    data: 1.000000, 1.000000, 1.000000, 1.000000
  SetVSConstF start=4
    count=1
    data: 1.000000, 1.000000, 1.000000, 1.000000
  DIP #3
    decl=0x32acc140
    type=4
    baseVtx=481878
    numVerts=4
    primCount=2
    stride0=32
    hasNormal=0
    hasTexcoord=1
    tcType=1
    tex0
     =0x1b830ca0
    tex1
     =0x1b831140
    tex2
     =0x4a6207e0
    tex3
     =0x4a620900
    tex4
     =0x4a620900
    tex5
     =0x4a6207e0
    tex6
     =0x4a620900
    tex7
     =0x32aa49a0
    vtx0 raw (32
 bytes):
      00 80 93 C3 00 2C 9F BF 90 4F 96 43 | FF FF FF FF | 00 00 00 BF | 00 00 00 BF | 00 00 00 00 | 00 00 00 00 | 
      pos: -295.000000, -1.243530, 300.621582
    c0-c3:
  row0: 0.257150, 0.000000, -0.761064, -0.812628
  row1: -0.517355, 1.319618, -0.174805, 83.513596
  row2: 0.875388, 0.382376, 0.295778, 18.847355
  row3: 0.875388, 0.382376, 0.295778, 18.857365
    c4-c7:
  row0: 1.000000, 1.000000, 1.000000, 1.000000
  row1: 1.000000, 1.000000, 1.000000, 1.000000
  row2: 0.151565, 0.015157, 0.000000, 0.000000
  row3: 0.003333, 0.000000, 0.000000, 0.000000
    c8-c11:
  row0: 1.000000, 0.000000, 0.000000, 0.000000
  row1: 1.000000, 0.000000, 0.000000, 0.000000
  row2: 0.000000, -0.000000, -1.000000, 3131.525879
  row3: 0.000000, 1.000000, -0.000000, -1456.000000
    c12-c15:
  row0: 1.000000, 0.000000, 0.000000, -2106.000000
  row1: -50.917156, 32.671631, -144.579437, 0.000000
  row2: 0.167068, -0.185945, 0.968252, 1.947453
  row3: 0.982699, 0.085911, -0.164079, 0.903763
    c16-c19:
  row0: -0.054236, 0.980558, 0.188587, 1.682378
  row1: 0.177091, -0.176425, 0.968252, 1.892537
  row2: 0.982699, 0.085911, -0.164079, 0.903763
  row3: -0.054236, 0.980558, 0.188587, 1.682378
    c20-c23:
  row0: 0.177091, -0.176425, 0.968252, 1.892536
  row1: 0.982699, 0.085911, -0.164079, 0.903763
  row2: -0.054236, 0.980558, 0.188587, 1.682378
  row3: 0.177091, -0.176425, 0.968252, 1.892537
  DECL decl=0x32acc140
    numElems=5
    [s0 +0] POSITION[0] FLOAT3
    [s0 +12] COLOR[0] D3DCOLOR
    [s0 +16] TEXCOORD[0] FLOAT2
    [s0 +24] TEXCOORD[1] FLOAT2
  SetVS shader=0x0f7b37e0
  SetVSConstF start=0
    count=4
    c0-c3:
  row0: 0.257150, 0.000000, -0.761064, -0.812628
  row1: -0.517355, 1.319618, -0.174805, 83.513596
  row2: 0.875388, 0.382376, 0.295778, 18.847355
  row3: 0.875388, 0.382376, 0.295778, 18.857365
  SetVSConstF start=0
    count=4
    c0-c3:
  row0: 0.257150, 0.000000, -0.761064, -2448.217529
  row1: -0.517355, 1.319618, -0.174805, 3123.982910
  row2: 0.875388, 0.382376, 0.295778, -1568.098999
  row3: 0.875388, 0.382376, 0.295778, -1563.798950
  DIP #4
    decl=0x32acc4a0
    type=4
    baseVtx=146967
    numVerts=42
    primCount=28
    stride0=56
    hasNormal=1
    hasTexcoord=1
    tcType=1
    tex0
     =0x0fcb51a0
    tex1
     =0x32a9f660
    tex2
     =0x4a6207e0
    tex3
     =0x4a620900
    tex4
     =0x4a620900
    tex5
     =0x4a6207e0
    tex6
     =0x4a620900
    tex7
     =0x32aa49a0
    vtx0 raw (56
 bytes):
      00 00 48 C3 00 80 FE C4 00 F0 96 45 | 00 00 00 00 | AC C5 A7 36 | 00 00 80 BF | AB AA 2A BF | 00 00 80 3F | 00 00 80 3F 00 00 00 00 00 00 00 00 00 00 00 00 00 00 80 BF AC C5 A7 B6 
      pos: -200.000000, -2036.000000, 4830.000000
    c0-c3:
  row0: 0.257150, 0.000000, -0.761064, -2448.217529
  row1: -0.517355, 1.319618, -0.174805, 3123.982910
  row2: 0.875388, 0.382376, 0.295778, -1568.098999
  row3: 0.875388, 0.382376, 0.295778, -1563.798950
    c4-c7:
  row0: 1.000000, 1.000000, 1.000000, 1.000000
  row1: 1.000000, 1.000000, 1.000000, 1.000000
  row2: 0.151565, 0.015157, 0.000000, 0.000000
  row3: 0.003333, 0.000000, 0.000000, 0.000000
    c8-c11:
  row0: 1.000000, 0.000000, 0.000000, 0.000000
  row1: 1.000000, 0.000000, 0.000000, 0.000000
  row2: 0.000000, -0.000000, -1.000000, 3131.525879
  row3: 0.000000, 1.000000, -0.000000, -1456.000000
    c12-c15:
  row0: 1.000000, 0.000000, 0.000000, -2106.000000
  row1: -50.917156, 32.671631, -144.579437, 0.000000
  row2: 0.167068, -0.185945, 0.968252, 1.947453
  row3: 0.982699, 0.085911, -0.164079, 0.903763
    c16-c19:
  row0: -0.054236, 0.980558, 0.188587, 1.682378
  row1: 0.177091, -0.176425, 0.968252, 1.892537
  row2: 0.982699, 0.085911, -0.164079, 0.903763
  row3: -0.054236, 0.980558, 0.188587, 1.682378
    c20-c23:
  row0: 0.177091, -0.176425, 0.968252, 1.892536
  row1: 0.982699, 0.085911, -0.164079, 0.903763
  row2: -0.054236, 0.980558, 0.188587, 1.682378
  row3: 0.177091, -0.176425, 0.968252, 1.892537
  DECL decl=0x32acc4a0
    numElems=6
    [s0 +0] POSITION[0] FLOAT3
    [s0 +12] NORMAL[0] FLOAT3
    [s0 +24] TEXCOORD[0] FLOAT2
    [s0 +32] TANGENT[0] FLOAT3
    [s0 +44] BINORMAL[0] FLOAT3
  DIP #5
    decl=0x32acc4a0
    type=4
    baseVtx=146967
    numVerts=4
    primCount=2
    stride0=56
    hasNormal=1
    hasTexcoord=1
    tcType=1
    tex0
     =0x0fcb51a0
    tex1
     =0x32a9f660
    tex2
     =0x4a6207e0
    tex3
     =0x4a620900
    tex4
     =0x4a620900
    tex5
     =0x4a6207e0
    tex6
     =0x4a620900
    tex7
     =0x32aa49a0
    vtx0 raw (56
 bytes):
      00 00 48 C3 00 80 FE C4 00 F0 96 45 | 00 00 00 00 | AC C5 A7 36 | 00 00 80 BF | AB AA 2A BF | 00 00 80 3F | 00 00 80 3F 00 00 00 00 00 00 00 00 00 00 00 00 00 00 80 BF AC C5 A7 B6 
      pos: -200.000000, -2036.000000, 4830.000000
    c0-c3:
  row0: 0.257150, 0.000000, -0.761064, -2448.217529
  row1: -0.517355, 1.319618, -0.174805, 3123.982910
  row2: 0.875388, 0.382376, 0.295778, -1568.098999
  row3: 0.875388, 0.382376, 0.295778, -1563.798950
    c4-c7:
  row0: 1.000000, 1.000000, 1.000000, 1.000000
  row1: 1.000000, 1.000000, 1.000000, 1.000000
  row2: 0.151565, 0.015157, 0.000000, 0.000000
  row3: 0.003333, 0.000000, 0.000000, 0.000000
    c8-c11:
  row0: 1.000000, 0.000000, 0.000000, 0.000000
  row1: 1.000000, 0.000000, 0.000000, 0.000000
  row2: 0.000000, -0.000000, -1.000000, 3131.525879
  row3: 0.000000, 1.000000, -0.000000, -1456.000000
    c12-c15:
  row0: 1.000000, 0.000000, 0.000000, -2106.000000
  row1: -50.917156, 32.671631, -144.579437, 0.000000
  row2: 0.167068, -0.185945, 0.968252, 1.947453
  row3: 0.982699, 0.085911, -0.164079, 0.903763
    c16-c19:
  row0: -0.054236, 0.980558, 0.188587, 1.682378
  row1: 0.177091, -0.176425, 0.968252, 1.892537
  row2: 0.982699, 0.085911, -0.164079, 0.903763
  row3: -0.054236, 0.980558, 0.188587, 1.682378
    c20-c23:
  row0: 0.177091, -0.176425, 0.968252, 1.892536
  row1: 0.982699, 0.085911, -0.164079, 0.903763
  row2: -0.054236, 0.980558, 0.188587, 1.682378
  row3: 0.177091, -0.176425, 0.968252, 1.892537
  DIP #6
    decl=0x32acc4a0
    type=4
    baseVtx=110727
    numVerts=33
    primCount=17
    stride0=56
    hasNormal=1
    hasTexcoord=1
    tcType=1
    tex0
     =0x0fcb51a0
    tex1
     =0x2de80dc0
    tex2
     =0x4a6207e0
    tex3
     =0x4a620900
    tex4
     =0x4a620900
    tex5
     =0x4a6207e0
    tex6
     =0x4a620900
    tex7
     =0x32aa49a0
    vtx0 raw (56
 bytes):
      00 00 FA 45 00 00 A7 C4 00 C0 0A C5 | 00 00 00 00 | 00 00 80 3F | 00 00 00 00 | FF FF 1F 42 | FF FF 8B 41 | 00 00 80 3F 00 00 00 00 00 00 00 00 00 00 00 00 00 00 00 00 00 00 80 BF 
      pos: 8000.000000, -1336.000000, -2220.000000
  DIP #7
    decl=0x32acc4a0
    type=4
    baseVtx=110760
    numVerts=20
    primCount=12
    stride0=56
    hasNormal=1
    hasTexcoord=1
    tcType=1
    tex0
     =0x2de824e0
    tex1
     =0x2de80dc0
    tex2
     =0x4a6207e0
    tex3
     =0x4a620900
    tex4
     =0x4a620900
    tex5
     =0x4a6207e0
    tex6
     =0x4a620900
    tex7
     =0x32aa49a0
    vtx0 raw (56
 bytes):
      00 60 F9 45 00 00 A7 C4 00 80 09 C5 | 00 00 00 00 | 00 00 80 3F | 00 00 00 00 | FF FF 01 42 | 00 00 8C 41 | 00 00 00 00 00 00 00 00 00 00 80 BF 00 00 80 BF 00 00 00 00 00 00 00 00 
      pos: 7980.000000, -1336.000000, -2200.000000
  DIP #8
    decl=0x32acc4a0
    type=4
    baseVtx=110797
    numVerts=377
    primCount=257
    stride0=56
    hasNormal=1
    hasTexcoord=1
    tcType=1
    tex0
     =0x0fcb51a0
    tex1
     =0x2de82bc0
    tex2
     =0x4a6207e0
    tex3
     =0x4a620900
    tex4
     =0x4a620900
    tex5
     =0x4a6207e0
    tex6
     =0x4a620900
    tex7
     =0x32aa49a0
    vtx0 raw (56
 bytes):
      00 AA CD 46 00 00 8F C3 00 30 45 C6 | 00 00 80 BF | BA C0 5C 38 | 00 00 00 00 | AB AA 32 C2 | FE FF 5F C0 | 00 00 00 00 00 00 00 00 00 00 80 BF BA C0 5C B8 00 00 80 BF 00 00 00 80 
      pos: 26325.000000, -286.000000, -12620.000000
  DIP #9
    decl=0x32acc4a0
    type=4
    baseVtx=110455
    numVerts=22
    primCount=18
    stride0=56
    hasNormal=1
    hasTexcoord=1
    tcType=1
    tex0
     =0x0fcb51a0
    tex1
     =0x2de82160
    tex2
     =0x4a6207e0
    tex3
     =0x4a620900
    tex4
     =0x4a620900
    tex5
     =0x4a6207e0
    tex6
     =0x4a620900
    tex7
     =0x32aa49a0
    vtx0 raw (56
 bytes):
      00 80 BB C4 00 80 FE C4 00 A0 8C 45 | 00 00 00 00 | 00 00 80 3F | 00 00 00 00 | 00 00 F0 BF | 99 99 75 C0 | 00 00 80 3F 00 00 00 00 00 00 00 00 00 00 00 00 00 00 00 00 00 00 80 BF 
      pos: -1500.000000, -2036.000000, 4500.000000
  DIP #10
    decl=0x32acc4a0
    type=4
    baseVtx=111858
    numVerts=367
    primCount=203
    stride0=56
    hasNormal=1
    hasTexcoord=1
    tcType=1
    tex0
     =0x0fcb51a0
    tex1
     =0x2de82e20
    tex2
     =0x4a6207e0
    tex3
     =0x4a620900
    tex4
     =0x4a620900
    tex5
     =0x4a6207e0
    tex6
     =0x4a620900
    tex7
     =0x32aa49a0
    vtx0 raw (56
 bytes):
      00 AA CD 46 00 80 9A C4 00 58 45 C6 | 00 00 80 BF | 6C F3 E5 38 | 00 00 00 00 | 89 88 32 C2 | 16 09 50 41 | 00 00 00 00 00 00 00 00 00 00 80 BF 6C F3 E5 B8 00 00 80 BF 00 00 00 80 
      pos: 26325.000000, -1236.000000, -12630.000000
  DIP #11
    decl=0x32acc4a0
    type=4
    baseVtx=138214
    numVerts=24
    primCount=12
    stride0=56
    hasNormal=1
    hasTexcoord=1
    tcType=1
    tex0
     =0x0fcb51a0
    tex1
     =0x2de7eb00
    tex2
     =0x4a6207e0
    tex3
     =0x4a620900
    tex4
     =0x4a620900
    tex5
     =0x4a6207e0
    tex6
     =0x4a620900
    tex7
     =0x32aa49a0
  DIP #12
    decl=0x32acc4a0
    type=4
    baseVtx=136110
    numVerts=408
    primCount=204
    stride0=56
    hasNormal=1
    hasTexcoord=1
    tcType=1
    tex0
     =0x0fcb51a0
    tex1
     =0x2de858e0
    tex2
     =0x4a6207e0
    tex3
     =0x4a620900
    tex4
     =0x4a620900
    tex5
     =0x4a6207e0
    tex6
     =0x4a620900
    tex7
     =0x32aa49a0
  DIP #13
    decl=0x32acc4a0
    type=4
    baseVtx=139094
    numVerts=69
    primCount=41
    stride0=56
    hasNormal=1
    hasTexcoord=1
    tcType=1
    tex0
     =0x0fcb51a0
    tex1
     =0x2de7e660
    tex2
     =0x4a6207e0
    tex3
     =0x4a620900
    tex4
     =0x4a620900
    tex5
     =0x4a6207e0
    tex6
     =0x4a620900
    tex7
     =0x32aa49a0
  DIP #14
    decl=0x32acc4a0
    type=4
    baseVtx=139035
    numVerts=12
    primCount=6
    stride0=56
    hasNormal=1
    hasTexcoord=1
    tcType=1
    tex0
     =0x0fcb51a0
    tex1
     =0x2de7e540
    tex2
     =0x4a6207e0
    tex3
     =0x4a620900
    tex4
     =0x4a620900
    tex5
     =0x4a6207e0
    tex6
     =0x4a620900
    tex7
     =0x32aa49a0
  DIP #15
    decl=0x32acc4a0
    type=4
    baseVtx=138482
    numVerts=40
    primCount=20
    stride0=56
    hasNormal=1
    hasTexcoord=1
    tcType=1
    tex0
     =0x0fcb51a0
    tex1
     =0x2de7f8e0
    tex2
     =0x4a6207e0
    tex3
     =0x4a620900
    tex4
     =0x4a620900
    tex5
     =0x4a6207e0
    tex6
     =0x4a620900
    tex7
     =0x32aa49a0
  DIP #16
    decl=0x32acc4a0
    type=4
    baseVtx=112827
    numVerts=7
    primCount=5
    stride0=56
    hasNormal=1
    hasTexcoord=1
    tcType=1
    tex0
     =0x0fcb51a0
    tex1
     =0x2de83880
    tex2
     =0x4a6207e0
    tex3
     =0x4a620900
    tex4
     =0x4a620900
    tex5
     =0x4a6207e0
    tex6
     =0x4a620900
    tex7
     =0x32aa49a0
  DIP #17
    decl=0x32acc4a0
    type=4
    baseVtx=142763
    numVerts=16
    primCount=8
    stride0=56
    hasNormal=1
    hasTexcoord=1
    tcType=1
    tex0
     =0x0fcb51a0
    tex1
     =0x32a9a7c0
    tex2
     =0x4a6207e0
    tex3
     =0x4a620900
    tex4
     =0x4a620900
    tex5
     =0x4a6207e0
    tex6
     =0x4a620900
    tex7
     =0x32aa49a0
  DIP #18
    decl=0x32acc4a0
    type=4
    baseVtx=122419
    numVerts=552
    primCount=288
    stride0=56
    hasNormal=1
    hasTexcoord=1
    tcType=1
    tex0
     =0x0fcb51a0
    tex1
     =0x32a9c4a0
    tex2
     =0x4a6207e0
    tex3
     =0x4a620900
    tex4
     =0x4a620900
    tex5
     =0x4a6207e0
    tex6
     =0x4a620900
    tex7
     =0x32aa49a0
  DIP #19
    decl=0x32acc4a0
    type=4
    baseVtx=139388
    numVerts=364
    primCount=182
    stride0=56
    hasNormal=1
    hasTexcoord=1
    tcType=1
    tex0
     =0x0fcb51a0
    tex1
     =0x32aa6ea0
    tex2
     =0x4a6207e0
    tex3
     =0x4a620900
    tex4
     =0x4a620900
    tex5
     =0x4a6207e0
    tex6
     =0x4a620900
    tex7
     =0x32aa49a0
  DIP #20
    decl=0x32acc4a0
    type=4
    baseVtx=194735
    numVerts=264
    primCount=144
    stride0=56
    hasNormal=1
    hasTexcoord=1
    tcType=1
    tex0
     =0x0fcb51a0
    tex1
     =0x42cf6b20
    tex2
     =0x4a6207e0
    tex3
     =0x4a620900
    tex4
     =0x4a620900
    tex5
     =0x4a6207e0
    tex6
     =0x4a620900
    tex7
     =0x32aa49a0
  SetVSConstF start=0
    count=4
    c0-c3:
  row0: -0.761064, 0.000000, -0.257150, 54.532631
  row1: -0.174805, 1.319618, 0.517355, -202.102081
  row2: 0.295778, 0.382376, -0.875388, 42.791912
  row3: 0.295778, 0.382376, -0.875388, 47.091961
  DIP #21
    decl=0x32acc4a0
    type=4
    baseVtx=245195
    numVerts=261
    primCount=244
    stride0=56
    hasNormal=1
    hasTexcoord=1
    tcType=1
    tex0
     =0x0fcb51a0
    tex1
     =0x4a623180
    tex2
     =0x4a6207e0
    tex3
     =0x4a620900
    tex4
     =0x4a620900
    tex5
     =0x4a6207e0
    tex6
     =0x4a620900
    tex7
     =0x32aa49a0
  DIP #22
    decl=0x32acc4a0
    type=4
    baseVtx=244936
    numVerts=259
    primCount=165
    stride0=56
    hasNormal=1
    hasTexcoord=1
    tcType=1
    tex0
     =0x0fcb51a0
    tex1
     =0x4a620460
    tex2
     =0x4a6207e0
    tex3
     =0x4a620900
    tex4
     =0x4a620900
    tex5
     =0x4a6207e0
    tex6
     =0x4a620900
    tex7
     =0x32aa49a0
  DIP #23
    decl=0x32acc4a0
    type=4
    baseVtx=245456
    numVerts=4
    primCount=2
    stride0=56
    hasNormal=1
    hasTexcoord=1
    tcType=1
    tex0
     =0x4a622e00
    tex1
     =0x0fcb51a0
    tex2
     =0x4a6207e0
    tex3
     =0x4a620900
    tex4
     =0x4a620900
    tex5
     =0x4a6207e0
    tex6
     =0x4a620900
    tex7
     =0x32aa49a0
  SetVS shader=0x0fb3dfe0
  SetVSConstF start=0
    count=4
    c0-c3:
  row0: -0.761064, 0.000000, -0.257150, 54.532631
  row1: -0.174805, 1.319618, 0.517355, -202.102081
  row2: 0.295778, 0.382376, -0.875388, 42.791912
  row3: 0.295778, 0.382376, -0.875388, 47.091961
  SetVSConstF start=0
    count=4
    c0-c3:
  row0: 0.257150, 0.000000, -0.761064, -2448.217529
  row1: -0.517355, 1.319618, -0.174805, 3123.982910
  row2: 0.875388, 0.382376, 0.295778, -1568.098999
  row3: 0.875388, 0.382376, 0.295778, -1563.798950
  DIP #24
    decl=0x32acc4a0
    type=4
    baseVtx=44654
    numVerts=65
    primCount=35
    stride0=56
    hasNormal=1
    hasTexcoord=1
    tcType=1
    tex0
     =0x0f79a620
    tex1
     =0x0fcb51a0
    tex2
     =0x4a6207e0
    tex3
     =0x4a620900
    tex4
     =0x4a620900
    tex5
     =0x4a6207e0
    tex6
     =0x4a620900
    tex7
     =0x32aa49a0
  DIP #25
    decl=0x32acc4a0
    type=4
    baseVtx=66114
    numVerts=724
    primCount=356
    stride0=56
    hasNormal=1
    hasTexcoord=1
    tcType=1
    tex0
     =0x39e27840
    tex1
     =0x0fcb51a0
    tex2
     =0x4a6207e0
    tex3
     =0x4a620900
    tex4
     =0x4a620900
    tex5
     =0x4a6207e0
    tex6
     =0x4a620900
    tex7
     =0x32aa49a0
  SetVSConstF start=0
    count=4
    c0-c3:
  row0: -0.761064, 0.000000, -0.257150, 54.532631
  row1: -0.174805, 1.319618, 0.517355, -202.102081
  row2: 0.295778, 0.382376, -0.875388, 42.791912
  row3: 0.295778, 0.382376, -0.875388, 47.091961
  DIP #26
    decl=0x32acc4a0
    type=4
    baseVtx=105089
    numVerts=763
    primCount=616
    stride0=56
    hasNormal=1
    hasTexcoord=1
    tcType=1
    tex0
     =0x4a61e9c0
    tex1
     =0x4a61eb00
    tex2
     =0x4a6207e0
    tex3
     =0x4a620900
    tex4
     =0x4a620900
    tex5
     =0x4a6207e0
    tex6
     =0x4a620900
    tex7
     =0x32aa49a0
  SetVSConstF start=0
    count=4
    c0-c3:
  row0: -0.761064, 0.000000, -0.257150, -40.769024
  row1: -0.174805, 1.319618, 0.517355, -48.098881
  row2: 0.295778, 0.382376, -0.875388, -8.569988
  row3: 0.295778, 0.382376, -0.875388, -4.269940
  DIP #27
    decl=0x32acc4a0
    type=4
    baseVtx=105089
    numVerts=29
    primCount=22
    stride0=56
    hasNormal=1
    hasTexcoord=1
    tcType=1
    tex0
     =0x4a61e9c0
    tex1
     =0x4a61eb00
    tex2
     =0x4a6207e0
    tex3
     =0x4a620900
    tex4
     =0x4a620900
    tex5
     =0x4a6207e0
    tex6
     =0x4a620900
    tex7
     =0x32aa49a0
  SetVSConstF start=0
    count=4
    c0-c3:
  row0: -0.761064, 0.000000, -0.257150, 54.532631
  row1: -0.174805, 1.319618, 0.517355, -202.102081
  row2: 0.295778, 0.382376, -0.875388, 42.791912
  row3: 0.295778, 0.382376, -0.875388, 47.091961
  DIP #28
    decl=0x32acc4a0
    type=4
    baseVtx=105881
    numVerts=352
    primCount=288
    stride0=56
    hasNormal=1
    hasTexcoord=1
    tcType=1
    tex0
     =0x4a6215c0
    tex1
     =0x0fcb51a0
    tex2
     =0x4a6207e0
    tex3
     =0x4a620900
    tex4
     =0x4a620900
    tex5
     =0x4a6207e0
    tex6
     =0x4a620900
    tex7
     =0x32aa49a0
  SetVS shader=0x2d329ea0
  SetVSConstF start=0
    count=80
    (large write, first 4x4):
      0.982699, 0.085911, -0.164079, 0.903763, -0.054236, 0.980558, 0.188587, 1.682378, 0.177091, -0.176425, 0.968252, 1.892537, 0.982699, 0.085911, -0.164079, 0.903763
  SetVSConstF start=76
    count=3
  SetVSConstF start=72
    count=4
    c72-c75:
  row0: -0.761064, 0.000000, -0.257150, 25.323910
  row1: -0.174805, 1.319618, 0.517355, -71.084862
  row2: 0.295778, 0.382376, -0.875388, 82.627846
  row3: 0.295778, 0.382376, -0.875388, 86.927895
  SetVSConstF start=79
    count=1
    data: -1.939179, 12.752686, 104.217186, 0.000000
  SetVSConstF start=0
    count=72
    (large write, first 4x4):
      0.994886, 0.032563, -0.095610, -3.998641, 0.044854, 0.705702, 0.707088, -51.982018, 0.090498, -0.707760, 0.700632, 11.339268, 0.989280, 0.052552, -0.136248, -5.549561
  DIP #29
    decl=0x0fc25260
    type=4
    baseVtx=0
    numVerts=240
    primCount=394
    stride0=64
    [SKINNED]
    boneStart=0
    numBones=0
    hasNormal=1
    hasTexcoord=1
    tcType=1
    tex0
     =0x1c143a00
    tex1
     =0x0fcb51a0
    tex2
     =0x1c145000
    tex3
     =0x0fc0dda0
    tex4
     =0x1c1445a0
    tex5
     =0x4a6207e0
    tex6
     =0x4a620900
    tex7
     =0x32aa49a0
  DECL decl=0x0fc25260
    numElems=8
    SKINNED numWeights=3
    [s0 +0] POSITION[0] FLOAT3
    [s0 +12] NORMAL[0] FLOAT3
    [s0 +24] TEXCOORD[0] FLOAT2
    [s0 +32] TANGENT[0] FLOAT3
    [s0 +44] BINORMAL[0] FLOAT3
    [s0 +56] BLENDWEIGHT[0] D3DCOLOR
    [s0 +60] BLENDINDICES[0] D3DCOLOR
  SetVS shader=0x1bc1eb00
  SetVSConstF start=0
    count=76
    (large write, first 4x4):
      0.994886, 0.032563, -0.095610, -3.998641, 0.044854, 0.705702, 0.707088, -51.982018, 0.090498, -0.707760, 0.700632, 11.339268, 0.989280, 0.052552, -0.136248, -5.549561
  SetVSConstF start=72
    count=4
    c72-c75:
  row0: -0.761064, 0.000000, -0.257150, 81.169876
  row1: -0.174805, 1.319618, 0.517355, -90.414436
  row2: 0.295778, 0.382376, -0.875388, 63.029739
  row3: 0.295778, 0.382376, -0.875388, 67.329788
  SetVSConstF start=0
    count=72
    (large write, first 4x4):
      0.873603, -0.424574, -0.237813, 14.566776, 0.356461, 0.225616, 0.906660, -0.362041, -0.331290, -0.876832, 0.348443, 38.235420, 0.833686, -0.447884, 0.323061, 4.660259
  DIP #30
    decl=0x0fc25260
    type=4
    baseVtx=0
    numVerts=376
    primCount=488
    stride0=64
    [SKINNED]
    boneStart=0
    numBones=0
    hasNormal=1
    hasTexcoord=1
    tcType=1
    tex0
     =0x0fcb51a0
    tex1
     =0x1bb6f000
    tex2
     =0x1c145000
    tex3
     =0x0fc0dda0
    tex4
     =0x1c1445a0
    tex5
     =0x4a6207e0
    tex6
     =0x4a620900
    tex7
     =0x32aa49a0
  SetVSConstF start=72
    count=4
    c72-c75:
  row0: -0.761064, 0.000000, -0.257150, 25.323910
  row1: -0.174805, 1.319618, 0.517355, -71.084862
  row2: 0.295778, 0.382376, -0.875388, 82.627846
  row3: 0.295778, 0.382376, -0.875388, 86.927895
  SetVSConstF start=0
    count=72
    (large write, first 4x4):
      0.998751, -0.046274, 0.018850, -0.659320, 0.025584, 0.797654, 0.602573, -58.044285, -0.042919, -0.601338, 0.797841, 6.151352, 0.996376, 0.028350, 0.080194, -2.391443
  DIP #31
    decl=0x0fc25260
    type=4
    baseVtx=0
    numVerts=1000
    primCount=1312
    stride0=64
    [SKINNED]
    boneStart=0
    numBones=0
    hasNormal=1
    hasTexcoord=1
    tcType=1
    tex0
     =0x1b831840
    tex1
     =0x1c144b60
    tex2
     =0x1c145000
    tex3
     =0x0fc0dda0
    tex4
     =0x1c1445a0
    tex5
     =0x4a6207e0
    tex6
     =0x4a620900
    tex7
     =0x32aa49a0
  SetVSConstF start=0
    count=72
    (large write, first 4x4):
      0.997121, 0.075737, 0.003558, -10.212833, -0.019054, 0.204891, 0.978599, -37.107151, 0.073388, -0.975850, 0.205744, 6.291695, 0.980559, 0.072144, -0.182483, -8.440886
  DIP #32
    decl=0x0fc25260
    type=4
    baseVtx=0
    numVerts=172
    primCount=242
    stride0=64
    [SKINNED]
    boneStart=0
    numBones=0
    hasNormal=1
    hasTexcoord=1
    tcType=1
    tex0
     =0x1b831840
    tex1
     =0x1c144b60
    tex2
     =0x1c145000
    tex3
     =0x0fc0dda0
    tex4
     =0x1c1445a0
    tex5
     =0x4a6207e0
    tex6
     =0x4a620900
    tex7
     =0x32aa49a0
  SetVSConstF start=0
    count=72
    (large write, first 4x4):
      0.207819, -0.633061, -0.745684, -12.088242, 0.737199, -0.399691, 0.544779, 2.170757, -0.642922, -0.662933, 0.383629, -18.894114, 0.977731, -0.108837, 0.179432, 8.016819
  DIP #33
    decl=0x0fc25260
    type=4
    baseVtx=0
    numVerts=175
    primCount=242
    stride0=64
    [SKINNED]
    boneStart=0
    numBones=0
    hasNormal=1
    hasTexcoord=1
    tcType=1
    tex0
     =0x1b831840
    tex1
     =0x1c144b60
    tex2
     =0x1c145000
    tex3
     =0x0fc0dda0
    tex4
     =0x1c1445a0
    tex5
     =0x4a6207e0
    tex6
     =0x4a620900
    tex7
     =0x32aa49a0
  SetVSConstF start=72
    count=4
    c72-c75:
  row0: -0.761064, 0.000000, -0.257150, 81.169876
  row1: -0.174805, 1.319618, 0.517355, -90.414436
  row2: 0.295778, 0.382376, -0.875388, 63.029739
  row3: 0.295778, 0.382376, -0.875388, 67.329788
  SetVSConstF start=0
    count=72
    (large write, first 4x4):
      0.986158, 0.036442, -0.161756, 4.611438, -0.046071, 0.997357, -0.056186, -44.747181, 0.159281, 0.062861, 0.985230, -2.859722, 0.986158, 0.036446, -0.161755, 4.613535
  DIP #34
    decl=0x0fc25260
    type=4
    baseVtx=0
    numVerts=73
    primCount=90
    stride0=64
    [SKINNED]
    boneStart=0
    numBones=0
    hasNormal=1
    hasTexcoord=1
    tcType=1
    tex0
     =0x1b831840
    tex1
     =0x1c144900
    tex2
     =0x1c145000
    tex3
     =0x0fc0dda0
    tex4
     =0x1c1445a0
    tex5
     =0x4a6207e0
    tex6
     =0x4a620900
    tex7
     =0x32aa49a0
  SetVSConstF start=0
    count=72
    (large write, first 4x4):
      0.994397, 0.072427, -0.077003, 1.750198, -0.079047, 0.993093, -0.086711, -44.396870, 0.070191, 0.092312, 0.993253, -5.162948, 0.986158, 0.036442, -0.161756, 4.611438
  DIP #35
    decl=0x0fc25260
    type=4
    baseVtx=0
    numVerts=368
    primCount=594
    stride0=64
    [SKINNED]
    boneStart=0
    numBones=0
    hasNormal=1
    hasTexcoord=1
    tcType=1
    tex0
     =0x1b831840
    tex1
     =0x1c144900
    tex2
     =0x1c145000
    tex3
     =0x0fc0dda0
    tex4
     =0x1c1445a0
    tex5
     =0x4a6207e0
    tex6
     =0x4a620900
    tex7
     =0x32aa49a0
  SetVSConstF start=0
    count=72
    (large write, first 4x4):
      0.998601, 0.012563, 0.051371, 4.483043, -0.030163, 0.933187, 0.358122, -39.443562, -0.043439, -0.359171, 0.932260, 16.350033, 0.992776, 0.071031, 0.096697, 3.258336
  DIP #36
    decl=0x0fc25260
    type=4
    baseVtx=0
    numVerts=866
    primCount=1132
    stride0=64
    [SKINNED]
    boneStart=0
    numBones=0
    hasNormal=1
    hasTexcoord=1
    tcType=1
    tex0
     =0x1b831840
    tex1
     =0x1c143d80
    tex2
     =0x1c145000
    tex3
     =0x0fc0dda0
    tex4
     =0x1c1445a0
    tex5
     =0x4a6207e0
    tex6
     =0x4a620900
    tex7
     =0x32aa49a0
  SetVSConstF start=0
    count=72
    (large write, first 4x4):
      0.986158, 0.036442, -0.161756, 4.611438, -0.046071, 0.997357, -0.056186, -44.747181, 0.159281, 0.062861, 0.985230, -2.859722, 0.992776, 0.071031, 0.096697, 3.258336
  DIP #37
    decl=0x0fc25260
    type=4
    baseVtx=0
    numVerts=104
    primCount=126
    stride0=64
    [SKINNED]
    boneStart=0
    numBones=0
    hasNormal=1
    hasTexcoord=1
    tcType=1
    tex0
     =0x1b831840
    tex1
     =0x1c143d80
    tex2
     =0x1c145000
    tex3
     =0x0fc0dda0
    tex4
     =0x1c1445a0
    tex5
     =0x4a6207e0
    tex6
     =0x4a620900
    tex7
     =0x32aa49a0
  SetVSConstF start=72
    count=4
    c72-c75:
  row0: -0.755793, 0.119468, -0.244641, 4.635921
  row1: -0.075349, 1.175870, 0.807005, -93.356522
  row2: 0.334773, 0.547698, -0.766782, 68.312469
  row3: 0.334773, 0.547698, -0.766782, 72.612518
  SetVSConstF start=0
    count=72
    (large write, first 4x4):
      0.982699, 0.085911, -0.164079, 0.903763, -0.054236, 0.980558, 0.188587, 1.682378, 0.177091, -0.176425, 0.968252, 1.892537, 0.982699, 0.085911, -0.164079, 0.903763
  DIP #38
    decl=0x0fc25260
    type=4
    baseVtx=0
    numVerts=505
    primCount=530
    stride0=64
    [SKINNED]
    boneStart=0
    numBones=0
    hasNormal=1
    hasTexcoord=1
    tcType=1
    tex0
     =0x1b831840
    tex1
     =0x1c160ee0
    tex2
     =0x1c145000
    tex3
     =0x0fc0dda0
    tex4
     =0x1c1445a0
    tex5
     =0x4a6207e0
    tex6
     =0x4a620900
    tex7
     =0x32aa49a0
  SetVSConstF start=0
    count=72
    (large write, first 4x4):
      0.982699, 0.085911, -0.164079, 0.903763, -0.054236, 0.980558, 0.188587, 1.682378, 0.177091, -0.176425, 0.968252, 1.892537, 0.982699, 0.085911, -0.164079, 0.903763
  DIP #39
    decl=0x0fc25260
    type=4
    baseVtx=0
    numVerts=554
    primCount=566
    stride0=64
    [SKINNED]
    boneStart=0
    numBones=0
    hasNormal=1
    hasTexcoord=1
    tcType=1
    tex0
     =0x1b831840
    tex1
     =0x1c160ee0
    tex2
     =0x1c145000
    tex3
     =0x0fc0dda0
    tex4
     =0x1c1445a0
    tex5
     =0x4a6207e0
    tex6
     =0x4a620900
    tex7
     =0x32aa49a0
  SetVS shader=0x2de7bb20
  SetVSConstF start=0
    count=8
    (large write, first 4x4):
      -0.755793, 0.119468, -0.244641, 4.635921, -0.075349, 1.175870, 0.807005, -93.356522, 0.334773, 0.547698, -0.766782, 68.312469, 0.334773, 0.547698, -0.766782, 72.612518
  SetVSConstF start=4
    count=3
  SetVSConstF start=0
    count=4
    c0-c3:
  row0: -0.761064, 0.000000, -0.257150, 54.532631
  row1: -0.174805, 1.319618, 0.517355, -202.102081
  row2: 0.295778, 0.382376, -0.875388, 42.791912
  row3: 0.295778, 0.382376, -0.875388, 47.091961
  SetVSConstF start=7
    count=1
    data: 33.060577, 112.752319, 114.216698, 0.000000
  DIP #40
    decl=0x32acc4a0
    type=4
    baseVtx=40563
    numVerts=264
    primCount=198
    stride0=56
    hasNormal=1
    hasTexcoord=1
    tcType=1
    tex0
     =0x4a620580
    tex1
     =0x4a620340
    tex2
     =0x4a6206c0
    tex3
     =0x2be41220
    tex4
     =0x4a620900
    tex5
     =0x4a6207e0
    tex6
     =0x4a620900
    tex7
     =0x32aa49a0
  SetVSConstF start=4
    count=3
  SetVSConstF start=0
    count=4
    c0-c3:
  row0: -0.761064, 0.000000, -0.257150, -40.769024
  row1: -0.174805, 1.319618, 0.517355, -48.098881
  row2: 0.295778, 0.382376, -0.875388, -8.569988
  row3: 0.295778, 0.382376, -0.875388, -4.269940
  SetVSConstF start=7
    count=1
    data: -50.939911, 32.752197, -7.783788, 0.000000
  DIP #41
    decl=0x32acc4a0
    type=4
    baseVtx=40563
    numVerts=114
    primCount=94
    stride0=56
    hasNormal=1
    hasTexcoord=1
    tcType=1
    tex0
     =0x4a620580
    tex1
     =0x4a620340
    tex2
     =0x4a6206c0
    tex3
     =0x2be41220
    tex4
     =0x4a620900
    tex5
     =0x4a6207e0
    tex6
     =0x4a620900
    tex7
     =0x32aa49a0
  SetVSConstF start=4
    count=3
  SetVSConstF start=0
    count=4
    c0-c3:
  row0: -0.761064, 0.000000, -0.257150, 54.532631
  row1: -0.174805, 1.319618, 0.517355, -202.102081
  row2: 0.295778, 0.382376, -0.875388, 42.791912
  row3: 0.295778, 0.382376, -0.875388, 47.091961
  SetVSConstF start=7
    count=1
    data: 33.060577, 112.752319, 114.216698, 0.000000
  DIP #42
    decl=0x32acc4a0
    type=4
    baseVtx=40941
    numVerts=409
    primCount=352
    stride0=56
    hasNormal=1
    hasTexcoord=1
    tcType=1
    tex0
     =0x4a620580
    tex1
     =0x0fcb51a0
    tex2
     =0x4a6206c0
    tex3
     =0x2be41220
    tex4
     =0x4a620900
    tex5
     =0x4a6207e0
    tex6
     =0x4a620900
    tex7
     =0x32aa49a0
  SetVS shader=0x1c15eb00
  SetVSConstF start=0
    count=4
    c0-c3:
  row0: -0.761064, 0.000000, -0.257150, 54.532631
  row1: -0.174805, 1.319618, 0.517355, -202.102081
  row2: 0.295778, 0.382376, -0.875388, 42.791912
  row3: 0.295778, 0.382376, -0.875388, 47.091961
  SetVSConstF start=0
    count=4
    c0-c3:
  row0: 0.257150, 0.000000, -0.761064, -2448.217529
  row1: -0.517355, 1.319618, -0.174805, 3123.982910
  row2: 0.875388, 0.382376, 0.295778, -1568.098999
  row3: 0.875388, 0.382376, 0.295778, -1563.798950
  DIP #43
    decl=0x32acc4a0
    type=4
    baseVtx=252223
    numVerts=18
    primCount=12
    stride0=56
    hasNormal=1
    hasTexcoord=1
    tcType=1
    tex0
     =0x32aa4f60
    tex1
     =0x0fcb51a0
    tex2
     =0x4a6206c0
    tex3
     =0x2be41220
    tex4
     =0x4a620900
    tex5
     =0x4a6207e0
    tex6
     =0x4a620900
    tex7
     =0x32aa49a0
  DIP #44
    decl=0x32acc4a0
    type=4
    baseVtx=250219
    numVerts=120
    primCount=90
    stride0=56
    hasNormal=1
    hasTexcoord=1
    tcType=1
    tex0
     =0x0fcb51a0
    tex1
     =0x0fcb51a0
    tex2
     =0x4a6206c0
    tex3
     =0x2be41220
    tex4
     =0x4a620900
    tex5
     =0x4a6207e0
    tex6
     =0x4a620900
    tex7
     =0x32aa49a0
  SetVS shader=0x1c159ca0
  SetVSConstF start=0
    count=4
    c0-c3:
  row0: 0.257150, 0.000000, -0.761064, -2448.217529
  row1: -0.517355, 1.319618, -0.174805, 3123.982910
  row2: 0.875388, 0.382376, 0.295778, -1568.098999
  row3: 0.875388, 0.382376, 0.295778, -1563.798950
  DIP #45
    decl=0x32acd040
    type=4
    baseVtx=404900
    numVerts=142
    primCount=71
    stride0=36
    hasNormal=1
    hasTexcoord=1
    tcType=1
    tex0
     =0x39e24200
    tex1
     =0x0fcb51a0
    tex2
     =0x4a6206c0
    tex3
     =0x2be41220
    tex4
     =0x4a620900
    tex5
     =0x4a6207e0
    tex6
     =0x4a620900
    tex7
     =0x32aa49a0
  DECL decl=0x32acd040
    numElems=5
    [s0 +0] POSITION[0] FLOAT3
    [s0 +12] NORMAL[0] FLOAT3
    [s0 +24] TEXCOORD[0] FLOAT2
    [s0 +32] COLOR[0] D3DCOLOR
  DIP #46
    decl=0x32acd040
    type=4
    baseVtx=401348
    numVerts=8
    primCount=4
    stride0=36
    hasNormal=1
    hasTexcoord=1
    tcType=1
    tex0
     =0x39e255a0
    tex1
     =0x0fcb51a0
    tex2
     =0x4a6206c0
    tex3
     =0x2be41220
    tex4
     =0x4a620900
    tex5
     =0x4a6207e0
    tex6
     =0x4a620900
    tex7
     =0x32aa49a0
  DIP #47
    decl=0x32acd040
    type=4
    baseVtx=392688
    numVerts=1717
    primCount=951
    stride0=36
    hasNormal=1
    hasTexcoord=1
    tcType=1
    tex0
     =0x39e25220
    tex1
     =0x0fcb51a0
    tex2
     =0x4a6206c0
    tex3
     =0x2be41220
    tex4
     =0x4a620900
    tex5
     =0x4a6207e0
    tex6
     =0x4a620900
    tex7
     =0x32aa49a0
  DIP #48
    decl=0x32acd040
    type=4
    baseVtx=399299
    numVerts=518
    primCount=276
    stride0=36
    hasNormal=1
    hasTexcoord=1
    tcType=1
    tex0
     =0x39e240c0
    tex1
     =0x0fcb51a0
    tex2
     =0x4a6206c0
    tex3
     =0x2be41220
    tex4
     =0x4a620900
    tex5
     =0x4a6207e0
    tex6
     =0x4a620900
    tex7
     =0x32aa49a0
  DIP #49
    decl=0x32acd040
    type=4
    baseVtx=401305
    numVerts=8
    primCount=6
    stride0=36
    hasNormal=1
    hasTexcoord=1
    tcType=1
    tex0
     =0x39e24d80
    tex1
     =0x0fcb51a0
    tex2
     =0x4a6206c0
    tex3
     =0x2be41220
    tex4
     =0x4a620900
    tex5
     =0x4a6207e0
    tex6
     =0x4a620900
    tex7
     =0x32aa49a0
  DIP #50
    decl=0x32acd040
    type=4
    baseVtx=401424
    numVerts=4
    primCount=2
    stride0=36
    hasNormal=1
    hasTexcoord=1
    tcType=1
    tex0
     =0x39e24ea0
    tex1
     =0x0fcb51a0
    tex2
     =0x4a6206c0
    tex3
     =0x2be41220
    tex4
     =0x4a620900
    tex5
     =0x4a6207e0
    tex6
     =0x4a620900
    tex7
     =0x32aa49a0
  DIP #51
    decl=0x32acd040
    type=4
    baseVtx=401424
    numVerts=19
    primCount=11
    stride0=36
    hasNormal=1
    hasTexcoord=1
    tcType=1
    tex0
     =0x39e24ea0
    tex1
     =0x0fcb51a0
    tex2
     =0x4a6206c0
    tex3
     =0x2be41220
    tex4
     =0x4a620900
    tex5
     =0x4a6207e0
    tex6
     =0x4a620900
    tex7
     =0x32aa49a0
  DIP #52
    decl=0x32acd040
    type=4
    baseVtx=401486
    numVerts=15
    primCount=11
    stride0=36
    hasNormal=1
    hasTexcoord=1
    tcType=1
    tex0
     =0x39e25ee0
    tex1
     =0x0fcb51a0
    tex2
     =0x4a6206c0
    tex3
     =0x2be41220
    tex4
     =0x4a620900
    tex5
     =0x4a6207e0
    tex6
     =0x4a620900
    tex7
     =0x32aa49a0
  DIP #53
    decl=0x32acd040
    type=4
    baseVtx=401530
    numVerts=1070
    primCount=538
    stride0=36
    hasNormal=1
    hasTexcoord=1
    tcType=1
    tex0
     =0x39e23b00
    tex1
     =0x0fcb51a0
    tex2
     =0x4a6206c0
    tex3
     =0x2be41220
    tex4
     =0x4a620900
    tex5
     =0x4a6207e0
    tex6
     =0x4a620900
    tex7
     =0x32aa49a0
  DIP #54
    decl=0x32acd040
    type=4
    baseVtx=407406
    numVerts=43
    primCount=23
    stride0=36
    hasNormal=1
    hasTexcoord=1
    tcType=1
    tex0
     =0x39e24560
    tex1
     =0x0fcb51a0
    tex2
     =0x4a6206c0
    tex3
     =0x2be41220
    tex4
     =0x4a620900
    tex5
     =0x4a6207e0
    tex6
     =0x4a620900
    tex7
     =0x32aa49a0
  DIP #55
    decl=0x32acd040
    type=4
    baseVtx=392512
    numVerts=40
    primCount=24
    stride0=36
    hasNormal=1
    hasTexcoord=1
    tcType=1
    tex0
     =0x39e24b40
    tex1
     =0x0fcb51a0
    tex2
     =0x4a6206c0
    tex3
     =0x2be41220
    tex4
     =0x4a620900
    tex5
     =0x4a6207e0
    tex6
     =0x4a620900
    tex7
     =0x32aa49a0
  DIP #56
    decl=0x32acd040
    type=4
    baseVtx=421173
    numVerts=598
    primCount=452
    stride0=36
    hasNormal=1
    hasTexcoord=1
    tcType=1
    tex0
     =0x4a624640
    tex1
     =0x0fcb51a0
    tex2
     =0x4a6206c0
    tex3
     =0x2be41220
    tex4
     =0x4a620900
    tex5
     =0x4a6207e0
    tex6
     =0x4a620900
    tex7
     =0x32aa49a0
  DIP #57
    decl=0x32acd040
    type=4
    baseVtx=422924
    numVerts=594
    primCount=456
    stride0=36
    hasNormal=1
    hasTexcoord=1
    tcType=1
    tex0
     =0x4a624d40
    tex1
     =0x0fcb51a0
    tex2
     =0x4a6206c0
    tex3
     =0x2be41220
    tex4
     =0x4a620900
    tex5
     =0x4a6207e0
    tex6
     =0x4a620900
    tex7
     =0x32aa49a0
  DIP #58
    decl=0x32acd040
    type=4
    baseVtx=425672
    numVerts=637
    primCount=418
    stride0=36
    hasNormal=1
    hasTexcoord=1
    tcType=1
    tex0
     =0x4a623ac0
    tex1
     =0x0fcb51a0
    tex2
     =0x4a6206c0
    tex3
     =0x2be41220
    tex4
     =0x4a620900
    tex5
     =0x4a6207e0
    tex6
     =0x4a620900
    tex7
     =0x32aa49a0
  SetVS shader=0x2de76f20
  SetVSConstF start=0
    count=5
    (large write, first 4x4):
      0.257150, 0.000000, -0.761064, -2448.217529, -0.517355, 1.319618, -0.174805, 3123.982910, 0.875388, 0.382376, 0.295778, -1568.098999, 0.875388, 0.382376, 0.295778, -1563.798950
  DIP #59
    decl=0x32acc4a0
    type=4
    baseVtx=3403
    numVerts=3125
    primCount=1589
    stride0=56
    hasNormal=1
    hasTexcoord=1
    tcType=1
    tex0
     =0x2de7f0e0
    tex1
     =0x0fcb51a0
    tex2
     =0x2de80100
    tex3
     =0x2be41220
    tex4
     =0x4a620900
    tex5
     =0x4a6207e0
    tex6
     =0x4a620900
    tex7
     =0x32aa49a0
  DIP #60
    decl=0x32acc4a0
    type=4
    baseVtx=22695
    numVerts=8
    primCount=4
    stride0=56
    hasNormal=1
    hasTexcoord=1
    tcType=1
    tex0
     =0x32aa7460
    tex1
     =0x0fcb51a0
    tex2
     =0x32aa84a0
    tex3
     =0x2be41220
    tex4
     =0x4a620900
    tex5
     =0x4a6207e0
    tex6
     =0x4a620900
    tex7
     =0x32aa49a0
  DIP #61
    decl=0x32acc4a0
    type=4
    baseVtx=22079
    numVerts=55
    primCount=37
    stride0=56
    hasNormal=1
    hasTexcoord=1
    tcType=1
    tex0
     =0x32aa7da0
    tex1
     =0x0fcb51a0
    tex2
     =0x32aa7580
    tex3
     =0x2be41220
    tex4
     =0x4a620900
    tex5
     =0x4a6207e0
    tex6
     =0x4a620900
    tex7
     =0x32aa49a0
  DIP #62
    decl=0x32acc4a0
    type=4
    baseVtx=22743
    numVerts=306
    primCount=239
    stride0=56
    hasNormal=1
    hasTexcoord=1
    tcType=1
    tex0
     =0x32a9eac0
    tex1
     =0x0fcb51a0
    tex2
     =0x32a9e3e0
    tex3
     =0x2be41220
    tex4
     =0x4a620900
    tex5
     =0x4a6207e0
    tex6
     =0x4a620900
    tex7
     =0x32aa49a0
  SetVS shader=0x2de7a960
  SetVSConstF start=4
    count=1
    data: 0.500488, 0.500488, 0.000000, 0.000000
  SetVSConstF start=6
    count=2
    data: 0.500977, 0.499023, 0.000000, 0.000000, 0.000000, 0.000000, 0.000000, 0.000000
  SetVSConstF start=0
    count=4
    c0-c3:
  row0: 0.257150, 0.000000, -0.761064, -2448.217529
  row1: -0.517355, 1.319618, -0.174805, 3123.982910
  row2: 0.875388, 0.382376, 0.295778, -1568.098999
  row3: 0.875388, 0.382376, 0.295778, -1563.798950
  SetVSConstF start=0
    count=4
    c0-c3:
  row0: -0.761064, 0.000000, -0.257150, 54.532631
  row1: -0.174805, 1.319618, 0.517355, -202.102081
  row2: 0.295778, 0.382376, -0.875388, 42.791912
  row3: 0.295778, 0.382376, -0.875388, 47.091961
  SetVSConstF start=4
    count=1
    data: 0.500488, 0.500488, 0.000000, 0.000000
  SetVSConstF start=6
    count=2
    data: 0.500977, 0.499023, 0.000000, 0.000000, 0.000000, 0.000000, 0.000000, 0.000000
  DIP #63
    decl=0x32acc4a0
    type=4
    baseVtx=25520
    numVerts=31
    primCount=27
    stride0=56
    hasNormal=1
    hasTexcoord=1
    tcType=1
    tex0
     =0x04d4dbe0
    tex1
     =0x1bf502a0
    tex2
     =0x32a9e3e0
    tex3
     =0x2be41220
    tex4
     =0x4a620900
    tex5
     =0x4a6207e0
    tex6
     =0x4a620900
    tex7
     =0x32aa49a0
  SetVSConstF start=0
    count=4
    c0-c3:
  row0: -0.761064, 0.000000, -0.257150, -40.769024
  row1: -0.174805, 1.319618, 0.517355, -48.098881
  row2: 0.295778, 0.382376, -0.875388, -8.569988
  row3: 0.295778, 0.382376, -0.875388, -4.269940
  DIP #64
    decl=0x32acc4a0
    type=4
    baseVtx=25520
    numVerts=16
    primCount=14
    stride0=56
    hasNormal=1
    hasTexcoord=1
    tcType=1
    tex0
     =0x04d4dbe0
    tex1
     =0x1bf502a0
    tex2
     =0x32a9e3e0
    tex3
     =0x2be41220
    tex4
     =0x4a620900
    tex5
     =0x4a6207e0
    tex6
     =0x4a620900
    tex7
     =0x32aa49a0
  SetVS shader=0x0f7b3540
  SetVSConstF start=0
    count=7
    (large write, first 4x4):
      -0.761064, 0.000000, -0.257150, -40.769024, -0.174805, 1.319618, 0.517355, -48.098881, 0.295778, 0.382376, -0.875388, -8.569988, 0.295778, 0.382376, -0.875388, -4.269940
  SetVSConstF start=4
    count=1
    data: 3191.100586, -1456.000000, -2190.000000, 0.000000
  SetVSConstF start=5
    count=1
    data: 0.010000, 0.000000, 0.000000, 0.000000
  SetVSConstF start=0
    count=4
    c0-c3:
  row0: 0.257150, 0.000000, -0.761064, -2448.217529
  row1: -0.517355, 1.319618, -0.174805, 3123.982910
  row2: 0.875388, 0.382376, 0.295778, -1568.098999
  row3: 0.875388, 0.382376, 0.295778, -1563.798950
  SetVSConstF start=6
    count=1
    data: 3136.883301, -1423.247314, -2156.939209, 0.000000
  DIP #65
    decl=0x32acc4a0
    type=4
    baseVtx=110797
    numVerts=329
    primCount=233
    stride0=56
    hasNormal=1
    hasTexcoord=1
    tcType=1
    tex0
     =0x2de82bc0
    tex1
     =0x2de84660
    tex2
     =0x2de840a0
    tex3
     =0x2be41220
    tex4
     =0x4a620900
    tex5
     =0x4a6207e0
    tex6
     =0x4a620900
    tex7
     =0x32aa49a0
  DIP #66
    decl=0x32acc4a0
    type=4
    baseVtx=110455
    numVerts=13
    primCount=11
    stride0=56
    hasNormal=1
    hasTexcoord=1
    tcType=1
    tex0
     =0x2de82160
    tex1
     =0x2de80920
    tex2
     =0x2de81cc0
    tex3
     =0x2be41220
    tex4
     =0x4a620900
    tex5
     =0x4a6207e0
    tex6
     =0x4a620900
    tex7
     =0x32aa49a0
  DIP #67
    decl=0x32acc4a0
    type=4
    baseVtx=111858
    numVerts=359
    primCount=199
    stride0=56
    hasNormal=1
    hasTexcoord=1
    tcType=1
    tex0
     =0x2de82e20
    tex1
     =0x2de84b00
    tex2
     =0x2de840a0
    tex3
     =0x2be41220
    tex4
     =0x4a620900
    tex5
     =0x4a6207e0
    tex6
     =0x4a620900
    tex7
     =0x32aa49a0
  DIP #68
    decl=0x32acc4a0
    type=4
    baseVtx=139094
    numVerts=21
    primCount=13
    stride0=56
    hasNormal=1
    hasTexcoord=1
    tcType=1
    tex0
     =0x2de7e660
    tex1
     =0x2de7f320
    tex2
     =0x2de7e8c0
    tex3
     =0x2be41220
    tex4
     =0x4a620900
    tex5
     =0x4a6207e0
    tex6
     =0x4a620900
    tex7
     =0x32aa49a0
  SetVSConstF start=4
    count=1
    data: -0.000193, 79.999634, 59.999409, 0.000000
  SetVSConstF start=5
    count=1
    data: 0.010000, 0.000000, 0.000000, 0.000000
  SetVSConstF start=0
    count=4
    c0-c3:
  row0: -0.761064, 0.000000, -0.257150, 54.532631
  row1: -0.174805, 1.319618, 0.517355, -202.102081
  row2: 0.295778, 0.382376, -0.875388, 42.791912
  row3: 0.295778, 0.382376, -0.875388, 47.091961
  SetVSConstF start=6
    count=1
    data: 33.060577, 112.752319, 114.216698, 0.000000
  DIP #69
    decl=0x32acc4a0
    type=4
    baseVtx=245195
    numVerts=261
    primCount=244
    stride0=56
    hasNormal=1
    hasTexcoord=1
    tcType=1
    tex0
     =0x4a623180
    tex1
     =0x4a6224c0
    tex2
     =0x4a622960
    tex3
     =0x2be41220
    tex4
     =0x4a620900
    tex5
     =0x4a6207e0
    tex6
     =0x4a620900
    tex7
     =0x32aa49a0
  DIP #70
    decl=0x32acc4a0
    type=4
    baseVtx=244936
    numVerts=259
    primCount=165
    stride0=56
    hasNormal=1
    hasTexcoord=1
    tcType=1
    tex0
     =0x4a620460
    tex1
     =0x4a61ffc0
    tex2
     =0x4a620da0
    tex3
     =0x2be41220
    tex4
     =0x4a620900
    tex5
     =0x4a6207e0
    tex6
     =0x4a620900
    tex7
     =0x32aa49a0
  DIP #71
    decl=0x32acc4a0
    type=4
    baseVtx=245456
    numVerts=4
    primCount=2
    stride0=56
    hasNormal=1
    hasTexcoord=1
    tcType=1
    tex0
     =0x0fcb51a0
    tex1
     =0x1bf959e0
    tex2
     =0x0f79a860
    tex3
     =0x2be41220
    tex4
     =0x4a620900
    tex5
     =0x4a6207e0
    tex6
     =0x4a620900
    tex7
     =0x32aa49a0
  SetVS shader=0x0fb3dd60
  SetVSConstF start=0
    count=7
    (large write, first 4x4):
      -0.761064, 0.000000, -0.257150, 54.532631, -0.174805, 1.319618, 0.517355, -202.102081, 0.295778, 0.382376, -0.875388, 42.791912, 0.295778, 0.382376, -0.875388, 47.091961
  SetVSConstF start=4
    count=1
    data: 3191.100586, -1456.000000, -2190.000000, 0.000000
  SetVSConstF start=5
    count=1
    data: 0.010000, 0.000000, 0.000000, 0.000000
  SetVSConstF start=0
    count=4
    c0-c3:
  row0: 0.257150, 0.000000, -0.761064, -2448.217529
  row1: -0.517355, 1.319618, -0.174805, 3123.982910
  row2: 0.875388, 0.382376, 0.295778, -1568.098999
  row3: 0.875388, 0.382376, 0.295778, -1563.798950
  SetVSConstF start=6
    count=1
    data: 3136.883301, -1423.247314, -2156.939209, 0.000000
  DIP #72
    decl=0x32acc4a0
    type=4
    baseVtx=44654
    numVerts=39
    primCount=21
    stride0=56
    hasNormal=1
    hasTexcoord=1
    tcType=1
    tex0
     =0x0f79a620
    tex1
     =0x0fcb51a0
    tex2
     =0x0f79a860
    tex3
     =0x2be41220
    tex4
     =0x4a620900
    tex5
     =0x4a6207e0
    tex6
     =0x4a620900
    tex7
     =0x32aa49a0
  SetVSConstF start=4
    count=1
    data: -0.000193, 79.999634, 59.999409, 0.000000
  SetVSConstF start=5
    count=1
    data: 0.010000, 0.000000, 0.000000, 0.000000
  SetVSConstF start=0
    count=4
    c0-c3:
  row0: -0.761064, 0.000000, -0.257150, 54.532631
  row1: -0.174805, 1.319618, 0.517355, -202.102081
  row2: 0.295778, 0.382376, -0.875388, 42.791912
  row3: 0.295778, 0.382376, -0.875388, 47.091961
  SetVSConstF start=6
    count=1
    data: 33.060577, 112.752319, 114.216698, 0.000000
  DIP #73
    decl=0x32acc4a0
    type=4
    baseVtx=105089
    numVerts=763
    primCount=616
    stride0=56
    hasNormal=1
    hasTexcoord=1
    tcType=1
    tex0
     =0x4a61e9c0
    tex1
     =0x4a61efa0
    tex2
     =0x4a61f1e0
    tex3
     =0x2be41220
    tex4
     =0x4a620900
    tex5
     =0x4a6207e0
    tex6
     =0x4a620900
    tex7
     =0x32aa49a0
  SetVSConstF start=4
    count=1
    data: -84.000679, -0.000488, -62.001080, 0.000000
  SetVSConstF start=5
    count=1
    data: 0.010000, 0.000000, 0.000000, 0.000000
  SetVSConstF start=0
    count=4
    c0-c3:
  row0: -0.761064, 0.000000, -0.257150, -40.769024
  row1: -0.174805, 1.319618, 0.517355, -48.098881
  row2: 0.295778, 0.382376, -0.875388, -8.569988
  row3: 0.295778, 0.382376, -0.875388, -4.269940
  SetVSConstF start=6
    count=1
    data: -50.939911, 32.752197, -7.783788, 0.000000
  DIP #74
    decl=0x32acc4a0
    type=4
    baseVtx=105089
    numVerts=29
    primCount=22
    stride0=56
    hasNormal=1
    hasTexcoord=1
    tcType=1
    tex0
     =0x4a61e9c0
    tex1
     =0x4a61efa0
    tex2
     =0x4a61f1e0
    tex3
     =0x2be41220
    tex4
     =0x4a620900
    tex5
     =0x4a6207e0
    tex6
     =0x4a620900
    tex7
     =0x32aa49a0
  SetVSConstF start=4
    count=1
    data: -0.000193, 79.999634, 59.999409, 0.000000
  SetVSConstF start=5
    count=1
    data: 0.010000, 0.000000, 0.000000, 0.000000
  SetVSConstF start=0
    count=4
    c0-c3:
  row0: -0.761064, 0.000000, -0.257150, 54.532631
  row1: -0.174805, 1.319618, 0.517355, -202.102081
  row2: 0.295778, 0.382376, -0.875388, 42.791912
  row3: 0.295778, 0.382376, -0.875388, 47.091961
  SetVSConstF start=6
    count=1
    data: 33.060577, 112.752319, 114.216698, 0.000000
  DIP #75
    decl=0x32acc4a0
    type=4
    baseVtx=105881
    numVerts=352
    primCount=288
    stride0=56
    hasNormal=1
    hasTexcoord=1
    tcType=1
    tex0
     =0x4a6215c0
    tex1
     =0x4a6225e0
    tex2
     =0x4a622f20
    tex3
     =0x2be41220
    tex4
     =0x4a620900
    tex5
     =0x4a6207e0
    tex6
     =0x4a620900
    tex7
     =0x32aa49a0
  SetVS shader=0x2d32ba80
  SetVSConstF start=0
    count=82
    (large write, first 4x4):
      0.982699, 0.085911, -0.164079, 0.903763, -0.054236, 0.980558, 0.188587, 1.682378, 0.177091, -0.176425, 0.968252, 1.892537, 0.982699, 0.085911, -0.164079, 0.903763
  SetVSConstF start=79
    count=1
    data: -34.999950, -20.000000, 49.999897, 0.000000
  SetVSConstF start=80
    count=1
    data: 0.010000, 0.000000, 0.000000, 0.000000
  SetVSConstF start=76
    count=3
  SetVSConstF start=72
    count=4
    c72-c75:
  row0: -0.761064, 0.000000, -0.257150, 25.323910
  row1: -0.174805, 1.319618, 0.517355, -71.084862
  row2: 0.295778, 0.382376, -0.875388, 82.627846
  row3: 0.295778, 0.382376, -0.875388, 86.927895
  SetVSConstF start=81
    count=1
    data: -1.939179, 12.752686, 104.217186, 0.000000
  SetVSConstF start=0
    count=72
    (large write, first 4x4):
      0.994886, 0.032563, -0.095610, -3.998641, 0.044854, 0.705702, 0.707088, -51.982018, 0.090498, -0.707760, 0.700632, 11.339268, 0.989280, 0.052552, -0.136248, -5.549561
  DIP #76
    decl=0x0fc25260
    type=4
    baseVtx=0
    numVerts=240
    primCount=394
    stride0=64
    [SKINNED]
    boneStart=0
    numBones=0
    hasNormal=1
    hasTexcoord=1
    tcType=1
    tex0
     =0x1c143a00
    tex1
     =0x1c144220
    tex2
     =0x1c145000
    tex3
     =0x0fc0dda0
    tex4
     =0x1c1445a0
    tex5
     =0x4a6207e0
    tex6
     =0x4a620900
    tex7
     =0x32aa49a0
  SetVS shader=0x1bc1d6c0
  SetVSConstF start=0
    count=79
    (large write, first 4x4):
      0.994886, 0.032563, -0.095610, -3.998641, 0.044854, 0.705702, 0.707088, -51.982018, 0.090498, -0.707760, 0.700632, 11.339268, 0.989280, 0.052552, -0.136248, -5.549561
  SetVSConstF start=76
    count=1
    data: 35.000050, 0.000000, 59.999897, 0.000000
  SetVSConstF start=77
    count=1
    data: 0.010000, 0.000000, 0.000000, 0.000000
  SetVSConstF start=72
    count=4
    c72-c75:
  row0: -0.761064, 0.000000, -0.257150, 81.169876
  row1: -0.174805, 1.319618, 0.517355, -90.414436
  row2: 0.295778, 0.382376, -0.875388, 63.029739
  row3: 0.295778, 0.382376, -0.875388, 67.329788
  SetVSConstF start=78
    count=1
    data: 68.060822, 32.752686, 114.217186, 0.000000
  SetVSConstF start=0
    count=72
    (large write, first 4x4):
      0.873603, -0.424574, -0.237813, 14.566776, 0.356461, 0.225616, 0.906660, -0.362041, -0.331290, -0.876832, 0.348443, 38.235420, 0.833686, -0.447884, 0.323061, 4.660259
  DIP #77
    decl=0x0fc25260
    type=4
    baseVtx=0
    numVerts=376
    primCount=488
    stride0=64
    [SKINNED]
    boneStart=0
    numBones=0
    hasNormal=1
    hasTexcoord=1
    tcType=1
    tex0
     =0x1bb6f000
    tex1
     =0x1bb6ff20
    tex2
     =0x1bb6e6c0
    tex3
     =0x0fc0dda0
    tex4
     =0x1c1445a0
    tex5
     =0x4a6207e0
    tex6
     =0x4a620900
    tex7
     =0x32aa49a0
  SetVSConstF start=76
    count=1
    data: -34.999950, -20.000000, 49.999897, 0.000000
  SetVSConstF start=77
    count=1
    data: 0.010000, 0.000000, 0.000000, 0.000000
  SetVSConstF start=72
    count=4
    c72-c75:
  row0: -0.761064, 0.000000, -0.257150, 25.323910
  row1: -0.174805, 1.319618, 0.517355, -71.084862
  row2: 0.295778, 0.382376, -0.875388, 82.627846
  row3: 0.295778, 0.382376, -0.875388, 86.927895
  SetVSConstF start=78
    count=1
    data: -1.939179, 12.752686, 104.217186, 0.000000
  SetVSConstF start=0
    count=72
    (large write, first 4x4):
      0.998751, -0.046274, 0.018850, -0.659320, 0.025584, 0.797654, 0.602573, -58.044285, -0.042919, -0.601338, 0.797841, 6.151352, 0.996376, 0.028350, 0.080194, -2.391443
  DIP #78
    decl=0x0fc25260
    type=4
    baseVtx=0
    numVerts=1000
    primCount=1312
    stride0=64
    [SKINNED]
    boneStart=0
    numBones=0
    hasNormal=1
    hasTexcoord=1
    tcType=1
    tex0
     =0x1c144b60
    tex1
     =0x1c144340
    tex2
     =0x1c143ea0
    tex3
     =0x0fc0dda0
    tex4
     =0x1c1445a0
    tex5
     =0x4a6207e0
    tex6
     =0x4a620900
    tex7
     =0x32aa49a0
  SetVSConstF start=0
    count=72
    (large write, first 4x4):
      0.997121, 0.075737, 0.003558, -10.212833, -0.019054, 0.204891, 0.978599, -37.107151, 0.073388, -0.975850, 0.205744, 6.291695, 0.980559, 0.072144, -0.182483, -8.440886
  DIP #79
    decl=0x0fc25260
    type=4
    baseVtx=0
    numVerts=172
    primCount=242
    stride0=64
    [SKINNED]
    boneStart=0
    numBones=0
    hasNormal=1
    hasTexcoord=1
    tcType=1
    tex0
     =0x1c144b60
    tex1
     =0x1c144340
    tex2
     =0x1c143ea0
    tex3
     =0x0fc0dda0
    tex4
     =0x1c1445a0
    tex5
     =0x4a6207e0
    tex6
     =0x4a620900
    tex7
     =0x32aa49a0
  SetVSConstF start=0
    count=72
    (large write, first 4x4):
      0.207819, -0.633061, -0.745684, -12.088242, 0.737199, -0.399691, 0.544779, 2.170757, -0.642922, -0.662933, 0.383629, -18.894114, 0.977731, -0.108837, 0.179432, 8.016819
  DIP #80
    decl=0x0fc25260
    type=4
    baseVtx=0
    numVerts=175
    primCount=242
    stride0=64
    [SKINNED]
    boneStart=0
    numBones=0
    hasNormal=1
    hasTexcoord=1
    tcType=1
    tex0
     =0x1c144b60
    tex1
     =0x1c144340
    tex2
     =0x1c143ea0
    tex3
     =0x0fc0dda0
    tex4
     =0x1c1445a0
    tex5
     =0x4a6207e0
    tex6
     =0x4a620900
    tex7
     =0x32aa49a0
  SetVSConstF start=76
    count=1
    data: 35.000050, 0.000000, 59.999897, 0.000000
  SetVSConstF start=77
    count=1
    data: 0.010000, 0.000000, 0.000000, 0.000000
  SetVSConstF start=72
    count=4
    c72-c75:
  row0: -0.761064, 0.000000, -0.257150, 81.169876
  row1: -0.174805, 1.319618, 0.517355, -90.414436
  row2: 0.295778, 0.382376, -0.875388, 63.029739
  row3: 0.295778, 0.382376, -0.875388, 67.329788
  SetVSConstF start=78
    count=1
    data: 68.060822, 32.752686, 114.217186, 0.000000
  SetVSConstF start=0
    count=72
    (large write, first 4x4):
      0.986158, 0.036442, -0.161756, 4.611438, -0.046071, 0.997357, -0.056186, -44.747181, 0.159281, 0.062861, 0.985230, -2.859722, 0.986158, 0.036446, -0.161755, 4.613535
  DIP #81
    decl=0x0fc25260
    type=4
    baseVtx=0
    numVerts=73
    primCount=90
    stride0=64
    [SKINNED]
    boneStart=0
    numBones=0
    hasNormal=1
    hasTexcoord=1
    tcType=1
    tex0
     =0x1c144900
    tex1
     =0x1c143c60
    tex2
     =0x1c144c80
    tex3
     =0x0fc0dda0
    tex4
     =0x1c1445a0
    tex5
     =0x4a6207e0
    tex6
     =0x4a620900
    tex7
     =0x32aa49a0
  SetVSConstF start=0
    count=72
    (large write, first 4x4):
      0.994397, 0.072427, -0.077003, 1.750198, -0.079047, 0.993093, -0.086711, -44.396870, 0.070191, 0.092312, 0.993253, -5.162948, 0.986158, 0.036442, -0.161756, 4.611438
  DIP #82
    decl=0x0fc25260
    type=4
    baseVtx=0
    numVerts=368
    primCount=594
    stride0=64
    [SKINNED]
    boneStart=0
    numBones=0
    hasNormal=1
    hasTexcoord=1
    tcType=1
    tex0
     =0x1c144900
    tex1
     =0x1c143c60
    tex2
     =0x1c144c80
    tex3
     =0x0fc0dda0
    tex4
     =0x1c1445a0
    tex5
     =0x4a6207e0
    tex6
     =0x4a620900
    tex7
     =0x32aa49a0
  SetVSConstF start=0
    count=72
    (large write, first 4x4):
      0.998601, 0.012563, 0.051371, 4.483043, -0.030163, 0.933187, 0.358122, -39.443562, -0.043439, -0.359171, 0.932260, 16.350033, 0.992776, 0.071031, 0.096697, 3.258336
  DIP #83
    decl=0x0fc25260
    type=4
    baseVtx=0
    numVerts=866
    primCount=1132
    stride0=64
    [SKINNED]
    boneStart=0
    numBones=0
    hasNormal=1
    hasTexcoord=1
    tcType=1
    tex0
     =0x1c143d80
    tex1
     =0x1c144460
    tex2
     =0x1bd108a0
    tex3
     =0x0fc0dda0
    tex4
     =0x1c1445a0
    tex5
     =0x4a6207e0
    tex6
     =0x4a620900
    tex7
     =0x32aa49a0
  SetVSConstF start=0
    count=72
    (large write, first 4x4):
      0.986158, 0.036442, -0.161756, 4.611438, -0.046071, 0.997357, -0.056186, -44.747181, 0.159281, 0.062861, 0.985230, -2.859722, 0.992776, 0.071031, 0.096697, 3.258336
  DIP #84
    decl=0x0fc25260
    type=4
    baseVtx=0
    numVerts=104
    primCount=126
    stride0=64
    [SKINNED]
    boneStart=0
    numBones=0
    hasNormal=1
    hasTexcoord=1
    tcType=1
    tex0
     =0x1c143d80
    tex1
     =0x1c144460
    tex2
     =0x1bd108a0
    tex3
     =0x0fc0dda0
    tex4
     =0x1c1445a0
    tex5
     =0x4a6207e0
    tex6
     =0x4a620900
    tex7
     =0x32aa49a0
  SetVSConstF start=76
    count=1
    data: -57.282280, -3.544752, 34.345776, 0.000000
  SetVSConstF start=77
    count=1
    data: 0.010000, 0.000000, 0.000000, 0.000000
  SetVSConstF start=72
    count=4
    c72-c75:
  row0: -0.755793, 0.119468, -0.244641, 4.635921
  row1: -0.075349, 1.175870, 0.807005, -93.356522
  row2: 0.334773, 0.547698, -0.766782, 68.312469
  row3: 0.334773, 0.547698, -0.766782, 72.612518
  SetVSConstF start=78
    count=1
    data: -22.328409, 13.194021, 94.373344, 0.000000
  SetVSConstF start=0
    count=72
    (large write, first 4x4):
      0.982699, 0.085911, -0.164079, 0.903763, -0.054236, 0.980558, 0.188587, 1.682378, 0.177091, -0.176425, 0.968252, 1.892537, 0.982699, 0.085911, -0.164079, 0.903763
  DIP #85
    decl=0x0fc25260
    type=4
    baseVtx=0
    numVerts=505
    primCount=530
    stride0=64
    [SKINNED]
    boneStart=0
    numBones=0
    hasNormal=1
    hasTexcoord=1
    tcType=1
    tex0
     =0x1c160ee0
    tex1
     =0x1c1616e0
    tex2
     =0x1c160340
    tex3
     =0x0fc0dda0
    tex4
     =0x1c1445a0
    tex5
     =0x4a6207e0
    tex6
     =0x4a620900
    tex7
     =0x32aa49a0
  SetVSConstF start=0
    count=72
    (large write, first 4x4):
      0.982699, 0.085911, -0.164079, 0.903763, -0.054236, 0.980558, 0.188587, 1.682378, 0.177091, -0.176425, 0.968252, 1.892537, 0.982699, 0.085911, -0.164079, 0.903763
  DIP #86
    decl=0x0fc25260
    type=4
    baseVtx=0
    numVerts=554
    primCount=566
    stride0=64
    [SKINNED]
    boneStart=0
    numBones=0
    hasNormal=1
    hasTexcoord=1
    tcType=1
    tex0
     =0x1c160ee0
    tex1
     =0x1c1616e0
    tex2
     =0x1c160340
    tex3
     =0x0fc0dda0
    tex4
     =0x1c1445a0
    tex5
     =0x4a6207e0
    tex6
     =0x4a620900
    tex7
     =0x32aa49a0
  SetVS shader=0x2de7de80
  SetVSConstF start=0
    count=10
    (large write, first 4x4):
      -0.755793, 0.119468, -0.244641, 4.635921, -0.075349, 1.175870, 0.807005, -93.356522, 0.334773, 0.547698, -0.766782, 68.312469, 0.334773, 0.547698, -0.766782, 72.612518
  SetVSConstF start=7
    count=1
    data: -0.000193, 79.999634, 59.999409, 0.000000
  SetVSConstF start=8
    count=1
    data: 0.010000, 0.000000, 0.000000, 0.000000
  SetVSConstF start=4
    count=3
  SetVSConstF start=0
    count=4
    c0-c3:
  row0: -0.761064, 0.000000, -0.257150, 54.532631
  row1: -0.174805, 1.319618, 0.517355, -202.102081
  row2: 0.295778, 0.382376, -0.875388, 42.791912
  row3: 0.295778, 0.382376, -0.875388, 47.091961
  SetVSConstF start=9
    count=1
    data: 33.060577, 112.752319, 114.216698, 0.000000
  DIP #87
    decl=0x32acc4a0
    type=4
    baseVtx=40563
    numVerts=264
    primCount=198
    stride0=56
    hasNormal=1
    hasTexcoord=1
    tcType=1
    tex0
     =0x4a620580
    tex1
     =0x4a61f560
    tex2
     =0x4a6206c0
    tex3
     =0x2be41220
    tex4
     =0x4a620900
    tex5
     =0x4a6207e0
    tex6
     =0x4a620900
    tex7
     =0x32aa49a0
  SetVSConstF start=7
    count=1
    data: -84.000679, -0.000488, -62.001080, 0.000000
  SetVSConstF start=8
    count=1
    data: 0.010000, 0.000000, 0.000000, 0.000000
  SetVSConstF start=4
    count=3
  SetVSConstF start=0
    count=4
    c0-c3:
  row0: -0.761064, 0.000000, -0.257150, -40.769024
  row1: -0.174805, 1.319618, 0.517355, -48.098881
  row2: 0.295778, 0.382376, -0.875388, -8.569988
  row3: 0.295778, 0.382376, -0.875388, -4.269940
  SetVSConstF start=9
    count=1
    data: -50.939911, 32.752197, -7.783788, 0.000000
  DIP #88
    decl=0x32acc4a0
    type=4
    baseVtx=40563
    numVerts=114
    primCount=94
    stride0=56
    hasNormal=1
    hasTexcoord=1
    tcType=1
    tex0
     =0x4a620580
    tex1
     =0x4a61f560
    tex2
     =0x4a6206c0
    tex3
     =0x2be41220
    tex4
     =0x4a620900
    tex5
     =0x4a6207e0
    tex6
     =0x4a620900
    tex7
     =0x32aa49a0
  SetVSConstF start=7
    count=1
    data: -0.000193, 79.999634, 59.999409, 0.000000
  SetVSConstF start=8
    count=1
    data: 0.010000, 0.000000, 0.000000, 0.000000
  SetVSConstF start=4
    count=3
  SetVSConstF start=0
    count=4
    c0-c3:
  row0: -0.761064, 0.000000, -0.257150, 54.532631
  row1: -0.174805, 1.319618, 0.517355, -202.102081
  row2: 0.295778, 0.382376, -0.875388, 42.791912
  row3: 0.295778, 0.382376, -0.875388, 47.091961
  SetVSConstF start=9
    count=1
    data: 33.060577, 112.752319, 114.216698, 0.000000
  DIP #89
    decl=0x32acc4a0
    type=4
    baseVtx=40941
    numVerts=409
    primCount=352
    stride0=56
    hasNormal=1
    hasTexcoord=1
    tcType=1
    tex0
     =0x4a620580
    tex1
     =0x4a61f560
    tex2
     =0x4a6206c0
    tex3
     =0x2be41220
    tex4
     =0x4a620900
    tex5
     =0x4a6207e0
    tex6
     =0x4a620900
    tex7
     =0x32aa49a0
  SetVS shader=0x1c159a00
  SetVSConstF start=0
    count=10
    (large write, first 4x4):
      -0.761064, 0.000000, -0.257150, 54.532631, -0.174805, 1.319618, 0.517355, -202.102081, 0.295778, 0.382376, -0.875388, 42.791912, 0.295778, 0.382376, -0.875388, 47.091961
  DIP #90
    decl=0x32acc4a0
    type=4
    baseVtx=25611
    numVerts=46
    primCount=32
    stride0=56
    hasNormal=1
    hasTexcoord=1
    tcType=1
    tex0
     =0x0fcb51a0
    tex1
     =0x0fcb51a0
    tex2
     =0x2be41220
    tex3
     =0x4a6207e0
    tex4
     =0x4a620900
    tex5
     =0x4a6207e0
    tex6
     =0x4a620900
    tex7
     =0x32aa49a0
  SetVSConstF start=7
    count=1
    data: -84.000679, -0.000488, -62.001080, 0.000000
  SetVSConstF start=8
    count=1
    data: 0.010000, 0.000000, 0.000000, 0.000000
  SetVSConstF start=4
    count=3
  SetVSConstF start=0
    count=4
    c0-c3:
  row0: -0.761064, 0.000000, -0.257150, -40.769024
  row1: -0.174805, 1.319618, 0.517355, -48.098881
  row2: 0.295778, 0.382376, -0.875388, -8.569988
  row3: 0.295778, 0.382376, -0.875388, -4.269940
  SetVSConstF start=9
    count=1
    data: -50.939911, 32.752197, -7.783788, 0.000000
  DIP #91
    decl=0x32acc4a0
    type=4
    baseVtx=25611
    numVerts=12
    primCount=8
    stride0=56
    hasNormal=1
    hasTexcoord=1
    tcType=1
    tex0
     =0x0fcb51a0
    tex1
     =0x0fcb51a0
    tex2
     =0x2be41220
    tex3
     =0x4a6207e0
    tex4
     =0x4a620900
    tex5
     =0x4a6207e0
    tex6
     =0x4a620900
    tex7
     =0x32aa49a0
  SetVS shader=0x0f7b53a0
  SetVSConstF start=0
    count=12
    (large write, first 4x4):
      -0.471408, -0.166932, 0.499908, 2262.770020, -0.316642, -0.632175, -0.009598, -1.489868, -0.000887, -0.000295, 0.000000, 2.197111, -0.948876, -0.315649, 0.000000, 2380.909180
  SetVSConstF start=8
    count=1
    data: 2996.100586, -1471.000000, -2190.000000, 0.000000
  SetVSConstF start=10
    count=1
    data: 0.000909, 0.000000, 0.000000, 0.000000
  SetVSConstF start=0
    count=4
    c0-c3:
  row0: -0.471408, -0.166932, 0.499908, 2261.626709
  row1: -0.316642, -0.632175, -0.009598, -2.257812
  row2: -0.000887, -0.000295, 0.000000, 2.194961
  row3: -0.948876, -0.315649, 0.000000, 2378.607910
  SetVSConstF start=9
    count=1
    data: -0.000887, -0.000295, 0.000000, 2.194961
  SetVSConstF start=4
    count=4
    c4-c7:
  row0: 0.257150, 0.000000, -0.761064, -2448.217529
  row1: -0.517355, 1.319618, -0.174805, 3123.982910
  row2: 0.875388, 0.382376, 0.295778, -1568.098999
  row3: 0.875388, 0.382376, 0.295778, -1563.798950
  SetVSConstF start=11
    count=1
    data: 3136.883301, -1423.247314, -2156.939209, 0.000000
  DIP #92
    decl=0x32acc4a0
    type=4
    baseVtx=146967
    numVerts=4
    primCount=2
    stride0=56
    hasNormal=1
    hasTexcoord=1
    tcType=1
    tex0
     =0x4a629180
    tex1
     =0x04d4d180
    tex2
     =0x32a9f660
    tex3
     =0x32a9f780
    tex4
     =0x32aa0440
    tex5
     =0x4a6207e0
    tex6
     =0x4a620900
    tex7
     =0x32aa49a0
  DIP #93
    decl=0x32acc4a0
    type=4
    baseVtx=110797
    numVerts=329
    primCount=233
    stride0=56
    hasNormal=1
    hasTexcoord=1
    tcType=1
    tex0
     =0x4a629180
    tex1
     =0x04d4d180
    tex2
     =0x2de82bc0
    tex3
     =0x2de84660
    tex4
     =0x2de840a0
    tex5
     =0x4a6207e0
    tex6
     =0x4a620900
    tex7
     =0x32aa49a0
  DIP #94
    decl=0x32acc4a0
    type=4
    baseVtx=110455
    numVerts=13
    primCount=11
    stride0=56
    hasNormal=1
    hasTexcoord=1
    tcType=1
    tex0
     =0x4a629180
    tex1
     =0x04d4d180
    tex2
     =0x2de82160
    tex3
     =0x2de80920
    tex4
     =0x2de81cc0
    tex5
     =0x4a6207e0
    tex6
     =0x4a620900
    tex7
     =0x32aa49a0
  DIP #95
    decl=0x32acc4a0
    type=4
    baseVtx=111858
    numVerts=359
    primCount=199
    stride0=56
    hasNormal=1
    hasTexcoord=1
    tcType=1
    tex0
     =0x4a629180
    tex1
     =0x04d4d180
    tex2
     =0x2de82e20
    tex3
     =0x2de84b00
    tex4
     =0x2de840a0
    tex5
     =0x4a6207e0
    tex6
     =0x4a620900
    tex7
     =0x32aa49a0
  DIP #96
    decl=0x32acc4a0
    type=4
    baseVtx=138214
    numVerts=24
    primCount=12
    stride0=56
    hasNormal=1
    hasTexcoord=1
    tcType=1
    tex0
     =0x4a629180
    tex1
     =0x04d4d180
    tex2
     =0x2de7eb00
    tex3
     =0x2de7e9e0
    tex4
     =0x2de85d80
    tex5
     =0x4a6207e0
    tex6
     =0x4a620900
    tex7
     =0x32aa49a0
  DIP #97
    decl=0x32acc4a0
    type=4
    baseVtx=139094
    numVerts=21
    primCount=13
    stride0=56
    hasNormal=1
    hasTexcoord=1
    tcType=1
    tex0
     =0x4a629180
    tex1
     =0x04d4d180
    tex2
     =0x2de7e660
    tex3
     =0x2de7f320
    tex4
     =0x2de7e8c0
    tex5
     =0x4a6207e0
    tex6
     =0x4a620900
    tex7
     =0x32aa49a0
  DIP #98
    decl=0x32acc4a0
    type=4
    baseVtx=139035
    numVerts=4
    primCount=2
    stride0=56
    hasNormal=1
    hasTexcoord=1
    tcType=1
    tex0
     =0x4a629180
    tex1
     =0x04d4d180
    tex2
     =0x2de7e540
    tex3
     =0x2de7f200
    tex4
     =0x2de7e7a0
    tex5
     =0x4a6207e0
    tex6
     =0x4a620900
    tex7
     =0x32aa49a0
  DIP #99
    decl=0x32acc4a0
    type=4
    baseVtx=138482
    numVerts=40
    primCount=20
    stride0=56
    hasNormal=1
    hasTexcoord=1
    tcType=1
    tex0
     =0x4a629180
    tex1
     =0x04d4d180
    tex2
     =0x2de7f8e0
    tex3
     =0x2de7e9e0
    tex4
     =0x2de85d80
    tex5
     =0x4a6207e0
    tex6
     =0x4a620900
    tex7
     =0x32aa49a0
  DIP #100
    decl=0x32acc4a0
    type=4
    baseVtx=112827
    numVerts=7
    primCount=5
    stride0=56
    hasNormal=1
    hasTexcoord=1
    tcType=1
    tex0
     =0x4a629180
    tex1
     =0x04d4d180
    tex2
     =0x2de83880
    tex3
     =0x2de84c20
    tex4
     =0x2de84fa0
    tex5
     =0x4a6207e0
    tex6
     =0x4a620900
    tex7
     =0x32aa49a0
  DIP #101
    decl=0x32acc4a0
    type=4
    baseVtx=122419
    numVerts=552
    primCount=288
    stride0=56
    hasNormal=1
    hasTexcoord=1
    tcType=1
    tex0
     =0x4a629180
    tex1
     =0x04d4d180
    tex2
     =0x32a9c4a0
    tex3
     =0x32a9bc80
    tex4
     =0x32a9bb60
    tex5
     =0x4a6207e0
    tex6
     =0x4a620900
    tex7
     =0x32aa49a0
  SetVSConstF start=8
    count=1
    data: -0.000263, 64.999634, 254.999390, 0.000000
  SetVSConstF start=10
    count=1
    data: 0.000909, 0.000000, 0.000000, 0.000000
  SetVSConstF start=0
    count=4
    c0-c3:
  row0: 0.499908, -0.166932, 0.471408, -109.358459
  row1: -0.009598, -0.632175, 0.316642, -39.652416
  row2: -0.000000, -0.000295, 0.000887, -0.234996
  row3: -0.000000, -0.315649, 0.948876, -221.446182
  SetVSConstF start=9
    count=1
    data: -0.000000, -0.000295, 0.000887, -0.234996
  SetVSConstF start=4
    count=4
    c4-c7:
  row0: -0.761064, 0.000000, -0.257150, 54.532631
  row1: -0.174805, 1.319618, 0.517355, -202.102081
  row2: 0.295778, 0.382376, -0.875388, 42.791912
  row3: 0.295778, 0.382376, -0.875388, 47.091961
  SetVSConstF start=11
    count=1
    data: 33.060577, 112.752319, 114.216698, 0.000000
  DIP #102
    decl=0x32acc4a0
    type=4
    baseVtx=245195
    numVerts=261
    primCount=244
    stride0=56
    hasNormal=1
    hasTexcoord=1
    tcType=1
    tex0
     =0x4a629180
    tex1
     =0x04d4d180
    tex2
     =0x4a623180
    tex3
     =0x4a6224c0
    tex4
     =0x4a622960
    tex5
     =0x4a6207e0
    tex6
     =0x4a620900
    tex7
     =0x32aa49a0
  DIP #103
    decl=0x32acc4a0
    type=4
    baseVtx=244936
    numVerts=259
    primCount=165
    stride0=56
    hasNormal=1
    hasTexcoord=1
    tcType=1
    tex0
     =0x4a629180
    tex1
     =0x04d4d180
    tex2
     =0x4a620460
    tex3
     =0x4a61ffc0
    tex4
     =0x4a620da0
    tex5
     =0x4a6207e0
    tex6
     =0x4a620900
    tex7
     =0x32aa49a0
  DIP #104
    decl=0x32acc4a0
    type=4
    baseVtx=245456
    numVerts=4
    primCount=2
    stride0=56
    hasNormal=1
    hasTexcoord=1
    tcType=1
    tex0
     =0x4a629180
    tex1
     =0x04d4d180
    tex2
     =0x0fcb51a0
    tex3
     =0x1bf959e0
    tex4
     =0x0f79a860
    tex5
     =0x4a6207e0
    tex6
     =0x4a620900
    tex7
     =0x32aa49a0
  SetVS shader=0x0fb3c920
  SetVSConstF start=0
    count=12
    (large write, first 4x4):
      0.499908, -0.166932, 0.471408, -109.358459, -0.009598, -0.632175, 0.316642, -39.652416, -0.000000, -0.000295, 0.000887, -0.234996, -0.000000, -0.315649, 0.948876, -221.446182
  SetVSConstF start=8
    count=1
    data: 2996.100586, -1471.000000, -2190.000000, 0.000000
  SetVSConstF start=10
    count=1
    data: 0.000909, 0.000000, 0.000000, 0.000000
  SetVSConstF start=0
    count=4
    c0-c3:
  row0: -0.471408, -0.166932, 0.499908, 2261.626709
  row1: -0.316642, -0.632175, -0.009598, -2.257812
  row2: -0.000887, -0.000295, 0.000000, 2.194961
  row3: -0.948876, -0.315649, 0.000000, 2378.607910
  SetVSConstF start=9
    count=1
    data: -0.000887, -0.000295, 0.000000, 2.194961
  SetVSConstF start=4
    count=4
    c4-c7:
  row0: 0.257150, 0.000000, -0.761064, -2448.217529
  row1: -0.517355, 1.319618, -0.174805, 3123.982910
  row2: 0.875388, 0.382376, 0.295778, -1568.098999
  row3: 0.875388, 0.382376, 0.295778, -1563.798950
  SetVSConstF start=11
    count=1
    data: 3136.883301, -1423.247314, -2156.939209, 0.000000
  DIP #105
    decl=0x32acc4a0
    type=4
    baseVtx=44654
    numVerts=39
    primCount=21
    stride0=56
    hasNormal=1
    hasTexcoord=1
    tcType=1
    tex0
     =0x4a629180
    tex1
     =0x04d4d180
    tex2
     =0x0f79a620
    tex3
     =0x0fcb51a0
    tex4
     =0x0f79a860
    tex5
     =0x4a6207e0
    tex6
     =0x4a620900
    tex7
     =0x32aa49a0
  SetVSConstF start=8
    count=1
    data: -0.000263, 64.999634, 254.999390, 0.000000
  SetVSConstF start=10
    count=1
    data: 0.000909, 0.000000, 0.000000, 0.000000
  SetVSConstF start=0
    count=4
    c0-c3:
  row0: 0.499908, -0.166932, 0.471408, -109.358459
  row1: -0.009598, -0.632175, 0.316642, -39.652416
  row2: -0.000000, -0.000295, 0.000887, -0.234996
  row3: -0.000000, -0.315649, 0.948876, -221.446182
  SetVSConstF start=9
    count=1
    data: -0.000000, -0.000295, 0.000887, -0.234996
  SetVSConstF start=4
    count=4
    c4-c7:
  row0: -0.761064, 0.000000, -0.257150, 54.532631
  row1: -0.174805, 1.319618, 0.517355, -202.102081
  row2: 0.295778, 0.382376, -0.875388, 42.791912
  row3: 0.295778, 0.382376, -0.875388, 47.091961
  SetVSConstF start=11
    count=1
    data: 33.060577, 112.752319, 114.216698, 0.000000
  DIP #106
    decl=0x32acc4a0
    type=4
    baseVtx=105089
    numVerts=763
    primCount=616
    stride0=56
    hasNormal=1
    hasTexcoord=1
    tcType=1
    tex0
     =0x4a629180
    tex1
     =0x04d4d180
    tex2
     =0x4a61e9c0
    tex3
     =0x4a61efa0
    tex4
     =0x4a61f1e0
    tex5
     =0x4a6207e0
    tex6
     =0x4a620900
    tex7
     =0x32aa49a0
  DIP #107
    decl=0x32acc4a0
    type=4
    baseVtx=105881
    numVerts=352
    primCount=288
    stride0=56
    hasNormal=1
    hasTexcoord=1
    tcType=1
    tex0
     =0x4a629180
    tex1
     =0x04d4d180
    tex2
     =0x4a6215c0
    tex3
     =0x4a6225e0
    tex4
     =0x4a622f20
    tex5
     =0x4a6207e0
    tex6
     =0x4a620900
    tex7
     =0x32aa49a0
  SetVS shader=0x2de7b600
  SetVSConstF start=0
    count=15
    (large write, first 4x4):
      0.499908, -0.166932, 0.471408, -109.358459, -0.009598, -0.632175, 0.316642, -39.652416, -0.000000, -0.000295, 0.000887, -0.234996, -0.000000, -0.315649, 0.948876, -221.446182
  DIP #108
    decl=0x32acc4a0
    type=4
    baseVtx=40563
    numVerts=264
    primCount=198
    stride0=56
    hasNormal=1
    hasTexcoord=1
    tcType=1
    tex0
     =0x4a629180
    tex1
     =0x04d4d180
    tex2
     =0x4a620580
    tex3
     =0x4a61f560
    tex4
     =0x4a6206c0
    tex5
     =0x2be41220
    tex6
     =0x4a620900
    tex7
     =0x32aa49a0
  DIP #109
    decl=0x32acc4a0
    type=4
    baseVtx=40941
    numVerts=409
    primCount=352
    stride0=56
    hasNormal=1
    hasTexcoord=1
    tcType=1
    tex0
     =0x4a629180
    tex1
     =0x04d4d180
    tex2
     =0x4a620580
    tex3
     =0x4a61f560
    tex4
     =0x4a6206c0
    tex5
     =0x2be41220
    tex6
     =0x4a620900
    tex7
     =0x32aa49a0
  SetVS shader=0x1c158340
  SetVSConstF start=0
    count=15
    (large write, first 4x4):
      0.499908, -0.166932, 0.471408, -109.358459, -0.009598, -0.632175, 0.316642, -39.652416, -0.000000, -0.000295, 0.000887, -0.234996, -0.000000, -0.315649, 0.948876, -221.446182
  DIP #110
    decl=0x32acc4a0
    type=4
    baseVtx=25611
    numVerts=46
    primCount=32
    stride0=56
    hasNormal=1
    hasTexcoord=1
    tcType=1
    tex0
     =0x4a629180
    tex1
     =0x04d4d180
    tex2
     =0x0fcb51a0
    tex3
     =0x0fcb51a0
    tex4
     =0x2be41220
    tex5
     =0x4a6207e0
    tex6
     =0x4a620900
    tex7
     =0x32aa49a0
  SetVS shader=0x2de771c0
  SetVSConstF start=0
    count=12
    (large write, first 4x4):
      0.499908, -0.166932, 0.471408, -109.358459, -0.009598, -0.632175, 0.316642, -39.652416, -0.000000, -0.000295, 0.000887, -0.234996, -0.000000, -0.315649, 0.948876, -221.446182
  SetVSConstF start=8
    count=1
    data: 2996.100586, -1471.000000, -2190.000000, 0.000000
  SetVSConstF start=10
    count=1
    data: 0.000909, 0.000000, 0.000000, 0.000000
  SetVSConstF start=0
    count=4
    c0-c3:
  row0: -0.471408, -0.166932, 0.499908, 2261.626709
  row1: -0.316642, -0.632175, -0.009598, -2.257812
  row2: -0.000887, -0.000295, 0.000000, 2.194961
  row3: -0.948876, -0.315649, 0.000000, 2378.607910
  SetVSConstF start=9
    count=1
    data: -0.000887, -0.000295, 0.000000, 2.194961
  SetVSConstF start=4
    count=4
    c4-c7:
  row0: 0.257150, 0.000000, -0.761064, -2448.217529
  row1: -0.517355, 1.319618, -0.174805, 3123.982910
  row2: 0.875388, 0.382376, 0.295778, -1568.098999
  row3: 0.875388, 0.382376, 0.295778, -1563.798950
  SetVSConstF start=11
    count=1
    data: 3136.883301, -1423.247314, -2156.939209, 0.000000
  DIP #111
    decl=0x32acc4a0
    type=4
    baseVtx=3403
    numVerts=297
    primCount=153
    stride0=56
    hasNormal=1
    hasTexcoord=1
    tcType=1
    tex0
     =0x4a629180
    tex1
     =0x04d4d180
    tex2
     =0x2de7f0e0
    tex3
     =0x2de7f440
    tex4
     =0x2de80100
    tex5
     =0x4a6207e0
    tex6
     =0x4a620900
    tex7
     =0x32aa49a0
  SetVS shader=0x0f7b3ce0
  SetVSConstF start=0
    count=9
    (large write, first 4x4):
      0.257150, 0.000000, -0.761064, -2448.217529, -0.517355, 1.319618, -0.174805, 3123.982910, 0.875388, 0.382376, 0.295778, -1568.098999, 0.875388, 0.382376, 0.295778, -1563.798950
  SetVSConstF start=7
    count=1
    data: -0.128598, -0.811064, -0.570644, 0.000000
  SetVSConstF start=4
    count=3
  SetVSConstF start=0
    count=4
    c0-c3:
  row0: 0.257150, 0.000000, -0.761064, -2448.217529
  row1: -0.517355, 1.319618, -0.174805, 3123.982910
  row2: 0.875388, 0.382376, 0.295778, -1568.098999
  row3: 0.875388, 0.382376, 0.295778, -1563.798950
  SetVSConstF start=8
    count=1
    data: 3136.883301, -1423.247314, -2156.939209, 0.000000
  DIP #112
    decl=0x32acc4a0
    type=4
    baseVtx=146967
    numVerts=4
    primCount=2
    stride0=56
    hasNormal=1
    hasTexcoord=1
    tcType=1
    tex0
     =0x1bf502a0
    tex1
     =0x1bf502a0
    tex2
     =0x0fb51b20
    tex3
     =0x32a9f660
    tex4
     =0x32a9f780
    tex5
     =0x32aa0440
    tex6
     =0x4a620900
    tex7
     =0x32aa49a0
  DIP #113
    decl=0x32acc4a0
    type=4
    baseVtx=110797
    numVerts=329
    primCount=233
    stride0=56
    hasNormal=1
    hasTexcoord=1
    tcType=1
    tex0
     =0x1bf502a0
    tex1
     =0x1bf502a0
    tex2
     =0x0fb51b20
    tex3
     =0x2de82bc0
    tex4
     =0x2de84660
    tex5
     =0x2de840a0
    tex6
     =0x4a620900
    tex7
     =0x32aa49a0
  DIP #114
    decl=0x32acc4a0
    type=4
    baseVtx=110455
    numVerts=13
    primCount=11
    stride0=56
    hasNormal=1
    hasTexcoord=1
    tcType=1
    tex0
     =0x1bf502a0
    tex1
     =0x1bf502a0
    tex2
     =0x0fb51b20
    tex3
     =0x2de82160
    tex4
     =0x2de80920
    tex5
     =0x2de81cc0
    tex6
     =0x4a620900
    tex7
     =0x32aa49a0
  DIP #115
    decl=0x32acc4a0
    type=4
    baseVtx=111858
    numVerts=359
    primCount=199
    stride0=56
    hasNormal=1
    hasTexcoord=1
    tcType=1
    tex0
     =0x1bf502a0
    tex1
     =0x1bf502a0
    tex2
     =0x0fb51b20
    tex3
     =0x2de82e20
    tex4
     =0x2de84b00
    tex5
     =0x2de840a0
    tex6
     =0x4a620900
    tex7
     =0x32aa49a0
  DIP #116
    decl=0x32acc4a0
    type=4
    baseVtx=138214
    numVerts=24
    primCount=12
    stride0=56
    hasNormal=1
    hasTexcoord=1
    tcType=1
    tex0
     =0x1bf502a0
    tex1
     =0x1bf502a0
    tex2
     =0x0fb51b20
    tex3
     =0x2de7eb00
    tex4
     =0x2de7e9e0
    tex5
     =0x2de85d80
    tex6
     =0x4a620900
    tex7
     =0x32aa49a0
  DIP #117
    decl=0x32acc4a0
    type=4
    baseVtx=139094
    numVerts=21
    primCount=13
    stride0=56
    hasNormal=1
    hasTexcoord=1
    tcType=1
    tex0
     =0x1bf502a0
    tex1
     =0x1bf502a0
    tex2
     =0x0fb51b20
    tex3
     =0x2de7e660
    tex4
     =0x2de7f320
    tex5
     =0x2de7e8c0
    tex6
     =0x4a620900
    tex7
     =0x32aa49a0
  DIP #118
    decl=0x32acc4a0
    type=4
    baseVtx=139035
    numVerts=4
    primCount=2
    stride0=56
    hasNormal=1
    hasTexcoord=1
    tcType=1
    tex0
     =0x1bf502a0
    tex1
     =0x1bf502a0
    tex2
     =0x0fb51b20
    tex3
     =0x2de7e540
    tex4
     =0x2de7f200
    tex5
     =0x2de7e7a0
    tex6
     =0x4a620900
    tex7
     =0x32aa49a0
  DIP #119
    decl=0x32acc4a0
    type=4
    baseVtx=138482
    numVerts=40
    primCount=20
    stride0=56
    hasNormal=1
    hasTexcoord=1
    tcType=1
    tex0
     =0x1bf502a0
    tex1
     =0x1bf502a0
    tex2
     =0x0fb51b20
    tex3
     =0x2de7f8e0
    tex4
     =0x2de7e9e0
    tex5
     =0x2de85d80
    tex6
     =0x4a620900
    tex7
     =0x32aa49a0
  DIP #120
    decl=0x32acc4a0
    type=4
    baseVtx=112827
    numVerts=7
    primCount=5
    stride0=56
    hasNormal=1
    hasTexcoord=1
    tcType=1
    tex0
     =0x1bf502a0
    tex1
     =0x1bf502a0
    tex2
     =0x0fb51b20
    tex3
     =0x2de83880
    tex4
     =0x2de84c20
    tex5
     =0x2de84fa0
    tex6
     =0x4a620900
    tex7
     =0x32aa49a0
  DIP #121
    decl=0x32acc4a0
    type=4
    baseVtx=142763
    numVerts=16
    primCount=8
    stride0=56
    hasNormal=1
    hasTexcoord=1
    tcType=1
    tex0
     =0x1bf502a0
    tex1
     =0x1bf502a0
    tex2
     =0x0fb51b20
    tex3
     =0x32a9a7c0
    tex4
     =0x32a98ae0
    tex5
     =0x32a9a320
    tex6
     =0x4a620900
    tex7
     =0x32aa49a0
  DIP #122
    decl=0x32acc4a0
    type=4
    baseVtx=122419
    numVerts=552
    primCount=288
    stride0=56
    hasNormal=1
    hasTexcoord=1
    tcType=1
    tex0
     =0x1bf502a0
    tex1
     =0x1bf502a0
    tex2
     =0x0fb51b20
    tex3
     =0x32a9c4a0
    tex4
     =0x32a9bc80
    tex5
     =0x32a9bb60
    tex6
     =0x4a620900
    tex7
     =0x32aa49a0
  SetVS shader=0x0fb3c400
  SetVSConstF start=0
    count=9
    (large write, first 4x4):
      0.257150, 0.000000, -0.761064, -2448.217529, -0.517355, 1.319618, -0.174805, 3123.982910, 0.875388, 0.382376, 0.295778, -1568.098999, 0.875388, 0.382376, 0.295778, -1563.798950
  DIP #123
    decl=0x32acc4a0
    type=4
    baseVtx=44654
    numVerts=39
    primCount=21
    stride0=56
    hasNormal=1
    hasTexcoord=1
    tcType=1
    tex0
     =0x1bf502a0
    tex1
     =0x1bf502a0
    tex2
     =0x0fb51b20
    tex3
     =0x0f79a620
    tex4
     =0x0fcb51a0
    tex5
     =0x0f79a860
    tex6
     =0x4a620900
    tex7
     =0x32aa49a0
  SetVS shader=0x2de780e0
  SetVSConstF start=0
    count=9
    (large write, first 4x4):
      0.257150, 0.000000, -0.761064, -2448.217529, -0.517355, 1.319618, -0.174805, 3123.982910, 0.875388, 0.382376, 0.295778, -1568.098999, 0.875388, 0.382376, 0.295778, -1563.798950
  DIP #124
    decl=0x32acc4a0
    type=4
    baseVtx=3403
    numVerts=297
    primCount=153
    stride0=56
    hasNormal=1
    hasTexcoord=1
    tcType=1
    tex0
     =0x1bf502a0
    tex1
     =0x1bf502a0
    tex2
     =0x0fb51b20
    tex3
     =0x2de7f0e0
    tex4
     =0x2de7f440
    tex5
     =0x2de80100
    tex6
     =0x4a620900
    tex7
     =0x32aa49a0
  SetVS shader=0x0f7b58c0
  SetVSConstF start=0
    count=10
    (large write, first 4x4):
      0.257150, 0.000000, -0.761064, -2448.217529, -0.517355, 1.319618, -0.174805, 3123.982910, 0.875388, 0.382376, 0.295778, -1568.098999, 0.875388, 0.382376, 0.295778, -1563.798950
  SetVSConstF start=4
    count=3
  SetVSConstF start=7
    count=3
  SetVSConstF start=0
    count=4
    c0-c3:
  row0: 0.257150, 0.000000, -0.761064, -2448.217529
  row1: -0.517355, 1.319618, -0.174805, 3123.982910
  row2: 0.875388, 0.382376, 0.295778, -1568.098999
  row3: 0.875388, 0.382376, 0.295778, -1563.798950
  DIP #125
    decl=0x32acc4a0
    type=4
    baseVtx=146967
    numVerts=4
    primCount=2
    stride0=56
    hasNormal=1
    hasTexcoord=1
    tcType=1
    tex0
     =0x32a9f660
    tex1
     =0x32aa0440
    tex2
     =0x0fb51b20
    tex3
     =0x2de7f0e0
    tex4
     =0x2de7f440
    tex5
     =0x2de80100
    tex6
     =0x4a620900
    tex7
     =0x32aa49a0
  DIP #126
    decl=0x32acc4a0
    type=4
    baseVtx=110797
    numVerts=329
    primCount=233
    stride0=56
    hasNormal=1
    hasTexcoord=1
    tcType=1
    tex0
     =0x2de82bc0
    tex1
     =0x2de840a0
    tex2
     =0x0fb51b20
    tex3
     =0x2de7f0e0
    tex4
     =0x2de7f440
    tex5
     =0x2de80100
    tex6
     =0x4a620900
    tex7
     =0x32aa49a0
  DIP #127
    decl=0x32acc4a0
    type=4
    baseVtx=110455
    numVerts=13
    primCount=11
    stride0=56
    hasNormal=1
    hasTexcoord=1
    tcType=1
    tex0
     =0x2de82160
    tex1
     =0x2de81cc0
    tex2
     =0x0fb51b20
    tex3
     =0x2de7f0e0
    tex4
     =0x2de7f440
    tex5
     =0x2de80100
    tex6
     =0x4a620900
    tex7
     =0x32aa49a0
  DIP #128
    decl=0x32acc4a0
    type=4
    baseVtx=111858
    numVerts=359
    primCount=199
    stride0=56
    hasNormal=1
    hasTexcoord=1
    tcType=1
    tex0
     =0x2de82e20
    tex1
     =0x2de840a0
    tex2
     =0x0fb51b20
    tex3
     =0x2de7f0e0
    tex4
     =0x2de7f440
    tex5
     =0x2de80100
    tex6
     =0x4a620900
    tex7
     =0x32aa49a0
  DIP #129
    decl=0x32acc4a0
    type=4
    baseVtx=138214
    numVerts=24
    primCount=12
    stride0=56
    hasNormal=1
    hasTexcoord=1
    tcType=1
    tex0
     =0x2de7eb00
    tex1
     =0x2de85d80
    tex2
     =0x0fb51b20
    tex3
     =0x2de7f0e0
    tex4
     =0x2de7f440
    tex5
     =0x2de80100
    tex6
     =0x4a620900
    tex7
     =0x32aa49a0
  DIP #130
    decl=0x32acc4a0
    type=4
    baseVtx=139094
    numVerts=21
    primCount=13
    stride0=56
    hasNormal=1
    hasTexcoord=1
    tcType=1
    tex0
     =0x2de7e660
    tex1
     =0x2de7e8c0
    tex2
     =0x0fb51b20
    tex3
     =0x2de7f0e0
    tex4
     =0x2de7f440
    tex5
     =0x2de80100
    tex6
     =0x4a620900
    tex7
     =0x32aa49a0
  DIP #131
    decl=0x32acc4a0
    type=4
    baseVtx=139035
    numVerts=4
    primCount=2
    stride0=56
    hasNormal=1
    hasTexcoord=1
    tcType=1
    tex0
     =0x2de7e540
    tex1
     =0x2de7e7a0
    tex2
     =0x0fb51b20
    tex3
     =0x2de7f0e0
    tex4
     =0x2de7f440
    tex5
     =0x2de80100
    tex6
     =0x4a620900
    tex7
     =0x32aa49a0
  DIP #132
    decl=0x32acc4a0
    type=4
    baseVtx=138482
    numVerts=40
    primCount=20
    stride0=56
    hasNormal=1
    hasTexcoord=1
    tcType=1
    tex0
     =0x2de7f8e0
    tex1
     =0x2de85d80
    tex2
     =0x0fb51b20
    tex3
     =0x2de7f0e0
    tex4
     =0x2de7f440
    tex5
     =0x2de80100
    tex6
     =0x4a620900
    tex7
     =0x32aa49a0
  DIP #133
    decl=0x32acc4a0
    type=4
    baseVtx=112827
    numVerts=7
    primCount=5
    stride0=56
    hasNormal=1
    hasTexcoord=1
    tcType=1
    tex0
     =0x2de83880
    tex1
     =0x2de84fa0
    tex2
     =0x0fb51b20
    tex3
     =0x2de7f0e0
    tex4
     =0x2de7f440
    tex5
     =0x2de80100
    tex6
     =0x4a620900
    tex7
     =0x32aa49a0
  DIP #134
    decl=0x32acc4a0
    type=4
    baseVtx=122419
    numVerts=552
    primCount=288
    stride0=56
    hasNormal=1
    hasTexcoord=1
    tcType=1
    tex0
     =0x32a9c4a0
    tex1
     =0x32a9bb60
    tex2
     =0x0fb51b20
    tex3
     =0x2de7f0e0
    tex4
     =0x2de7f440
    tex5
     =0x2de80100
    tex6
     =0x4a620900
    tex7
     =0x32aa49a0
  SetVSConstF start=4
    count=3
  SetVSConstF start=7
    count=3
  SetVSConstF start=0
    count=4
    c0-c3:
  row0: -0.761064, 0.000000, -0.257150, 54.532631
  row1: -0.174805, 1.319618, 0.517355, -202.102081
  row2: 0.295778, 0.382376, -0.875388, 42.791912
  row3: 0.295778, 0.382376, -0.875388, 47.091961
  DIP #135
    decl=0x32acc4a0
    type=4
    baseVtx=245195
    numVerts=261
    primCount=244
    stride0=56
    hasNormal=1
    hasTexcoord=1
    tcType=1
    tex0
     =0x4a623180
    tex1
     =0x4a622960
    tex2
     =0x0fb51b20
    tex3
     =0x2de7f0e0
    tex4
     =0x2de7f440
    tex5
     =0x2de80100
    tex6
     =0x4a620900
    tex7
     =0x32aa49a0
  DIP #136
    decl=0x32acc4a0
    type=4
    baseVtx=244936
    numVerts=259
    primCount=165
    stride0=56
    hasNormal=1
    hasTexcoord=1
    tcType=1
    tex0
     =0x4a620460
    tex1
     =0x4a620da0
    tex2
     =0x0fb51b20
    tex3
     =0x2de7f0e0
    tex4
     =0x2de7f440
    tex5
     =0x2de80100
    tex6
     =0x4a620900
    tex7
     =0x32aa49a0
  DIP #137
    decl=0x32acc4a0
    type=4
    baseVtx=245456
    numVerts=4
    primCount=2
    stride0=56
    hasNormal=1
    hasTexcoord=1
    tcType=1
    tex0
     =0x0fcb51a0
    tex1
     =0x0f79a860
    tex2
     =0x0fb51b20
    tex3
     =0x2de7f0e0
    tex4
     =0x2de7f440
    tex5
     =0x2de80100
    tex6
     =0x4a620900
    tex7
     =0x32aa49a0
  SetVS shader=0x0fb3d5c0
  SetVSConstF start=0
    count=10
    (large write, first 4x4):
      -0.761064, 0.000000, -0.257150, 54.532631, -0.174805, 1.319618, 0.517355, -202.102081, 0.295778, 0.382376, -0.875388, 42.791912, 0.295778, 0.382376, -0.875388, 47.091961
  SetVSConstF start=4
    count=3
  SetVSConstF start=7
    count=3
  SetVSConstF start=0
    count=4
    c0-c3:
  row0: 0.257150, 0.000000, -0.761064, -2448.217529
  row1: -0.517355, 1.319618, -0.174805, 3123.982910
  row2: 0.875388, 0.382376, 0.295778, -1568.098999
  row3: 0.875388, 0.382376, 0.295778, -1563.798950
  DIP #138
    decl=0x32acc4a0
    type=4
    baseVtx=44654
    numVerts=39
    primCount=21
    stride0=56
    hasNormal=1
    hasTexcoord=1
    tcType=1
    tex0
     =0x0f79a620
    tex1
     =0x0f79a860
    tex2
     =0x0fb51b20
    tex3
     =0x2de7f0e0
    tex4
     =0x2de7f440
    tex5
     =0x2de80100
    tex6
     =0x4a620900
    tex7
     =0x32aa49a0
  SetVSConstF start=4
    count=3
  SetVSConstF start=7
    count=3
  SetVSConstF start=0
    count=4
    c0-c3:
  row0: -0.761064, 0.000000, -0.257150, 54.532631
  row1: -0.174805, 1.319618, 0.517355, -202.102081
  row2: 0.295778, 0.382376, -0.875388, 42.791912
  row3: 0.295778, 0.382376, -0.875388, 47.091961
  DIP #139
    decl=0x32acc4a0
    type=4
    baseVtx=105089
    numVerts=763
    primCount=616
    stride0=56
    hasNormal=1
    hasTexcoord=1
    tcType=1
    tex0
     =0x4a61e9c0
    tex1
     =0x4a61f1e0
    tex2
     =0x0fb51b20
    tex3
     =0x2de7f0e0
    tex4
     =0x2de7f440
    tex5
     =0x2de80100
    tex6
     =0x4a620900
    tex7
     =0x32aa49a0
  SetVSConstF start=4
    count=3
  SetVSConstF start=7
    count=3
  SetVSConstF start=0
    count=4
    c0-c3:
  row0: -0.761064, 0.000000, -0.257150, -40.769024
  row1: -0.174805, 1.319618, 0.517355, -48.098881
  row2: 0.295778, 0.382376, -0.875388, -8.569988
  row3: 0.295778, 0.382376, -0.875388, -4.269940
  DIP #140
    decl=0x32acc4a0
    type=4
    baseVtx=105089
    numVerts=29
    primCount=22
    stride0=56
    hasNormal=1
    hasTexcoord=1
    tcType=1
    tex0
     =0x4a61e9c0
    tex1
     =0x4a61f1e0
    tex2
     =0x0fb51b20
    tex3
     =0x2de7f0e0
    tex4
     =0x2de7f440
    tex5
     =0x2de80100
    tex6
     =0x4a620900
    tex7
     =0x32aa49a0
  SetVSConstF start=4
    count=3
  SetVSConstF start=7
    count=3
  SetVSConstF start=0
    count=4
    c0-c3:
  row0: -0.761064, 0.000000, -0.257150, 54.532631
  row1: -0.174805, 1.319618, 0.517355, -202.102081
  row2: 0.295778, 0.382376, -0.875388, 42.791912
  row3: 0.295778, 0.382376, -0.875388, 47.091961
  DIP #141
    decl=0x32acc4a0
    type=4
    baseVtx=105881
    numVerts=352
    primCount=288
    stride0=56
    hasNormal=1
    hasTexcoord=1
    tcType=1
    tex0
     =0x4a6215c0
    tex1
     =0x4a622f20
    tex2
     =0x0fb51b20
    tex3
     =0x2de7f0e0
    tex4
     =0x2de7f440
    tex5
     =0x2de80100
    tex6
     =0x4a620900
    tex7
     =0x32aa49a0
  SetVS shader=0x2d327b20
  SetVSConstF start=0
    count=86
    (large write, first 4x4):
      0.982699, 0.085911, -0.164079, 0.903763, -0.054236, 0.980558, 0.188587, 1.682378, 0.177091, -0.176425, 0.968252, 1.892537, 0.982699, 0.085911, -0.164079, 0.903763
  SetVSConstF start=76
    count=3
  SetVSConstF start=79
    count=3
  SetVSConstF start=82
    count=3
  SetVSConstF start=72
    count=4
    c72-c75:
  row0: -0.761064, 0.000000, -0.257150, 25.323910
  row1: -0.174805, 1.319618, 0.517355, -71.084862
  row2: 0.295778, 0.382376, -0.875388, 82.627846
  row3: 0.295778, 0.382376, -0.875388, 86.927895
  SetVSConstF start=85
    count=1
    data: -1.939179, 12.752686, 104.217186, 0.000000
  SetVSConstF start=0
    count=72
    (large write, first 4x4):
      0.994886, 0.032563, -0.095610, -3.998641, 0.044854, 0.705702, 0.707088, -51.982018, 0.090498, -0.707760, 0.700632, 11.339268, 0.989280, 0.052552, -0.136248, -5.549561
  DIP #142
    decl=0x0fc25260
    type=4
    baseVtx=0
    numVerts=240
    primCount=394
    stride0=64
    [SKINNED]
    boneStart=0
    numBones=0
    hasNormal=1
    hasTexcoord=1
    tcType=1
    tex0
     =0x1c143a00
    tex1
     =0x1c145000
    tex2
     =0x0fc0dda0
    tex3
     =0x1c1445a0
    tex4
     =0x2de7f440
    tex5
     =0x2de80100
    tex6
     =0x4a620900
    tex7
     =0x32aa49a0
  SetVS shader=0x1bc1e880
  SetVSConstF start=0
    count=82
    (large write, first 4x4):
      0.994886, 0.032563, -0.095610, -3.998641, 0.044854, 0.705702, 0.707088, -51.982018, 0.090498, -0.707760, 0.700632, 11.339268, 0.989280, 0.052552, -0.136248, -5.549561
  SetVSConstF start=76
    count=3
  SetVSConstF start=79
    count=3
  SetVSConstF start=72
    count=4
    c72-c75:
  row0: -0.761064, 0.000000, -0.257150, 81.169876
  row1: -0.174805, 1.319618, 0.517355, -90.414436
  row2: 0.295778, 0.382376, -0.875388, 63.029739
  row3: 0.295778, 0.382376, -0.875388, 67.329788
  SetVSConstF start=0
    count=72
    (large write, first 4x4):
      0.873603, -0.424574, -0.237813, 14.566776, 0.356461, 0.225616, 0.906660, -0.362041, -0.331290, -0.876832, 0.348443, 38.235420, 0.833686, -0.447884, 0.323061, 4.660259
  DIP #143
    decl=0x0fc25260
    type=4
    baseVtx=0
    numVerts=376
    primCount=488
    stride0=64
    [SKINNED]
    boneStart=0
    numBones=0
    hasNormal=1
    hasTexcoord=1
    tcType=1
    tex0
     =0x1bb6f000
    tex1
     =0x1bb6e6c0
    tex2
     =0x0fc0dda0
    tex3
     =0x1c1445a0
    tex4
     =0x2de7f440
    tex5
     =0x2de80100
    tex6
     =0x4a620900
    tex7
     =0x32aa49a0
  SetVSConstF start=76
    count=3
  SetVSConstF start=79
    count=3
  SetVSConstF start=72
    count=4
    c72-c75:
  row0: -0.761064, 0.000000, -0.257150, 25.323910
  row1: -0.174805, 1.319618, 0.517355, -71.084862
  row2: 0.295778, 0.382376, -0.875388, 82.627846
  row3: 0.295778, 0.382376, -0.875388, 86.927895
  SetVSConstF start=0
    count=72
    (large write, first 4x4):
      0.998751, -0.046274, 0.018850, -0.659320, 0.025584, 0.797654, 0.602573, -58.044285, -0.042919, -0.601338, 0.797841, 6.151352, 0.996376, 0.028350, 0.080194, -2.391443
  DIP #144
    decl=0x0fc25260
    type=4
    baseVtx=0
    numVerts=1000
    primCount=1312
    stride0=64
    [SKINNED]
    boneStart=0
    numBones=0
    hasNormal=1
    hasTexcoord=1
    tcType=1
    tex0
     =0x1c144b60
    tex1
     =0x1c143ea0
    tex2
     =0x0fc0dda0
    tex3
     =0x1c1445a0
    tex4
     =0x2de7f440
    tex5
     =0x2de80100
    tex6
     =0x4a620900
    tex7
     =0x32aa49a0
  SetVSConstF start=0
    count=72
    (large write, first 4x4):
      0.997121, 0.075737, 0.003558, -10.212833, -0.019054, 0.204891, 0.978599, -37.107151, 0.073388, -0.975850, 0.205744, 6.291695, 0.980559, 0.072144, -0.182483, -8.440886
  DIP #145
    decl=0x0fc25260
    type=4
    baseVtx=0
    numVerts=172
    primCount=242
    stride0=64
    [SKINNED]
    boneStart=0
    numBones=0
    hasNormal=1
    hasTexcoord=1
    tcType=1
    tex0
     =0x1c144b60
    tex1
     =0x1c143ea0
    tex2
     =0x0fc0dda0
    tex3
     =0x1c1445a0
    tex4
     =0x2de7f440
    tex5
     =0x2de80100
    tex6
     =0x4a620900
    tex7
     =0x32aa49a0
  SetVSConstF start=0
    count=72
    (large write, first 4x4):
      0.207819, -0.633061, -0.745684, -12.088242, 0.737199, -0.399691, 0.544779, 2.170757, -0.642922, -0.662933, 0.383629, -18.894114, 0.977731, -0.108837, 0.179432, 8.016819
  DIP #146
    decl=0x0fc25260
    type=4
    baseVtx=0
    numVerts=175
    primCount=242
    stride0=64
    [SKINNED]
    boneStart=0
    numBones=0
    hasNormal=1
    hasTexcoord=1
    tcType=1
    tex0
     =0x1c144b60
    tex1
     =0x1c143ea0
    tex2
     =0x0fc0dda0
    tex3
     =0x1c1445a0
    tex4
     =0x2de7f440
    tex5
     =0x2de80100
    tex6
     =0x4a620900
    tex7
     =0x32aa49a0
  SetVSConstF start=76
    count=3
  SetVSConstF start=79
    count=3
  SetVSConstF start=72
    count=4
    c72-c75:
  row0: -0.761064, 0.000000, -0.257150, 81.169876
  row1: -0.174805, 1.319618, 0.517355, -90.414436
  row2: 0.295778, 0.382376, -0.875388, 63.029739
  row3: 0.295778, 0.382376, -0.875388, 67.329788
  SetVSConstF start=0
    count=72
    (large write, first 4x4):
      0.986158, 0.036442, -0.161756, 4.611438, -0.046071, 0.997357, -0.056186, -44.747181, 0.159281, 0.062861, 0.985230, -2.859722, 0.986158, 0.036446, -0.161755, 4.613535
  DIP #147
    decl=0x0fc25260
    type=4
    baseVtx=0
    numVerts=73
    primCount=90
    stride0=64
    [SKINNED]
    boneStart=0
    numBones=0
    hasNormal=1
    hasTexcoord=1
    tcType=1
    tex0
     =0x1c144900
    tex1
     =0x1c144c80
    tex2
     =0x0fc0dda0
    tex3
     =0x1c1445a0
    tex4
     =0x2de7f440
    tex5
     =0x2de80100
    tex6
     =0x4a620900
    tex7
     =0x32aa49a0
  SetVSConstF start=0
    count=72
    (large write, first 4x4):
      0.994397, 0.072427, -0.077003, 1.750198, -0.079047, 0.993093, -0.086711, -44.396870, 0.070191, 0.092312, 0.993253, -5.162948, 0.986158, 0.036442, -0.161756, 4.611438
  DIP #148
    decl=0x0fc25260
    type=4
    baseVtx=0
    numVerts=368
    primCount=594
    stride0=64
    [SKINNED]
    boneStart=0
    numBones=0
    hasNormal=1
    hasTexcoord=1
    tcType=1
    tex0
     =0x1c144900
    tex1
     =0x1c144c80
    tex2
     =0x0fc0dda0
    tex3
     =0x1c1445a0
    tex4
     =0x2de7f440
    tex5
     =0x2de80100
    tex6
     =0x4a620900
    tex7
     =0x32aa49a0
  SetVSConstF start=0
    count=72
    (large write, first 4x4):
      0.998601, 0.012563, 0.051371, 4.483043, -0.030163, 0.933187, 0.358122, -39.443562, -0.043439, -0.359171, 0.932260, 16.350033, 0.992776, 0.071031, 0.096697, 3.258336
  DIP #149
    decl=0x0fc25260
    type=4
    baseVtx=0
    numVerts=866
    primCount=1132
    stride0=64
    [SKINNED]
    boneStart=0
    numBones=0
    hasNormal=1
    hasTexcoord=1
    tcType=1
    tex0
     =0x1c143d80
    tex1
     =0x1bd108a0
    tex2
     =0x0fc0dda0
    tex3
     =0x1c1445a0
    tex4
     =0x2de7f440
    tex5
     =0x2de80100
    tex6
     =0x4a620900
    tex7
     =0x32aa49a0
  SetVSConstF start=0
    count=72
    (large write, first 4x4):
      0.986158, 0.036442, -0.161756, 4.611438, -0.046071, 0.997357, -0.056186, -44.747181, 0.159281, 0.062861, 0.985230, -2.859722, 0.992776, 0.071031, 0.096697, 3.258336
  DIP #150
    decl=0x0fc25260
    type=4
    baseVtx=0
    numVerts=104
    primCount=126
    stride0=64
    [SKINNED]
    boneStart=0
    numBones=0
    hasNormal=1
    hasTexcoord=1
    tcType=1
    tex0
     =0x1c143d80
    tex1
     =0x1bd108a0
    tex2
     =0x0fc0dda0
    tex3
     =0x1c1445a0
    tex4
     =0x2de7f440
    tex5
     =0x2de80100
    tex6
     =0x4a620900
    tex7
     =0x32aa49a0
  SetVSConstF start=76
    count=3
  SetVSConstF start=79
    count=3
  SetVSConstF start=72
    count=4
    c72-c75:
  row0: -0.755793, 0.119468, -0.244641, 4.635921
  row1: -0.075349, 1.175870, 0.807005, -93.356522
  row2: 0.334773, 0.547698, -0.766782, 68.312469
  row3: 0.334773, 0.547698, -0.766782, 72.612518
  SetVSConstF start=0
    count=72
    (large write, first 4x4):
      0.982699, 0.085911, -0.164079, 0.903763, -0.054236, 0.980558, 0.188587, 1.682378, 0.177091, -0.176425, 0.968252, 1.892537, 0.982699, 0.085911, -0.164079, 0.903763
  DIP #151
    decl=0x0fc25260
    type=4
    baseVtx=0
    numVerts=505
    primCount=530
    stride0=64
    [SKINNED]
    boneStart=0
    numBones=0
    hasNormal=1
    hasTexcoord=1
    tcType=1
    tex0
     =0x1c160ee0
    tex1
     =0x1c160340
    tex2
     =0x0fc0dda0
    tex3
     =0x1c1445a0
    tex4
     =0x2de7f440
    tex5
     =0x2de80100
    tex6
     =0x4a620900
    tex7
     =0x32aa49a0
  SetVSConstF start=0
    count=72
    (large write, first 4x4):
      0.982699, 0.085911, -0.164079, 0.903763, -0.054236, 0.980558, 0.188587, 1.682378, 0.177091, -0.176425, 0.968252, 1.892537, 0.982699, 0.085911, -0.164079, 0.903763
  DIP #152
    decl=0x0fc25260
    type=4
    baseVtx=0
    numVerts=554
    primCount=566
    stride0=64
    [SKINNED]
    boneStart=0
    numBones=0
    hasNormal=1
    hasTexcoord=1
    tcType=1
    tex0
     =0x1c160ee0
    tex1
     =0x1c160340
    tex2
     =0x0fc0dda0
    tex3
     =0x1c1445a0
    tex4
     =0x2de7f440
    tex5
     =0x2de80100
    tex6
     =0x4a620900
    tex7
     =0x32aa49a0
  SetVS shader=0x2de7c020
  SetVSConstF start=0
    count=14
    (large write, first 4x4):
      -0.755793, 0.119468, -0.244641, 4.635921, -0.075349, 1.175870, 0.807005, -93.356522, 0.334773, 0.547698, -0.766782, 68.312469, 0.334773, 0.547698, -0.766782, 72.612518
  SetVSConstF start=4
    count=3
  SetVSConstF start=7
    count=3
  SetVSConstF start=10
    count=3
  SetVSConstF start=0
    count=4
    c0-c3:
  row0: -0.761064, 0.000000, -0.257150, 54.532631
  row1: -0.174805, 1.319618, 0.517355, -202.102081
  row2: 0.295778, 0.382376, -0.875388, 42.791912
  row3: 0.295778, 0.382376, -0.875388, 47.091961
  SetVSConstF start=13
    count=1
    data: 33.060577, 112.752319, 114.216698, 0.000000
  DIP #153
    decl=0x32acc4a0
    type=4
    baseVtx=40563
    numVerts=264
    primCount=198
    stride0=56
    hasNormal=1
    hasTexcoord=1
    tcType=1
    tex0
     =0x4a620580
    tex1
     =0x4a6206c0
    tex2
     =0x2be41220
    tex3
     =0x4a620900
    tex4
     =0x2de7f440
    tex5
     =0x2de80100
    tex6
     =0x4a620900
    tex7
     =0x32aa49a0
  SetVSConstF start=4
    count=3
  SetVSConstF start=7
    count=3
  SetVSConstF start=10
    count=3
  SetVSConstF start=0
    count=4
    c0-c3:
  row0: -0.761064, 0.000000, -0.257150, -40.769024
  row1: -0.174805, 1.319618, 0.517355, -48.098881
  row2: 0.295778, 0.382376, -0.875388, -8.569988
  row3: 0.295778, 0.382376, -0.875388, -4.269940
  SetVSConstF start=13
    count=1
    data: -50.939911, 32.752197, -7.783788, 0.000000
  DIP #154
    decl=0x32acc4a0
    type=4
    baseVtx=40563
    numVerts=114
    primCount=94
    stride0=56
    hasNormal=1
    hasTexcoord=1
    tcType=1
    tex0
     =0x4a620580
    tex1
     =0x4a6206c0
    tex2
     =0x2be41220
    tex3
     =0x4a620900
    tex4
     =0x2de7f440
    tex5
     =0x2de80100
    tex6
     =0x4a620900
    tex7
     =0x32aa49a0
  SetVSConstF start=4
    count=3
  SetVSConstF start=7
    count=3
  SetVSConstF start=10
    count=3
  SetVSConstF start=0
    count=4
    c0-c3:
  row0: -0.761064, 0.000000, -0.257150, 54.532631
  row1: -0.174805, 1.319618, 0.517355, -202.102081
  row2: 0.295778, 0.382376, -0.875388, 42.791912
  row3: 0.295778, 0.382376, -0.875388, 47.091961
  SetVSConstF start=13
    count=1
    data: 33.060577, 112.752319, 114.216698, 0.000000
  DIP #155
    decl=0x32acc4a0
    type=4
    baseVtx=40941
    numVerts=409
    primCount=352
    stride0=56
    hasNormal=1
    hasTexcoord=1
    tcType=1
    tex0
     =0x4a620580
    tex1
     =0x4a6206c0
    tex2
     =0x2be41220
    tex3
     =0x4a620900
    tex4
     =0x2de7f440
    tex5
     =0x2de80100
    tex6
     =0x4a620900
    tex7
     =0x32aa49a0
  SetVS shader=0x1c15a1a0
  SetVSConstF start=0
    count=14
    (large write, first 4x4):
      -0.761064, 0.000000, -0.257150, 54.532631, -0.174805, 1.319618, 0.517355, -202.102081, 0.295778, 0.382376, -0.875388, 42.791912, 0.295778, 0.382376, -0.875388, 47.091961
  DIP #156
    decl=0x32acc4a0
    type=4
    baseVtx=25611
    numVerts=46
    primCount=32
    stride0=56
    hasNormal=1
    hasTexcoord=1
    tcType=1
    tex0
     =0x0fcb51a0
    tex1
     =0x2be41220
    tex2
     =0x4a6207e0
    tex3
     =0x4a620900
    tex4
     =0x2de7f440
    tex5
     =0x2de80100
    tex6
     =0x4a620900
    tex7
     =0x32aa49a0
  SetVSConstF start=4
    count=3
  SetVSConstF start=7
    count=3
  SetVSConstF start=10
    count=3
  SetVSConstF start=0
    count=4
    c0-c3:
  row0: -0.761064, 0.000000, -0.257150, -40.769024
  row1: -0.174805, 1.319618, 0.517355, -48.098881
  row2: 0.295778, 0.382376, -0.875388, -8.569988
  row3: 0.295778, 0.382376, -0.875388, -4.269940
  SetVSConstF start=13
    count=1
    data: -50.939911, 32.752197, -7.783788, 0.000000
  DIP #157
    decl=0x32acc4a0
    type=4
    baseVtx=25611
    numVerts=12
    primCount=8
    stride0=56
    hasNormal=1
    hasTexcoord=1
    tcType=1
    tex0
     =0x0fcb51a0
    tex1
     =0x2be41220
    tex2
     =0x4a6207e0
    tex3
     =0x4a620900
    tex4
     =0x2de7f440
    tex5
     =0x2de80100
    tex6
     =0x4a620900
    tex7
     =0x32aa49a0
  SetVS shader=0x28da7740
  SetVSConstF start=0
    count=4
    c0-c3:
  row0: -0.761064, 0.000000, -0.257150, -40.769024
  row1: -0.174805, 1.319618, 0.517355, -48.098881
  row2: 0.295778, 0.382376, -0.875388, -8.569988
  row3: 0.295778, 0.382376, -0.875388, -4.269940
  SetVSConstF start=0
    count=4
    c0-c3:
  row0: 0.257150, 0.000000, -0.761064, -2363.847168
  row1: -0.517355, 1.319618, -0.174805, -2995.729736
  row2: 0.875388, 0.382376, 0.295778, 4788.041016
  row3: 0.875388, 0.382376, 0.295778, 4792.341309
  DIP #158
    decl=0x32acd380
    type=4
    baseVtx=257171
    numVerts=112
    primCount=56
    stride0=24
    hasNormal=0
    hasTexcoord=1
    tcType=1
    tex0
     =0x4a621940
    tex1
     =0x2be41220
    tex2
     =0x4a6207e0
    tex3
     =0x4a620900
    tex4
     =0x2de7f440
    tex5
     =0x2de80100
    tex6
     =0x4a620900
    tex7
     =0x32aa49a0
  DECL decl=0x32acd380
    numElems=4
    [s0 +0] POSITION[0] FLOAT3
    [s0 +12] COLOR[0] D3DCOLOR
    [s0 +16] TEXCOORD[0] FLOAT2
  SetVS shader=0x1b70fea0
  SetVSConstF start=0
    count=4
    c0-c3:
  row0: 0.257150, 0.000000, -0.761064, -2363.847168
  row1: -0.517355, 1.319618, -0.174805, -2995.729736
  row2: 0.875388, 0.382376, 0.295778, 4788.041016
  row3: 0.875388, 0.382376, 0.295778, 4792.341309
  SetVSConstF start=0
    count=4
    c0-c3:
  row0: 0.347349, -0.030454, 0.798121, -0.000153
  row1: 2.098858, 2.383886, -0.709166, -0.000030
  row2: -0.875388, 0.382376, 0.295778, -0.010107
  row3: -0.875388, 0.382376, 0.295778, -0.000097
  DIP #159
    decl=0x32acce80
    type=4
    baseVtx=481846
    numVerts=24
    primCount=12
    stride0=32
    hasNormal=1
    hasTexcoord=1
    tcType=1
    tex0
     =0x0fc0cb40
    tex1
     =0x2be41220
    tex2
     =0x4a6207e0
    tex3
     =0x4a620900
    tex4
     =0x2de7f440
    tex5
     =0x2de80100
    tex6
     =0x4a620900
    tex7
     =0x32aa49a0
  SetVS shader=0x3665c480
  SetVSConstF start=0
    count=4
    c0-c3:
  row0: 0.347349, -0.030454, 0.798121, -0.000153
  row1: 2.098858, 2.383886, -0.709166, -0.000030
  row2: -0.875388, 0.382376, 0.295778, -0.010107
  row3: -0.875388, 0.382376, 0.295778, -0.000097
  SetVSConstF start=0
    count=4
    c0-c3:
  row0: 0.347349, -0.030454, 0.798121, 3406.772217
  row1: 2.098858, 2.383886, -0.709166, 5433.336426
  row2: -0.875388, 0.382376, 0.295778, -839.934631
  row3: -0.875388, 0.382376, 0.295778, -839.924622
  DIP #160
    decl=0x04a5c8e0
    type=4
    baseVtx=8
    numVerts=8
    primCount=4
    stride0=60
    hasNormal=1
    hasTexcoord=1
    tcType=1
    tex0
     =0x1c165b20
    tex1
     =0x2be41220
    tex2
     =0x4a6207e0
    tex3
     =0x4a620900
    tex4
     =0x2de7f440
    tex5
     =0x2de80100
    tex6
     =0x4a620900
    tex7
     =0x32aa49a0
  SetVS shader=0x1b711800
  SetVSConstF start=0
    count=7
    (large write, first 4x4):
      0.347349, -0.030454, 0.798121, 3406.772217, 2.098858, 2.383886, -0.709166, 5433.336426, -0.875388, 0.382376, 0.295778, -839.934631, -0.875388, 0.382376, 0.295778, -839.924622
  SetVSConstF start=0
    count=4
    c0-c3:
  row0: 0.347349, -0.030454, 0.798121, -4.098096
  row1: 2.098858, 2.383886, -0.709166, 135.944107
  row2: -0.875388, 0.382376, 0.295778, 27.601019
  row3: -0.875388, 0.382376, 0.295778, 27.611029
  SetVSConstF start=6
    count=1
    data: 0.151565, 0.015157, 0.000000, 0.000000
  SetVSConstF start=5
    count=1
    data: 1.000000, 1.000000, 1.000000, 1.000000
  SetVSConstF start=4
    count=1
    data: 1.000000, 1.000000, 1.000000, 1.000000
  DIP #161
    decl=0x32acc140
    type=4
    baseVtx=481878
    numVerts=4
    primCount=2
    stride0=32
    hasNormal=0
    hasTexcoord=1
    tcType=1
    tex0
     =0x1b830ca0
    tex1
     =0x1b831140
    tex2
     =0x4a6207e0
    tex3
     =0x4a620900
    tex4
     =0x2de7f440
    tex5
     =0x2de80100
    tex6
     =0x4a620900
    tex7
     =0x32aa49a0
  SetVS shader=0x0f7b37e0
  SetVSConstF start=0
    count=4
    c0-c3:
  row0: 0.347349, -0.030454, 0.798121, -4.098096
  row1: 2.098858, 2.383886, -0.709166, 135.944107
  row2: -0.875388, 0.382376, 0.295778, 27.601019
  row3: -0.875388, 0.382376, 0.295778, 27.611029
  SetVSConstF start=0
    count=4
    c0-c3:
  row0: 0.257150, -0.000000, 0.761064, 799.835754
  row1: 0.517355, 1.319618, -0.174805, -192.368271
  row2: -0.875388, 0.382376, 0.295778, 4043.313721
  row3: -0.875388, 0.382376, 0.295778, 4047.613770
  DIP #162
    decl=0x32acc4a0
    type=4
    baseVtx=146244
    numVerts=43
    primCount=31
    stride0=56
    hasNormal=1
    hasTexcoord=1
    tcType=1
    tex0
     =0x0fcb51a0
    tex1
     =0x32aa1340
    tex2
     =0x4a6207e0
    tex3
     =0x4a620900
    tex4
     =0x2de7f440
    tex5
     =0x2de80100
    tex6
     =0x4a620900
    tex7
     =0x32aa49a0
  DIP #163
    decl=0x32acc4a0
    type=4
    baseVtx=147179
    numVerts=64
    primCount=32
    stride0=56
    hasNormal=1
    hasTexcoord=1
    tcType=1
    tex0
     =0x0fcb51a0
    tex1
     =0x32aa0680
    tex2
     =0x4a6207e0
    tex3
     =0x4a620900
    tex4
     =0x2de7f440
    tex5
     =0x2de80100
    tex6
     =0x4a620900
    tex7
     =0x32aa49a0
  DIP #164
    decl=0x32acc4a0
    type=4
    baseVtx=150087
    numVerts=33
    primCount=17
    stride0=56
    hasNormal=1
    hasTexcoord=1
    tcType=1
    tex0
     =0x0fcb51a0
    tex1
     =0x32aa5e60
    tex2
     =0x4a6207e0
    tex3
     =0x4a620900
    tex4
     =0x2de7f440
    tex5
     =0x2de80100
    tex6
     =0x4a620900
    tex7
     =0x32aa49a0
  DIP #165
    decl=0x32acc4a0
    type=4
    baseVtx=146967
    numVerts=24
    primCount=12
    stride0=56
    hasNormal=1
    hasTexcoord=1
    tcType=1
    tex0
     =0x0fcb51a0
    tex1
     =0x32a9f660
    tex2
     =0x4a6207e0
    tex3
     =0x4a620900
    tex4
     =0x2de7f440
    tex5
     =0x2de80100
    tex6
     =0x4a620900
    tex7
     =0x32aa49a0
  DIP #166
    decl=0x32acc4a0
    type=4
    baseVtx=155857
    numVerts=4
    primCount=2
    stride0=56
    hasNormal=1
    hasTexcoord=1
    tcType=1
    tex0
     =0x0fcb51a0
    tex1
     =0x32aa58a0
    tex2
     =0x4a6207e0
    tex3
     =0x4a620900
    tex4
     =0x2de7f440
    tex5
     =0x2de80100
    tex6
     =0x4a620900
    tex7
     =0x32aa49a0
  DIP #167
    decl=0x32acc4a0
    type=4
    baseVtx=110797
    numVerts=426
    primCount=294
    stride0=56
    hasNormal=1
    hasTexcoord=1
    tcType=1
    tex0
     =0x0fcb51a0
    tex1
     =0x2de82bc0
    tex2
     =0x4a6207e0
    tex3
     =0x4a620900
    tex4
     =0x2de7f440
    tex5
     =0x2de80100
    tex6
     =0x4a620900
    tex7
     =0x32aa49a0
  DIP #168
    decl=0x32acc4a0
    type=4
    baseVtx=110455
    numVerts=27
    primCount=24
    stride0=56
    hasNormal=1
    hasTexcoord=1
    tcType=1
    tex0
     =0x0fcb51a0
    tex1
     =0x2de82160
    tex2
     =0x4a6207e0
    tex3
     =0x4a620900
    tex4
     =0x2de7f440
    tex5
     =0x2de80100
    tex6
     =0x4a620900
    tex7
     =0x32aa49a0
  DIP #169
    decl=0x32acc4a0
    type=4
    baseVtx=111858
    numVerts=439
    primCount=245
    stride0=56
    hasNormal=1
    hasTexcoord=1
    tcType=1
    tex0
     =0x0fcb51a0
    tex1
     =0x2de82e20
    tex2
     =0x4a6207e0
    tex3
     =0x4a620900
    tex4
     =0x2de7f440
    tex5
     =0x2de80100
    tex6
     =0x4a620900
    tex7
     =0x32aa49a0
  DIP #170
    decl=0x32acc4a0
    type=4
    baseVtx=113475
    numVerts=4
    primCount=2
    stride0=56
    hasNormal=1
    hasTexcoord=1
    tcType=1
    tex0
     =0x0fcb51a0
    tex1
     =0x2de842e0
    tex2
     =0x4a6207e0
    tex3
     =0x4a620900
    tex4
     =0x2de7f440
    tex5
     =0x2de80100
    tex6
     =0x4a620900
    tex7
     =0x32aa49a0
  DIP #171
    decl=0x32acc4a0
    type=4
    baseVtx=138214
    numVerts=36
    primCount=18
    stride0=56
    hasNormal=1
    hasTexcoord=1
    tcType=1
    tex0
     =0x0fcb51a0
    tex1
     =0x2de7eb00
    tex2
     =0x4a6207e0
    tex3
     =0x4a620900
    tex4
     =0x2de7f440
    tex5
     =0x2de80100
    tex6
     =0x4a620900
    tex7
     =0x32aa49a0
  DIP #172
    decl=0x32acc4a0
    type=4
    baseVtx=112801
    numVerts=8
    primCount=6
    stride0=56
    hasNormal=1
    hasTexcoord=1
    tcType=1
    tex0
     =0x0fcb51a0
    tex1
     =0x2de832c0
    tex2
     =0x4a6207e0
    tex3
     =0x4a620900
    tex4
     =0x2de7f440
    tex5
     =0x2de80100
    tex6
     =0x4a620900
    tex7
     =0x32aa49a0
  DIP #173
    decl=0x32acc4a0
    type=4
    baseVtx=136054
    numVerts=12
    primCount=6
    stride0=56
    hasNormal=1
    hasTexcoord=1
    tcType=1
    tex0
     =0x0fcb51a0
    tex1
     =0x2de856a0
    tex2
     =0x4a6207e0
    tex3
     =0x4a620900
    tex4
     =0x2de7f440
    tex5
     =0x2de80100
    tex6
     =0x4a620900
    tex7
     =0x32aa49a0
  DIP #174
    decl=0x32acc4a0
    type=4
    baseVtx=138410
    numVerts=8
    primCount=4
    stride0=56
    hasNormal=1
    hasTexcoord=1
    tcType=1
    tex0
     =0x0fcb51a0
    tex1
     =0x2de7ec40
    tex2
     =0x4a6207e0
    tex3
     =0x4a620900
    tex4
     =0x2de7f440
    tex5
     =0x2de80100
    tex6
     =0x4a620900
    tex7
     =0x32aa49a0
  DIP #175
    decl=0x32acc4a0
    type=4
    baseVtx=139094
    numVerts=67
    primCount=43
    stride0=56
    hasNormal=1
    hasTexcoord=1
    tcType=1
    tex0
     =0x0fcb51a0
    tex1
     =0x2de7e660
    tex2
     =0x4a6207e0
    tex3
     =0x4a620900
    tex4
     =0x2de7f440
    tex5
     =0x2de80100
    tex6
     =0x4a620900
    tex7
     =0x32aa49a0
  DIP #176
    decl=0x32acc4a0
    type=4
    baseVtx=139035
    numVerts=12
    primCount=6
    stride0=56
    hasNormal=1
    hasTexcoord=1
    tcType=1
    tex0
     =0x0fcb51a0
    tex1
     =0x2de7e540
    tex2
     =0x4a6207e0
    tex3
     =0x4a620900
    tex4
     =0x2de7f440
    tex5
     =0x2de80100
    tex6
     =0x4a620900
    tex7
     =0x32aa49a0
  DIP #177
    decl=0x32acc4a0
    type=4
    baseVtx=138482
    numVerts=84
    primCount=42
    stride0=56
    hasNormal=1
    hasTexcoord=1
    tcType=1
    tex0
     =0x0fcb51a0
    tex1
     =0x2de7f8e0
    tex2
     =0x4a6207e0
    tex3
     =0x4a620900
    tex4
     =0x2de7f440
    tex5
     =0x2de80100
    tex6
     =0x4a620900
    tex7
     =0x32aa49a0
  DIP #178
    decl=0x32acc4a0
    type=4
    baseVtx=112827
    numVerts=27
    primCount=15
    stride0=56
    hasNormal=1
    hasTexcoord=1
    tcType=1
    tex0
     =0x0fcb51a0
    tex1
     =0x2de83880
    tex2
     =0x4a6207e0
    tex3
     =0x4a620900
    tex4
     =0x2de7f440
    tex5
     =0x2de80100
    tex6
     =0x4a620900
    tex7
     =0x32aa49a0
  DIP #179
    decl=0x32acc4a0
    type=4
    baseVtx=142763
    numVerts=52
    primCount=26
    stride0=56
    hasNormal=1
    hasTexcoord=1
    tcType=1
    tex0
     =0x0fcb51a0
    tex1
     =0x32a9a7c0
    tex2
     =0x4a6207e0
    tex3
     =0x4a620900
    tex4
     =0x2de7f440
    tex5
     =0x2de80100
    tex6
     =0x4a620900
    tex7
     =0x32aa49a0
  DIP #180
    decl=0x32acc4a0
    type=4
    baseVtx=122419
    numVerts=1474
    primCount=768
    stride0=56
    hasNormal=1
    hasTexcoord=1
    tcType=1
    tex0
     =0x0fcb51a0
    tex1
     =0x32a9c4a0
    tex2
     =0x4a6207e0
    tex3
     =0x4a620900
    tex4
     =0x2de7f440
    tex5
     =0x2de80100
    tex6
     =0x4a620900
    tex7
     =0x32aa49a0
  DIP #181
    decl=0x32acc4a0
    type=4
    baseVtx=142063
    numVerts=5
    primCount=3
    stride0=56
    hasNormal=1
    hasTexcoord=1
    tcType=1
    tex0
     =0x0fcb51a0
    tex1
     =0x32aa7ec0
    tex2
     =0x4a6207e0
    tex3
     =0x4a620900
    tex4
     =0x2de7f440
    tex5
     =0x2de80100
    tex6
     =0x4a620900
    tex7
     =0x32aa49a0
  DIP #182
    decl=0x32acc4a0
    type=4
    baseVtx=139388
    numVerts=48
    primCount=24
    stride0=56
    hasNormal=1
    hasTexcoord=1
    tcType=1
    tex0
     =0x0fcb51a0
    tex1
     =0x32aa6ea0
    tex2
     =0x4a6207e0
    tex3
     =0x4a620900
    tex4
     =0x2de7f440
    tex5
     =0x2de80100
    tex6
     =0x4a620900
    tex7
     =0x32aa49a0
  DIP #183
    decl=0x32acc4a0
    type=4
    baseVtx=144888
    numVerts=13
    primCount=10
    stride0=56
    hasNormal=1
    hasTexcoord=1
    tcType=1
    tex0
     =0x0fcb51a0
    tex1
     =0x32a9ed20
    tex2
     =0x4a6207e0
    tex3
     =0x4a620900
    tex4
     =0x2de7f440
    tex5
     =0x2de80100
    tex6
     =0x4a620900
    tex7
     =0x32aa49a0
  DIP #184
    decl=0x32acc4a0
    type=4
    baseVtx=229042
    numVerts=1607
    primCount=940
    stride0=56
    hasNormal=1
    hasTexcoord=1
    tcType=1
    tex0
     =0x0fcb51a0
    tex1
     =0x478b5120
    tex2
     =0x4a6207e0
    tex3
     =0x4a620900
    tex4
     =0x2de7f440
    tex5
     =0x2de80100
    tex6
     =0x4a620900
    tex7
     =0x32aa49a0
  DIP #185
    decl=0x32acc4a0
    type=4
    baseVtx=172115
    numVerts=4
    primCount=2
    stride0=56
    hasNormal=1
    hasTexcoord=1
    tcType=1
    tex0
     =0x0fcb51a0
    tex1
     =0x39e28f60
    tex2
     =0x4a6207e0
    tex3
     =0x4a620900
    tex4
     =0x2de7f440
    tex5
     =0x2de80100
    tex6
     =0x4a620900
    tex7
     =0x32aa49a0
  DIP #186
    decl=0x32acc4a0
    type=4
    baseVtx=172355
    numVerts=228
    primCount=136
    stride0=56
    hasNormal=1
    hasTexcoord=1
    tcType=1
    tex0
     =0x0fcb51a0
    tex1
     =0x39e29400
    tex2
     =0x4a6207e0
    tex3
     =0x4a620900
    tex4
     =0x2de7f440
    tex5
     =0x2de80100
    tex6
     =0x4a620900
    tex7
     =0x32aa49a0
  DIP #187
    decl=0x32acc4a0
    type=4
    baseVtx=172123
    numVerts=44
    primCount=22
    stride0=56
    hasNormal=1
    hasTexcoord=1
    tcType=1
    tex0
     =0x0fcb51a0
    tex1
     =0x39e289a0
    tex2
     =0x4a6207e0
    tex3
     =0x4a620900
    tex4
     =0x2de7f440
    tex5
     =0x2de80100
    tex6
     =0x4a620900
    tex7
     =0x32aa49a0
  SetVSConstF start=0
    count=4
    c0-c3:
  row0: 0.258853, -0.002112, 0.760483, -633.878113
  row1: 0.516560, 1.320278, -0.172159, -1222.658936
  row2: -0.874840, 0.381249, 0.298837, 1767.062134
  row3: -0.874840, 0.381249, 0.298837, 1771.362183
  DIP #188
    decl=0x32acc4a0
    type=4
    baseVtx=178203
    numVerts=127
    primCount=92
    stride0=56
    hasNormal=1
    hasTexcoord=1
    tcType=1
    tex0
     =0x0fcb51a0
    tex1
     =0x39e2b6c0
    tex2
     =0x4a6207e0
    tex3
     =0x4a620900
    tex4
     =0x2de7f440
    tex5
     =0x2de80100
    tex6
     =0x4a620900
    tex7
     =0x32aa49a0
  SetVSConstF start=0
    count=4
    c0-c3:
  row0: 0.258891, -0.002155, 0.760470, -633.789734
  row1: 0.515277, 1.320842, -0.171675, -1224.018188
  row2: -0.875194, 0.380289, 0.299025, 1766.755737
  row3: -0.875194, 0.380289, 0.299025, 1771.055786
  DIP #189
    decl=0x32acc4a0
    type=4
    baseVtx=178203
    numVerts=208
    primCount=188
    stride0=56
    hasNormal=1
    hasTexcoord=1
    tcType=1
    tex0
     =0x0fcb51a0
    tex1
     =0x39e2b6c0
    tex2
     =0x4a6207e0
    tex3
     =0x4a620900
    tex4
     =0x2de7f440
    tex5
     =0x2de80100
    tex6
     =0x4a620900
    tex7
     =0x32aa49a0
  SetVSConstF start=0
    count=4
    c0-c3:
  row0: 0.257150, -0.000000, 0.761064, 799.835754
  row1: 0.517355, 1.319618, -0.174805, -192.368271
  row2: -0.875388, 0.382376, 0.295778, 4043.313721
  row3: -0.875388, 0.382376, 0.295778, 4047.613770
  DIP #190
    decl=0x32acc4a0
    type=4
    baseVtx=172211
    numVerts=72
    primCount=36
    stride0=56
    hasNormal=1
    hasTexcoord=1
    tcType=1
    tex0
     =0x0fcb51a0
    tex1
     =0x39e28880
    tex2
     =0x4a6207e0
    tex3
     =0x4a620900
    tex4
     =0x2de7f440
    tex5
     =0x2de80100
    tex6
     =0x4a620900
    tex7
     =0x32aa49a0
  DIP #191
    decl=0x32acc4a0
    type=4
    baseVtx=194735
    numVerts=264
    primCount=144
    stride0=56
    hasNormal=1
    hasTexcoord=1
    tcType=1
    tex0
     =0x0fcb51a0
    tex1
     =0x42cf6b20
    tex2
     =0x4a6207e0
    tex3
     =0x4a620900
    tex4
     =0x2de7f440
    tex5
     =0x2de80100
    tex6
     =0x4a620900
    tex7
     =0x32aa49a0
  DIP #192
    decl=0x32acc4a0
    type=4
    baseVtx=204369
    numVerts=588
    primCount=396
    stride0=56
    hasNormal=1
    hasTexcoord=1
    tcType=1
    tex0
     =0x0fcb51a0
    tex1
     =0x42cfb2c0
    tex2
     =0x4a6207e0
    tex3
     =0x4a620900
    tex4
     =0x2de7f440
    tex5
     =0x2de80100
    tex6
     =0x4a620900
    tex7
     =0x32aa49a0
  DIP #193
    decl=0x32acc4a0
    type=4
    baseVtx=202005
    numVerts=208
    primCount=126
    stride0=56
    hasNormal=1
    hasTexcoord=1
    tcType=1
    tex0
     =0x0fcb51a0
    tex1
     =0x42cfcd60
    tex2
     =0x4a6207e0
    tex3
     =0x4a620900
    tex4
     =0x2de7f440
    tex5
     =0x2de80100
    tex6
     =0x4a620900
    tex7
     =0x32aa49a0
  DIP #194
    decl=0x32acc4a0
    type=4
    baseVtx=216230
    numVerts=198
    primCount=126
    stride0=56
    hasNormal=1
    hasTexcoord=1
    tcType=1
    tex0
     =0x0fcb51a0
    tex1
     =0x478ba580
    tex2
     =0x4a6207e0
    tex3
     =0x4a620900
    tex4
     =0x2de7f440
    tex5
     =0x2de80100
    tex6
     =0x4a620900
    tex7
     =0x32aa49a0
  SetVSConstF start=0
    count=4
    c0-c3:
  row0: 0.761064, -0.000000, -0.257149, -30.874588
  row1: -0.174805, 1.319618, -0.517355, -154.505676
  row2: 0.295777, 0.382376, 0.875388, -37.743385
  row3: 0.295777, 0.382376, 0.875388, -33.443336
  DIP #195
    decl=0x32acc4a0
    type=4
    baseVtx=245195
    numVerts=261
    primCount=244
    stride0=56
    hasNormal=1
    hasTexcoord=1
    tcType=1
    tex0
     =0x0fcb51a0
    tex1
     =0x4a623180
    tex2
     =0x4a6207e0
    tex3
     =0x4a620900
    tex4
     =0x2de7f440
    tex5
     =0x2de80100
    tex6
     =0x4a620900
    tex7
     =0x32aa49a0
  DIP #196
    decl=0x32acc4a0
    type=4
    baseVtx=244936
    numVerts=259
    primCount=165
    stride0=56
    hasNormal=1
    hasTexcoord=1
    tcType=1
    tex0
     =0x0fcb51a0
    tex1
     =0x4a620460
    tex2
     =0x4a6207e0
    tex3
     =0x4a620900
    tex4
     =0x2de7f440
    tex5
     =0x2de80100
    tex6
     =0x4a620900
    tex7
     =0x32aa49a0
  DIP #197
    decl=0x32acc4a0
    type=4
    baseVtx=245456
    numVerts=4
    primCount=2
    stride0=56
    hasNormal=1
    hasTexcoord=1
    tcType=1
    tex0
     =0x4a622e00
    tex1
     =0x0fcb51a0
    tex2
     =0x4a6207e0
    tex3
     =0x4a620900
    tex4
     =0x2de7f440
    tex5
     =0x2de80100
    tex6
     =0x4a620900
    tex7
     =0x32aa49a0
  SetVS shader=0x0fb3dfe0
  SetVSConstF start=0
    count=4
    c0-c3:
  row0: 0.761064, -0.000000, -0.257149, -30.874588
  row1: -0.174805, 1.319618, -0.517355, -154.505676
  row2: 0.295777, 0.382376, 0.875388, -37.743385
  row3: 0.295777, 0.382376, 0.875388, -33.443336
  SetVSConstF start=0
    count=4
    c0-c3:
  row0: 0.257150, -0.000000, 0.761064, 799.835754
  row1: 0.517355, 1.319618, -0.174805, -192.368271
  row2: -0.875388, 0.382376, 0.295778, 4043.313721
  row3: -0.875388, 0.382376, 0.295778, 4047.613770
  DIP #198
    decl=0x32acc4a0
    type=4
    baseVtx=44654
    numVerts=67
    primCount=37
    stride0=56
    hasNormal=1
    hasTexcoord=1
    tcType=1
    tex0
     =0x0f79a620
    tex1
     =0x0fcb51a0
    tex2
     =0x4a6207e0
    tex3
     =0x4a620900
    tex4
     =0x2de7f440
    tex5
     =0x2de80100
    tex6
     =0x4a620900
    tex7
     =0x32aa49a0
  DIP #199
    decl=0x32acc4a0
    type=4
    baseVtx=70152
    numVerts=378
    primCount=228
    stride0=56
    hasNormal=1
    hasTexcoord=1
    tcType=1
    tex0
     =0x39e2b5a0
    tex1
     =0x0fcb51a0
    tex2
     =0x4a6207e0
    tex3
     =0x4a620900
    tex4
     =0x2de7f440
    tex5
     =0x2de80100
    tex6
     =0x4a620900
    tex7
     =0x32aa49a0
  DIP #200
    decl=0x32acc4a0
    type=4
    baseVtx=77897
    numVerts=56
    primCount=38
    stride0=56
    hasNormal=1
    hasTexcoord=1
    tcType=1
    tex0
     =0x42cf7fe0
    tex1
     =0x0fcb51a0
    tex2
     =0x4a6207e0
    tex3
     =0x4a620900
    tex4
     =0x2de7f440
    tex5
     =0x2de80100
    tex6
     =0x4a620900
    tex7
     =0x32aa49a0
  SetVSConstF start=0
    count=4
    c0-c3:
  row0: 0.761064, -0.000000, -0.257149, -30.874588
  row1: -0.174805, 1.319618, -0.517355, -154.505676
  row2: 0.295777, 0.382376, 0.875388, -37.743385
  row3: 0.295777, 0.382376, 0.875388, -33.443336
  SetVSConstF start=0
    count=4
    c0-c3:
  row0: 0.761064, -0.000000, -0.257149, 1.682514
  row1: -0.174805, 1.319618, -0.517355, -126.737137
  row2: 0.295777, 0.382376, 0.875388, 124.489349
  row3: 0.295777, 0.382376, 0.875388, 128.789398
  SetVSConstF start=0
    count=4
    c0-c3:
  row0: 0.761064, -0.000000, -0.257149, -30.874588
  row1: -0.174805, 1.319618, -0.517355, -154.505676
  row2: 0.295777, 0.382376, 0.875388, -37.743385
  row3: 0.295777, 0.382376, 0.875388, -33.443336
  SetVS shader=0x2d329ea0
  SetVSConstF start=0
    count=80
    (large write, first 4x4):
      0.982699, 0.085911, -0.164079, 0.903763, -0.054236, 0.980558, 0.188587, 1.682378, 0.177091, -0.176425, 0.968252, 1.892537, 0.982699, 0.085911, -0.164079, 0.903763
  SetVSConstF start=76
    count=3
  SetVSConstF start=72
    count=4
    c72-c75:
  row0: 0.761064, -0.000000, -0.257149, -6.808850
  row1: -0.174805, 1.319618, -0.517355, -33.835548
  row2: 0.295777, 0.382376, 0.875388, 19.600285
  row3: 0.295777, 0.382376, 0.875388, 23.900333
  SetVSConstF start=79
    count=1
    data: -1.939131, 12.752686, -32.217617, 0.000000
  SetVSConstF start=0
    count=72
    (large write, first 4x4):
      0.994886, 0.032563, -0.095610, -3.998641, 0.044854, 0.705702, 0.707088, -51.982018, 0.090498, -0.707760, 0.700632, 11.339268, 0.989280, 0.052552, -0.136248, -5.549561
  SetVS shader=0x1bc1eb00
  SetVSConstF start=0
    count=76
    (large write, first 4x4):
      0.994886, 0.032563, -0.095610, -3.998641, 0.044854, 0.705702, 0.707088, -51.982018, 0.090498, -0.707760, 0.700632, 11.339268, 0.989280, 0.052552, -0.136248, -5.549561
  SetVSConstF start=72
    count=4
    c72-c75:
  row0: 0.761064, -0.000000, -0.257149, -57.511826
  row1: -0.174805, 1.319618, -0.517355, -42.818020
  row2: 0.295777, 0.382376, 0.875388, -17.505556
  row3: 0.295777, 0.382376, 0.875388, -13.205506
  SetVSConstF start=0
    count=72
    (large write, first 4x4):
      0.873603, -0.424574, -0.237813, 14.566776, 0.356461, 0.225616, 0.906660, -0.362041, -0.331290, -0.876832, 0.348443, 38.235420, 0.833686, -0.447884, 0.323061, 4.660259
  SetVSConstF start=72
    count=4
    c72-c75:
  row0: 0.761064, -0.000000, -0.257149, -6.808850
  row1: -0.174805, 1.319618, -0.517355, -33.835548
  row2: 0.295777, 0.382376, 0.875388, 19.600285
  row3: 0.295777, 0.382376, 0.875388, 23.900333
  SetVSConstF start=0
    count=72
    (large write, first 4x4):
      0.998751, -0.046274, 0.018850, -0.659320, 0.025584, 0.797654, 0.602573, -58.044285, -0.042919, -0.601338, 0.797841, 6.151352, 0.996376, 0.028350, 0.080194, -2.391443
  SetVSConstF start=0
    count=72
    (large write, first 4x4):
      0.997121, 0.075737, 0.003558, -10.212833, -0.019054, 0.204891, 0.978599, -37.107151, 0.073388, -0.975850, 0.205744, 6.291695, 0.980559, 0.072144, -0.182483, -8.440886
  SetVSConstF start=0
    count=72
    (large write, first 4x4):
      0.207819, -0.633061, -0.745684, -12.088242, 0.737199, -0.399691, 0.544779, 2.170757, -0.642922, -0.662933, 0.383629, -18.894114, 0.977731, -0.108837, 0.179432, 8.016819
  SetVSConstF start=72
    count=4
    c72-c75:
  row0: 0.761064, -0.000000, -0.257149, -57.511826
  row1: -0.174805, 1.319618, -0.517355, -42.818020
  row2: 0.295777, 0.382376, 0.875388, -17.505556
  row3: 0.295777, 0.382376, 0.875388, -13.205506
  SetVSConstF start=0
    count=72
    (large write, first 4x4):
      0.986158, 0.036442, -0.161756, 4.611438, -0.046071, 0.997357, -0.056186, -44.747181, 0.159281, 0.062861, 0.985230, -2.859722, 0.986158, 0.036446, -0.161755, 4.613535
  SetVSConstF start=0
    count=72
    (large write, first 4x4):
      0.994397, 0.072427, -0.077003, 1.750198, -0.079047, 0.993093, -0.086711, -44.396870, 0.070191, 0.092312, 0.993253, -5.162948, 0.986158, 0.036442, -0.161756, 4.611438
  SetVSConstF start=0
    count=72
    (large write, first 4x4):
      0.998601, 0.012563, 0.051371, 4.483043, -0.030163, 0.933187, 0.358122, -39.443562, -0.043439, -0.359171, 0.932260, 16.350033, 0.992776, 0.071031, 0.096697, 3.258336
  SetVSConstF start=0
    count=72
    (large write, first 4x4):
      0.986158, 0.036442, -0.161756, 4.611438, -0.046071, 0.997357, -0.056186, -44.747181, 0.159281, 0.062861, 0.985230, -2.859722, 0.992776, 0.071031, 0.096697, 3.258336
  SetVSConstF start=72
    count=4
    c72-c75:
  row0: 0.761454, -0.001802, -0.255985, 6.099977
  row1: -0.063959, 1.412599, -0.200197, -71.757957
  row2: 0.315499, 0.147142, 0.937448, 31.766672
  row3: 0.315499, 0.147142, 0.937448, 36.066723
  SetVSConstF start=0
    count=72
    (large write, first 4x4):
      0.982699, 0.085911, -0.164079, 0.903763, -0.054236, 0.980558, 0.188587, 1.682378, 0.177091, -0.176425, 0.968252, 1.892537, 0.982699, 0.085911, -0.164079, 0.903763
  SetVSConstF start=0
    count=72
    (large write, first 4x4):
      0.982699, 0.085911, -0.164079, 0.903763, -0.054236, 0.980558, 0.188587, 1.682378, 0.177091, -0.176425, 0.968252, 1.892537, 0.982699, 0.085911, -0.164079, 0.903763
  SetVS shader=0x2de7bb20
  SetVSConstF start=0
    count=8
    (large write, first 4x4):
      0.761454, -0.001802, -0.255985, 6.099977, -0.063959, 1.412599, -0.200197, -71.757957, 0.315499, 0.147142, 0.937448, 31.766672, 0.315499, 0.147142, 0.937448, 36.066723
  SetVSConstF start=4
    count=3
  SetVSConstF start=0
    count=4
    c0-c3:
  row0: 0.257150, -0.000000, 0.761064, 799.835754
  row1: 0.517355, 1.319618, -0.174805, -192.368271
  row2: -0.875388, 0.382376, 0.295778, 4043.313721
  row3: -0.875388, 0.382376, 0.295778, 4047.613770
  SetVSConstF start=7
    count=1
    data: 3273.318115, -1423.247314, -2156.939209, 0.000000
  SetVSConstF start=4
    count=3
  SetVSConstF start=0
    count=4
    c0-c3:
  row0: 0.761064, -0.000000, -0.257149, -30.874588
  row1: -0.174805, 1.319618, -0.517355, -154.505676
  row2: 0.295777, 0.382376, 0.875388, -37.743385
  row3: 0.295777, 0.382376, 0.875388, -33.443336
  SetVSConstF start=7
    count=1
    data: 33.060627, 112.752319, -22.218105, 0.000000
  SetVSConstF start=4
    count=3
  SetVSConstF start=0
    count=4
    c0-c3:
  row0: 0.761064, -0.000000, -0.257149, 1.682514
  row1: -0.174805, 1.319618, -0.517355, -126.737137
  row2: 0.295777, 0.382376, 0.875388, 124.489349
  row3: 0.295777, 0.382376, 0.875388, 128.789398
  SetVSConstF start=7
    count=1
    data: -50.939861, 32.752197, -144.218597, 0.000000
  SetVSConstF start=4
    count=3
  SetVSConstF start=0
    count=4
    c0-c3:
  row0: 0.761064, -0.000000, -0.257149, -30.874588
  row1: -0.174805, 1.319618, -0.517355, -154.505676
  row2: 0.295777, 0.382376, 0.875388, -37.743385
  row3: 0.295777, 0.382376, 0.875388, -33.443336
  SetVSConstF start=7
    count=1
    data: 33.060627, 112.752319, -22.218105, 0.000000
  SetVS shader=0x1c15eb00
  SetVSConstF start=0
    count=4
    c0-c3:
  row0: 0.761064, -0.000000, -0.257149, -30.874588
  row1: -0.174805, 1.319618, -0.517355, -154.505676
  row2: 0.295777, 0.382376, 0.875388, -37.743385
  row3: 0.295777, 0.382376, 0.875388, -33.443336
  SetVSConstF start=0
    count=4
    c0-c3:
  row0: 0.257150, -0.000000, 0.761064, 799.835754
  row1: 0.517355, 1.319618, -0.174805, -192.368271
  row2: -0.875388, 0.382376, 0.295778, 4043.313721
  row3: -0.875388, 0.382376, 0.295778, 4047.613770
  SetVS shader=0x2de76f20
  SetVSConstF start=0
    count=5
    (large write, first 4x4):
      0.257150, -0.000000, 0.761064, 799.835754, 0.517355, 1.319618, -0.174805, -192.368271, -0.875388, 0.382376, 0.295778, 4043.313721, -0.875388, 0.382376, 0.295778, 4047.613770
  SetVS shader=0x2de7a960
  SetVSConstF start=4
    count=1
    data: 0.500065, 0.500116, 0.000000, 0.000000
  SetVSConstF start=6
    count=2
    data: 0.500130, 0.499769, 0.000000, 0.000000, 0.000000, 0.000000, 0.000000, 0.000000
  SetVSConstF start=0
    count=4
    c0-c3:
  row0: 0.257150, -0.000000, 0.761064, 799.835754
  row1: 0.517355, 1.319618, -0.174805, -192.368271
  row2: -0.875388, 0.382376, 0.295778, 4043.313721
  row3: -0.875388, 0.382376, 0.295778, 4047.613770
  SetVSConstF start=0
    count=4
    c0-c3:
  row0: 0.761064, -0.000000, -0.257149, -30.874588
  row1: -0.174805, 1.319618, -0.517355, -154.505676
  row2: 0.295777, 0.382376, 0.875388, -37.743385
  row3: 0.295777, 0.382376, 0.875388, -33.443336
  SetVSConstF start=4
    count=1
    data: 0.500065, 0.500116, 0.000000, 0.000000
  SetVSConstF start=6
    count=2
    data: 0.500130, 0.499769, 0.000000, 0.000000, 0.000000, 0.000000, 0.000000, 0.000000
  SetVSConstF start=0
    count=4
    c0-c3:
  row0: 0.761064, -0.000000, -0.257149, 1.682514
  row1: -0.174805, 1.319618, -0.517355, -126.737137
  row2: 0.295777, 0.382376, 0.875388, 124.489349
  row3: 0.295777, 0.382376, 0.875388, 128.789398
  SetVS shader=0x0f7b3ce0
  SetVSConstF start=0
    count=9
    (large write, first 4x4):
      0.761064, -0.000000, -0.257149, 1.682514, -0.174805, 1.319618, -0.517355, -126.737137, 0.295777, 0.382376, 0.875388, 124.489349, 0.295777, 0.382376, 0.875388, 128.789398
  SetVSConstF start=7
    count=1
    data: -0.128598, -0.811064, -0.570644, 0.000000
  SetVSConstF start=4
    count=3
  SetVSConstF start=0
    count=4
    c0-c3:
  row0: 0.257150, -0.000000, 0.761064, 799.835754
  row1: 0.517355, 1.319618, -0.174805, -192.368271
  row2: -0.875388, 0.382376, 0.295778, 4043.313721
  row3: -0.875388, 0.382376, 0.295778, 4047.613770
  SetVSConstF start=8
    count=1
    data: 3273.318115, -1423.247314, -2156.939209, 0.000000
  SetVSConstF start=7
    count=1
    data: -0.129628, -0.809458, -0.572691, 0.000000
  SetVSConstF start=4
    count=3
  SetVSConstF start=0
    count=4
    c0-c3:
  row0: 0.258853, -0.002112, 0.760483, -633.878113
  row1: 0.516560, 1.320278, -0.172159, -1222.658936
  row2: -0.874840, 0.381249, 0.298837, 1767.062134
  row3: -0.874840, 0.381249, 0.298837, 1771.362183
  SetVSConstF start=8
    count=1
    data: 2113.568848, 114.046684, 114.421402, 0.000000
  SetVSConstF start=7
    count=1
    data: -0.128874, -0.809362, -0.572996, 0.000000
  SetVSConstF start=4
    count=3
  SetVSConstF start=0
    count=4
    c0-c3:
  row0: 0.258891, -0.002155, 0.760470, -633.789734
  row1: 0.515277, 1.320842, -0.171675, -1224.018188
  row2: -0.875194, 0.380289, 0.299025, 1766.755737
  row3: -0.875194, 0.380289, 0.299025, 1771.055786
  SetVSConstF start=8
    count=1
    data: 2113.503174, 117.039566, 114.238525, 0.000000
  SetVSConstF start=7
    count=1
    data: -0.128598, -0.811064, -0.570644, 0.000000
  SetVSConstF start=4
    count=3
  SetVSConstF start=0
    count=4
    c0-c3:
  row0: 0.257150, -0.000000, 0.761064, 799.835754
  row1: 0.517355, 1.319618, -0.174805, -192.368271
  row2: -0.875388, 0.382376, 0.295778, 4043.313721
  row3: -0.875388, 0.382376, 0.295778, 4047.613770
  SetVSConstF start=8
    count=1
    data: 3273.318115, -1423.247314, -2156.939209, 0.000000
  SetVS shader=0x0fb3c400
  SetVSConstF start=0
    count=9
    (large write, first 4x4):
      0.257150, -0.000000, 0.761064, 799.835754, 0.517355, 1.319618, -0.174805, -192.368271, -0.875388, 0.382376, 0.295778, 4043.313721, -0.875388, 0.382376, 0.295778, 4047.613770
  SetVS shader=0x2de7dc00
  SetVSConstF start=0
    count=12
    (large write, first 4x4):
      0.257150, -0.000000, 0.761064, 799.835754, 0.517355, 1.319618, -0.174805, -192.368271, -0.875388, 0.382376, 0.295778, 4043.313721, -0.875388, 0.382376, 0.295778, 4047.613770
  SetVS shader=0x1c15e600
  SetVSConstF start=0
    count=8
    (large write, first 4x4):
      0.257150, -0.000000, 0.761064, 799.835754, 0.517355, 1.319618, -0.174805, -192.368271, -0.875388, 0.382376, 0.295778, 4043.313721, -0.875388, 0.382376, 0.295778, 4047.613770
  SetVS shader=0x2de780e0
  SetVSConstF start=0
    count=9
    (large write, first 4x4):
      0.257150, -0.000000, 0.761064, 799.835754, 0.517355, 1.319618, -0.174805, -192.368271, -0.875388, 0.382376, 0.295778, 4043.313721, -0.875388, 0.382376, 0.295778, 4047.613770
  SetVS shader=0x0f7b53a0
  SetVSConstF start=0
    count=12
    (large write, first 4x4):
      -0.471408, -0.166932, 0.499908, 2261.626709, -0.316642, -0.632175, -0.009598, -2.257812, -0.000887, -0.000295, 0.000000, 2.194961, -0.948876, -0.315649, 0.000000, 2378.607910
  SetVSConstF start=8
    count=1
    data: 2996.100586, -1471.000000, -2190.000000, 0.000000
  SetVSConstF start=10
    count=1
    data: 0.000909, 0.000000, 0.000000, 0.000000
  SetVSConstF start=0
    count=4
    c0-c3:
  row0: -0.471408, -0.166932, 0.499908, 2261.626709
  row1: -0.316642, -0.632175, -0.009598, -2.257812
  row2: -0.000887, -0.000295, 0.000000, 2.194961
  row3: -0.948876, -0.315649, 0.000000, 2378.607910
  SetVSConstF start=9
    count=1
    data: -0.000887, -0.000295, 0.000000, 2.194961
  SetVSConstF start=4
    count=4
    c4-c7:
  row0: 0.257150, -0.000000, 0.761064, 799.835754
  row1: 0.517355, 1.319618, -0.174805, -192.368271
  row2: -0.875388, 0.382376, 0.295778, 4043.313721
  row3: -0.875388, 0.382376, 0.295778, 4047.613770
  SetVSConstF start=11
    count=1
    data: 3273.318115, -1423.247314, -2156.939209, 0.000000
  SetVSConstF start=8
    count=1
    data: -0.000263, 64.999634, 254.999390, 0.000000
  SetVSConstF start=10
    count=1
    data: 0.000909, 0.000000, 0.000000, 0.000000
  SetVSConstF start=0
    count=4
    c0-c3:
  row0: 0.499908, -0.166932, 0.471408, -109.358459
  row1: -0.009598, -0.632175, 0.316642, -39.652416
  row2: -0.000000, -0.000295, 0.000887, -0.234996
  row3: -0.000000, -0.315649, 0.948876, -221.446182
  SetVSConstF start=9
    count=1
    data: -0.000000, -0.000295, 0.000887, -0.234996
  SetVSConstF start=4
    count=4
    c4-c7:
  row0: 0.761064, -0.000000, -0.257149, -30.874588
  row1: -0.174805, 1.319618, -0.517355, -154.505676
  row2: 0.295777, 0.382376, 0.875388, -37.743385
  row3: 0.295777, 0.382376, 0.875388, -33.443336
  SetVSConstF start=11
    count=1
    data: 33.060627, 112.752319, -22.218105, 0.000000
  SetVS shader=0x0fb3c920
  SetVSConstF start=0
    count=12
    (large write, first 4x4):
      0.499908, -0.166932, 0.471408, -109.358459, -0.009598, -0.632175, 0.316642, -39.652416, -0.000000, -0.000295, 0.000887, -0.234996, -0.000000, -0.315649, 0.948876, -221.446182
  SetVSConstF start=8
    count=1
    data: 2996.100586, -1471.000000, -2190.000000, 0.000000
  SetVSConstF start=10
    count=1
    data: 0.000909, 0.000000, 0.000000, 0.000000
  SetVSConstF start=0
    count=4
    c0-c3:
  row0: -0.471408, -0.166932, 0.499908, 2261.626709
  row1: -0.316642, -0.632175, -0.009598, -2.257812
  row2: -0.000887, -0.000295, 0.000000, 2.194961
  row3: -0.948876, -0.315649, 0.000000, 2378.607910
  SetVSConstF start=9
    count=1
    data: -0.000887, -0.000295, 0.000000, 2.194961
  SetVSConstF start=4
    count=4
    c4-c7:
  row0: 0.257150, -0.000000, 0.761064, 799.835754
  row1: 0.517355, 1.319618, -0.174805, -192.368271
  row2: -0.875388, 0.382376, 0.295778, 4043.313721
  row3: -0.875388, 0.382376, 0.295778, 4047.613770
  SetVSConstF start=11
    count=1
    data: 3273.318115, -1423.247314, -2156.939209, 0.000000
  SetVSConstF start=8
    count=1
    data: -0.000263, 64.999634, 254.999390, 0.000000
  SetVSConstF start=10
    count=1
    data: 0.000909, 0.000000, 0.000000, 0.000000
  SetVSConstF start=0
    count=4
    c0-c3:
  row0: 0.499908, -0.166932, 0.471408, -109.358459
  row1: -0.009598, -0.632175, 0.316642, -39.652416
  row2: -0.000000, -0.000295, 0.000887, -0.234996
  row3: -0.000000, -0.315649, 0.948876, -221.446182
  SetVSConstF start=9
    count=1
    data: -0.000000, -0.000295, 0.000887, -0.234996
  SetVSConstF start=4
    count=4
    c4-c7:
  row0: 0.761064, -0.000000, -0.257149, -30.874588
  row1: -0.174805, 1.319618, -0.517355, -154.505676
  row2: 0.295777, 0.382376, 0.875388, -37.743385
  row3: 0.295777, 0.382376, 0.875388, -33.443336
  SetVSConstF start=11
    count=1
    data: 33.060627, 112.752319, -22.218105, 0.000000
  SetVS shader=0x2de7b600
  SetVSConstF start=0
    count=15
    (large write, first 4x4):
      0.499908, -0.166932, 0.471408, -109.358459, -0.009598, -0.632175, 0.316642, -39.652416, -0.000000, -0.000295, 0.000887, -0.234996, -0.000000, -0.315649, 0.948876, -221.446182
  SetVSConstF start=11
    count=1
    data: 2996.100586, -1471.000000, -2190.000000, 0.000000
  SetVSConstF start=13
    count=1
    data: 0.000909, 0.000000, 0.000000, 0.000000
  SetVSConstF start=0
    count=4
    c0-c3:
  row0: -0.471408, -0.166932, 0.499908, 2261.626709
  row1: -0.316642, -0.632175, -0.009598, -2.257812
  row2: -0.000887, -0.000295, 0.000000, 2.194961
  row3: -0.948876, -0.315649, 0.000000, 2378.607910
  SetVSConstF start=12
    count=1
    data: -0.000887, -0.000295, 0.000000, 2.194961
  SetVSConstF start=8
    count=3
  SetVSConstF start=4
    count=4
    c4-c7:
  row0: 0.257150, -0.000000, 0.761064, 799.835754
  row1: 0.517355, 1.319618, -0.174805, -192.368271
  row2: -0.875388, 0.382376, 0.295778, 4043.313721
  row3: -0.875388, 0.382376, 0.295778, 4047.613770
  SetVSConstF start=14
    count=1
    data: 3273.318115, -1423.247314, -2156.939209, 0.000000
  SetVSConstF start=11
    count=1
    data: -0.000263, 64.999634, 254.999390, 0.000000
  SetVSConstF start=13
    count=1
    data: 0.000909, 0.000000, 0.000000, 0.000000
  SetVSConstF start=0
    count=4
    c0-c3:
  row0: 0.499908, -0.166932, 0.471408, -109.358459
  row1: -0.009598, -0.632175, 0.316642, -39.652416
  row2: -0.000000, -0.000295, 0.000887, -0.234996
  row3: -0.000000, -0.315649, 0.948876, -221.446182
  SetVSConstF start=12
    count=1
    data: -0.000000, -0.000295, 0.000887, -0.234996
  SetVSConstF start=8
    count=3
  SetVSConstF start=4
    count=4
    c4-c7:
  row0: 0.761064, -0.000000, -0.257149, -30.874588
  row1: -0.174805, 1.319618, -0.517355, -154.505676
  row2: 0.295777, 0.382376, 0.875388, -37.743385
  row3: 0.295777, 0.382376, 0.875388, -33.443336
  SetVSConstF start=14
    count=1
    data: 33.060627, 112.752319, -22.218105, 0.000000
  SetVS shader=0x1c158340
  SetVSConstF start=0
    count=15
    (large write, first 4x4):
      0.499908, -0.166932, 0.471408, -109.358459, -0.009598, -0.632175, 0.316642, -39.652416, -0.000000, -0.000295, 0.000887, -0.234996, -0.000000, -0.315649, 0.948876, -221.446182
  SetVS shader=0x1c15eda0
  SetVSConstF start=0
    count=12
    (large write, first 4x4):
      0.499908, -0.166932, 0.471408, -109.358459, -0.009598, -0.632175, 0.316642, -39.652416, -0.000000, -0.000295, 0.000887, -0.234996, -0.000000, -0.315649, 0.948876, -221.446182
  SetVSConstF start=8
    count=1
    data: 2996.100586, -1471.000000, -2190.000000, 0.000000
  SetVSConstF start=10
    count=1
    data: 0.000909, 0.000000, 0.000000, 0.000000
  SetVSConstF start=0
    count=4
    c0-c3:
  row0: -0.471408, -0.166932, 0.499908, 2261.626709
  row1: -0.316642, -0.632175, -0.009598, -2.257812
  row2: -0.000887, -0.000295, 0.000000, 2.194961
  row3: -0.948876, -0.315649, 0.000000, 2378.607910
  SetVSConstF start=9
    count=1
    data: -0.000887, -0.000295, 0.000000, 2.194961
  SetVSConstF start=4
    count=4
    c4-c7:
  row0: 0.257150, -0.000000, 0.761064, 799.835754
  row1: 0.517355, 1.319618, -0.174805, -192.368271
  row2: -0.875388, 0.382376, 0.295778, 4043.313721
  row3: -0.875388, 0.382376, 0.295778, 4047.613770
  SetVSConstF start=11
    count=1
    data: 3273.318115, -1423.247314, -2156.939209, 0.000000
  SetVS shader=0x2de771c0
  SetVSConstF start=0
    count=12
    (large write, first 4x4):
      -0.471408, -0.166932, 0.499908, 2261.626709, -0.316642, -0.632175, -0.009598, -2.257812, -0.000887, -0.000295, 0.000000, 2.194961, -0.948876, -0.315649, 0.000000, 2378.607910
  SetVS shader=0x0f7b3540
  SetVSConstF start=0
    count=7
    (large write, first 4x4):
      0.257150, -0.000000, 0.761064, 799.835754, 0.517355, 1.319618, -0.174805, -192.368271, -0.875388, 0.382376, 0.295778, 4043.313721, -0.875388, 0.382376, 0.295778, 4047.613770
  SetVSConstF start=4
    count=1
    data: 3191.100586, -1456.000000, -2190.000000, 0.000000
  SetVSConstF start=5
    count=1
    data: 0.010000, 0.000000, 0.000000, 0.000000
  SetVSConstF start=0
    count=4
    c0-c3:
  row0: 0.257150, -0.000000, 0.761064, 799.835754
  row1: 0.517355, 1.319618, -0.174805, -192.368271
  row2: -0.875388, 0.382376, 0.295778, 4043.313721
  row3: -0.875388, 0.382376, 0.295778, 4047.613770
  SetVSConstF start=6
    count=1
    data: 3273.318115, -1423.247314, -2156.939209, 0.000000
  SetVSConstF start=4
    count=1
    data: -0.000193, 79.999634, 59.999409, 0.000000
  SetVSConstF start=5
    count=1
    data: 0.010000, 0.000000, 0.000000, 0.000000
  SetVSConstF start=0
    count=4
    c0-c3:
  row0: 0.761064, -0.000000, -0.257149, -30.874588
  row1: -0.174805, 1.319618, -0.517355, -154.505676
  row2: 0.295777, 0.382376, 0.875388, -37.743385
  row3: 0.295777, 0.382376, 0.875388, -33.443336
  SetVSConstF start=6
    count=1
    data: 33.060627, 112.752319, -22.218105, 0.000000
  SetVS shader=0x0fb3dd60
  SetVSConstF start=0
    count=7
    (large write, first 4x4):
      0.761064, -0.000000, -0.257149, -30.874588, -0.174805, 1.319618, -0.517355, -154.505676, 0.295777, 0.382376, 0.875388, -37.743385, 0.295777, 0.382376, 0.875388, -33.443336
  SetVSConstF start=4
    count=1
    data: 3191.100586, -1456.000000, -2190.000000, 0.000000
  SetVSConstF start=5
    count=1
    data: 0.010000, 0.000000, 0.000000, 0.000000
  SetVSConstF start=0
    count=4
    c0-c3:
  row0: 0.257150, -0.000000, 0.761064, 799.835754
  row1: 0.517355, 1.319618, -0.174805, -192.368271
  row2: -0.875388, 0.382376, 0.295778, 4043.313721
  row3: -0.875388, 0.382376, 0.295778, 4047.613770
  SetVSConstF start=6
    count=1
    data: 3273.318115, -1423.247314, -2156.939209, 0.000000
  SetVSConstF start=4
    count=1
    data: -0.000193, 79.999634, 59.999409, 0.000000
  SetVSConstF start=5
    count=1
    data: 0.010000, 0.000000, 0.000000, 0.000000
  SetVSConstF start=0
    count=4
    c0-c3:
  row0: 0.761064, -0.000000, -0.257149, -30.874588
  row1: -0.174805, 1.319618, -0.517355, -154.505676
  row2: 0.295777, 0.382376, 0.875388, -37.743385
  row3: 0.295777, 0.382376, 0.875388, -33.443336
  SetVSConstF start=6
    count=1
    data: 33.060627, 112.752319, -22.218105, 0.000000
  SetVSConstF start=4
    count=1
    data: -84.000679, -0.000488, -62.001080, 0.000000
  SetVSConstF start=5
    count=1
    data: 0.010000, 0.000000, 0.000000, 0.000000
  SetVSConstF start=0
    count=4
    c0-c3:
  row0: 0.761064, -0.000000, -0.257149, 1.682514
  row1: -0.174805, 1.319618, -0.517355, -126.737137
  row2: 0.295777, 0.382376, 0.875388, 124.489349
  row3: 0.295777, 0.382376, 0.875388, 128.789398
  SetVSConstF start=6
    count=1
    data: -50.939861, 32.752197, -144.218597, 0.000000
  SetVSConstF start=4
    count=1
    data: -0.000193, 79.999634, 59.999409, 0.000000
  SetVSConstF start=5
    count=1
    data: 0.010000, 0.000000, 0.000000, 0.000000
  SetVSConstF start=0
    count=4
    c0-c3:
  row0: 0.761064, -0.000000, -0.257149, -30.874588
  row1: -0.174805, 1.319618, -0.517355, -154.505676
  row2: 0.295777, 0.382376, 0.875388, -37.743385
  row3: 0.295777, 0.382376, 0.875388, -33.443336
  SetVSConstF start=6
    count=1
    data: 33.060627, 112.752319, -22.218105, 0.000000
  SetVS shader=0x2d32ba80
  SetVSConstF start=0
    count=82
    (large write, first 4x4):
      0.982699, 0.085911, -0.164079, 0.903763, -0.054236, 0.980558, 0.188587, 1.682378, 0.177091, -0.176425, 0.968252, 1.892537, 0.982699, 0.085911, -0.164079, 0.903763
  SetVSConstF start=79
    count=1
    data: -34.999950, -20.000000, 49.999897, 0.000000
  SetVSConstF start=80
    count=1
    data: 0.010000, 0.000000, 0.000000, 0.000000
  SetVSConstF start=76
    count=3
  SetVSConstF start=72
    count=4
    c72-c75:
  row0: 0.761064, -0.000000, -0.257149, -6.808850
  row1: -0.174805, 1.319618, -0.517355, -33.835548
  row2: 0.295777, 0.382376, 0.875388, 19.600285
  row3: 0.295777, 0.382376, 0.875388, 23.900333
  SetVSConstF start=81
    count=1
    data: -1.939131, 12.752686, -32.217617, 0.000000
  SetVSConstF start=0
    count=72
    (large write, first 4x4):
      0.994886, 0.032563, -0.095610, -3.998641, 0.044854, 0.705702, 0.707088, -51.982018, 0.090498, -0.707760, 0.700632, 11.339268, 0.989280, 0.052552, -0.136248, -5.549561
  SetVS shader=0x1bc1d6c0
  SetVSConstF start=0
    count=79
    (large write, first 4x4):
      0.994886, 0.032563, -0.095610, -3.998641, 0.044854, 0.705702, 0.707088, -51.982018, 0.090498, -0.707760, 0.700632, 11.339268, 0.989280, 0.052552, -0.136248, -5.549561
  SetVSConstF start=76
    count=1
    data: 35.000050, 0.000000, 59.999897, 0.000000
  SetVSConstF start=77
    count=1
    data: 0.010000, 0.000000, 0.000000, 0.000000
  SetVSConstF start=72
    count=4
    c72-c75:
  row0: 0.761064, -0.000000, -0.257149, -57.511826
  row1: -0.174805, 1.319618, -0.517355, -42.818020
  row2: 0.295777, 0.382376, 0.875388, -17.505556
  row3: 0.295777, 0.382376, 0.875388, -13.205506
  SetVSConstF start=78
    count=1
    data: 68.060867, 32.752686, -22.217617, 0.000000
  SetVSConstF start=0
    count=72
    (large write, first 4x4):
      0.873603, -0.424574, -0.237813, 14.566776, 0.356461, 0.225616, 0.906660, -0.362041, -0.331290, -0.876832, 0.348443, 38.235420, 0.833686, -0.447884, 0.323061, 4.660259
  SetVSConstF start=76
    count=1
    data: -34.999950, -20.000000, 49.999897, 0.000000
  SetVSConstF start=77
    count=1
    data: 0.010000, 0.000000, 0.000000, 0.000000
  SetVSConstF start=72
    count=4
    c72-c75:
  row0: 0.761064, -0.000000, -0.257149, -6.808850
  row1: -0.174805, 1.319618, -0.517355, -33.835548
  row2: 0.295777, 0.382376, 0.875388, 19.600285
  row3: 0.295777, 0.382376, 0.875388, 23.900333
  SetVSConstF start=78
    count=1
    data: -1.939131, 12.752686, -32.217617, 0.000000
  SetVSConstF start=0
    count=72
    (large write, first 4x4):
      0.998751, -0.046274, 0.018850, -0.659320, 0.025584, 0.797654, 0.602573, -58.044285, -0.042919, -0.601338, 0.797841, 6.151352, 0.996376, 0.028350, 0.080194, -2.391443
  SetVSConstF start=0
    count=72
    (large write, first 4x4):
      0.997121, 0.075737, 0.003558, -10.212833, -0.019054, 0.204891, 0.978599, -37.107151, 0.073388, -0.975850, 0.205744, 6.291695, 0.980559, 0.072144, -0.182483, -8.440886
  SetVSConstF start=0
    count=72
    (large write, first 4x4):
      0.207819, -0.633061, -0.745684, -12.088242, 0.737199, -0.399691, 0.544779, 2.170757, -0.642922, -0.662933, 0.383629, -18.894114, 0.977731, -0.108837, 0.179432, 8.016819
  SetVSConstF start=76
    count=1
    data: 35.000050, 0.000000, 59.999897, 0.000000
  SetVSConstF start=77
    count=1
    data: 0.010000, 0.000000, 0.000000, 0.000000
  SetVSConstF start=72
    count=4
    c72-c75:
  row0: 0.761064, -0.000000, -0.257149, -57.511826
  row1: -0.174805, 1.319618, -0.517355, -42.818020
  row2: 0.295777, 0.382376, 0.875388, -17.505556
  row3: 0.295777, 0.382376, 0.875388, -13.205506
  SetVSConstF start=78
    count=1
    data: 68.060867, 32.752686, -22.217617, 0.000000
  SetVSConstF start=0
    count=72
    (large write, first 4x4):
      0.986158, 0.036442, -0.161756, 4.611438, -0.046071, 0.997357, -0.056186, -44.747181, 0.159281, 0.062861, 0.985230, -2.859722, 0.986158, 0.036446, -0.161755, 4.613535
  SetVSConstF start=0
    count=72
    (large write, first 4x4):
      0.994397, 0.072427, -0.077003, 1.750198, -0.079047, 0.993093, -0.086711, -44.396870, 0.070191, 0.092312, 0.993253, -5.162948, 0.986158, 0.036442, -0.161756, 4.611438
  SetVSConstF start=0
    count=72
    (large write, first 4x4):
      0.998601, 0.012563, 0.051371, 4.483043, -0.030163, 0.933187, 0.358122, -39.443562, -0.043439, -0.359171, 0.932260, 16.350033, 0.992776, 0.071031, 0.096697, 3.258336
  SetVSConstF start=0
    count=72
    (large write, first 4x4):
      0.986158, 0.036442, -0.161756, 4.611438, -0.046071, 0.997357, -0.056186, -44.747181, 0.159281, 0.062861, 0.985230, -2.859722, 0.992776, 0.071031, 0.096697, 3.258336
  SetVSConstF start=76
    count=1
    data: -57.282280, -3.544752, 34.345776, 0.000000
  SetVSConstF start=77
    count=1
    data: 0.010000, 0.000000, 0.000000, 0.000000
  SetVSConstF start=72
    count=4
    c72-c75:
  row0: 0.761454, -0.001802, -0.255985, 6.099977
  row1: -0.063959, 1.412599, -0.200197, -71.757957
  row2: 0.315499, 0.147142, 0.937448, 31.766672
  row3: 0.315499, 0.147142, 0.937448, 36.066723
  SetVSConstF start=78
    count=1
    data: -20.826521, 44.408600, -38.434235, 0.000000
  SetVSConstF start=0
    count=72
    (large write, first 4x4):
      0.982699, 0.085911, -0.164079, 0.903763, -0.054236, 0.980558, 0.188587, 1.682378, 0.177091, -0.176425, 0.968252, 1.892537, 0.982699, 0.085911, -0.164079, 0.903763
  SetVSConstF start=0
    count=72
    (large write, first 4x4):
      0.982699, 0.085911, -0.164079, 0.903763, -0.054236, 0.980558, 0.188587, 1.682378, 0.177091, -0.176425, 0.968252, 1.892537, 0.982699, 0.085911, -0.164079, 0.903763
  SetVS shader=0x2de7de80
  SetVSConstF start=0
    count=10
    (large write, first 4x4):
      0.761454, -0.001802, -0.255985, 6.099977, -0.063959, 1.412599, -0.200197, -71.757957, 0.315499, 0.147142, 0.937448, 31.766672, 0.315499, 0.147142, 0.937448, 36.066723
  SetVSConstF start=7
    count=1
    data: -0.000193, 79.999634, 59.999409, 0.000000
  SetVSConstF start=8
    count=1
    data: 0.010000, 0.000000, 0.000000, 0.000000
  SetVSConstF start=4
    count=3
  SetVSConstF start=0
    count=4
    c0-c3:
  row0: 0.761064, -0.000000, -0.257149, -30.874588
  row1: -0.174805, 1.319618, -0.517355, -154.505676
  row2: 0.295777, 0.382376, 0.875388, -37.743385
  row3: 0.295777, 0.382376, 0.875388, -33.443336
  SetVSConstF start=9
    count=1
    data: 33.060627, 112.752319, -22.218105, 0.000000
  SetVSConstF start=7
    count=1
    data: -84.000679, -0.000488, -62.001080, 0.000000
  SetVSConstF start=8
    count=1
    data: 0.010000, 0.000000, 0.000000, 0.000000
  SetVSConstF start=4
    count=3
  SetVSConstF start=0
    count=4
    c0-c3:
  row0: 0.761064, -0.000000, -0.257149, 1.682514
  row1: -0.174805, 1.319618, -0.517355, -126.737137
  row2: 0.295777, 0.382376, 0.875388, 124.489349
  row3: 0.295777, 0.382376, 0.875388, 128.789398
  SetVSConstF start=9
    count=1
    data: -50.939861, 32.752197, -144.218597, 0.000000
  SetVSConstF start=7
    count=1
    data: -0.000193, 79.999634, 59.999409, 0.000000
  SetVSConstF start=8
    count=1
    data: 0.010000, 0.000000, 0.000000, 0.000000
  SetVSConstF start=4
    count=3
  SetVSConstF start=0
    count=4
    c0-c3:
  row0: 0.761064, -0.000000, -0.257149, -30.874588
  row1: -0.174805, 1.319618, -0.517355, -154.505676
  row2: 0.295777, 0.382376, 0.875388, -37.743385
  row3: 0.295777, 0.382376, 0.875388, -33.443336
  SetVSConstF start=9
    count=1
    data: 33.060627, 112.752319, -22.218105, 0.000000
  SetVS shader=0x1c159a00
  SetVSConstF start=0
    count=10
    (large write, first 4x4):
      0.761064, -0.000000, -0.257149, -30.874588, -0.174805, 1.319618, -0.517355, -154.505676, 0.295777, 0.382376, 0.875388, -37.743385, 0.295777, 0.382376, 0.875388, -33.443336
  SetVSConstF start=7
    count=1
    data: -84.000679, -0.000488, -62.001080, 0.000000
  SetVSConstF start=8
    count=1
    data: 0.010000, 0.000000, 0.000000, 0.000000
  SetVSConstF start=4
    count=3
  SetVSConstF start=0
    count=4
    c0-c3:
  row0: 0.761064, -0.000000, -0.257149, 1.682514
  row1: -0.174805, 1.319618, -0.517355, -126.737137
  row2: 0.295777, 0.382376, 0.875388, 124.489349
  row3: 0.295777, 0.382376, 0.875388, 128.789398
  SetVSConstF start=9
    count=1
    data: -50.939861, 32.752197, -144.218597, 0.000000
  SetVS shader=0x0f7b58c0
  SetVSConstF start=0
    count=10
    (large write, first 4x4):
      0.761064, -0.000000, -0.257149, 1.682514, -0.174805, 1.319618, -0.517355, -126.737137, 0.295777, 0.382376, 0.875388, 124.489349, 0.295777, 0.382376, 0.875388, 128.789398
  SetVSConstF start=4
    count=3
  SetVSConstF start=7
    count=3
  SetVSConstF start=0
    count=4
    c0-c3:
  row0: 0.257150, -0.000000, 0.761064, 799.835754
  row1: 0.517355, 1.319618, -0.174805, -192.368271
  row2: -0.875388, 0.382376, 0.295778, 4043.313721
  row3: -0.875388, 0.382376, 0.295778, 4047.613770
  SetVSConstF start=4
    count=3
  SetVSConstF start=7
    count=3
  SetVSConstF start=0
    count=4
    c0-c3:
  row0: 0.761064, -0.000000, -0.257149, -30.874588
  row1: -0.174805, 1.319618, -0.517355, -154.505676
  row2: 0.295777, 0.382376, 0.875388, -37.743385
  row3: 0.295777, 0.382376, 0.875388, -33.443336
  SetVS shader=0x0fb3d5c0
  SetVSConstF start=0
    count=10
    (large write, first 4x4):
      0.761064, -0.000000, -0.257149, -30.874588, -0.174805, 1.319618, -0.517355, -154.505676, 0.295777, 0.382376, 0.875388, -37.743385, 0.295777, 0.382376, 0.875388, -33.443336
  SetVSConstF start=4
    count=3
  SetVSConstF start=7
    count=3
  SetVSConstF start=0
    count=4
    c0-c3:
  row0: 0.257150, -0.000000, 0.761064, 799.835754
  row1: 0.517355, 1.319618, -0.174805, -192.368271
  row2: -0.875388, 0.382376, 0.295778, 4043.313721
  row3: -0.875388, 0.382376, 0.295778, 4047.613770
  SetVSConstF start=4
    count=3
  SetVSConstF start=7
    count=3
  SetVSConstF start=0
    count=4
    c0-c3:
  row0: 0.761064, -0.000000, -0.257149, -30.874588
  row1: -0.174805, 1.319618, -0.517355, -154.505676
  row2: 0.295777, 0.382376, 0.875388, -37.743385
  row3: 0.295777, 0.382376, 0.875388, -33.443336
  SetVSConstF start=4
    count=3
  SetVSConstF start=7
    count=3
  SetVSConstF start=0
    count=4
    c0-c3:
  row0: 0.761064, -0.000000, -0.257149, 1.682514
  row1: -0.174805, 1.319618, -0.517355, -126.737137
  row2: 0.295777, 0.382376, 0.875388, 124.489349
  row3: 0.295777, 0.382376, 0.875388, 128.789398
  SetVSConstF start=4
    count=3
  SetVSConstF start=7
    count=3
  SetVSConstF start=0
    count=4
    c0-c3:
  row0: 0.761064, -0.000000, -0.257149, -30.874588
  row1: -0.174805, 1.319618, -0.517355, -154.505676
  row2: 0.295777, 0.382376, 0.875388, -37.743385
  row3: 0.295777, 0.382376, 0.875388, -33.443336
  SetVS shader=0x2d327b20
  SetVSConstF start=0
    count=86
    (large write, first 4x4):
      0.982699, 0.085911, -0.164079, 0.903763, -0.054236, 0.980558, 0.188587, 1.682378, 0.177091, -0.176425, 0.968252, 1.892537, 0.982699, 0.085911, -0.164079, 0.903763
  SetVSConstF start=76
    count=3
  SetVSConstF start=79
    count=3
  SetVSConstF start=82
    count=3
  SetVSConstF start=72
    count=4
    c72-c75:
  row0: 0.761064, -0.000000, -0.257149, -6.808850
  row1: -0.174805, 1.319618, -0.517355, -33.835548
  row2: 0.295777, 0.382376, 0.875388, 19.600285
  row3: 0.295777, 0.382376, 0.875388, 23.900333
  SetVSConstF start=85
    count=1
    data: -1.939131, 12.752686, -32.217617, 0.000000
  SetVSConstF start=0
    count=72
    (large write, first 4x4):
      0.994886, 0.032563, -0.095610, -3.998641, 0.044854, 0.705702, 0.707088, -51.982018, 0.090498, -0.707760, 0.700632, 11.339268, 0.989280, 0.052552, -0.136248, -5.549561
  SetVS shader=0x1bc1e880
  SetVSConstF start=0
    count=82
    (large write, first 4x4):
      0.994886, 0.032563, -0.095610, -3.998641, 0.044854, 0.705702, 0.707088, -51.982018, 0.090498, -0.707760, 0.700632, 11.339268, 0.989280, 0.052552, -0.136248, -5.549561
  SetVSConstF start=76
    count=3
  SetVSConstF start=79
    count=3
  SetVSConstF start=72
    count=4
    c72-c75:
  row0: 0.761064, -0.000000, -0.257149, -57.511826
  row1: -0.174805, 1.319618, -0.517355, -42.818020
  row2: 0.295777, 0.382376, 0.875388, -17.505556
  row3: 0.295777, 0.382376, 0.875388, -13.205506
  SetVSConstF start=0
    count=72
    (large write, first 4x4):
      0.873603, -0.424574, -0.237813, 14.566776, 0.356461, 0.225616, 0.906660, -0.362041, -0.331290, -0.876832, 0.348443, 38.235420, 0.833686, -0.447884, 0.323061, 4.660259
  SetVSConstF start=76
    count=3
  SetVSConstF start=79
    count=3
  SetVSConstF start=72
    count=4
    c72-c75:
  row0: 0.761064, -0.000000, -0.257149, -6.808850
  row1: -0.174805, 1.319618, -0.517355, -33.835548
  row2: 0.295777, 0.382376, 0.875388, 19.600285
  row3: 0.295777, 0.382376, 0.875388, 23.900333
  SetVSConstF start=0
    count=72
    (large write, first 4x4):
      0.998751, -0.046274, 0.018850, -0.659320, 0.025584, 0.797654, 0.602573, -58.044285, -0.042919, -0.601338, 0.797841, 6.151352, 0.996376, 0.028350, 0.080194, -2.391443
  SetVSConstF start=0
    count=72
    (large write, first 4x4):
      0.997121, 0.075737, 0.003558, -10.212833, -0.019054, 0.204891, 0.978599, -37.107151, 0.073388, -0.975850, 0.205744, 6.291695, 0.980559, 0.072144, -0.182483, -8.440886
  SetVSConstF start=0
    count=72
    (large write, first 4x4):
      0.207819, -0.633061, -0.745684, -12.088242, 0.737199, -0.399691, 0.544779, 2.170757, -0.642922, -0.662933, 0.383629, -18.894114, 0.977731, -0.108837, 0.179432, 8.016819
  SetVSConstF start=76
    count=3
  SetVSConstF start=79
    count=3
  SetVSConstF start=72
    count=4
    c72-c75:
  row0: 0.761064, -0.000000, -0.257149, -57.511826
  row1: -0.174805, 1.319618, -0.517355, -42.818020
  row2: 0.295777, 0.382376, 0.875388, -17.505556
  row3: 0.295777, 0.382376, 0.875388, -13.205506
  SetVSConstF start=0
    count=72
    (large write, first 4x4):
      0.986158, 0.036442, -0.161756, 4.611438, -0.046071, 0.997357, -0.056186, -44.747181, 0.159281, 0.062861, 0.985230, -2.859722, 0.986158, 0.036446, -0.161755, 4.613535
  SetVSConstF start=0
    count=72
    (large write, first 4x4):
      0.994397, 0.072427, -0.077003, 1.750198, -0.079047, 0.993093, -0.086711, -44.396870, 0.070191, 0.092312, 0.993253, -5.162948, 0.986158, 0.036442, -0.161756, 4.611438
  SetVSConstF start=0
    count=72
    (large write, first 4x4):
      0.998601, 0.012563, 0.051371, 4.483043, -0.030163, 0.933187, 0.358122, -39.443562, -0.043439, -0.359171, 0.932260, 16.350033, 0.992776, 0.071031, 0.096697, 3.258336
  SetVSConstF start=0
    count=72
    (large write, first 4x4):
      0.986158, 0.036442, -0.161756, 4.611438, -0.046071, 0.997357, -0.056186, -44.747181, 0.159281, 0.062861, 0.985230, -2.859722, 0.992776, 0.071031, 0.096697, 3.258336
  SetVSConstF start=76
    count=3
  SetVSConstF start=79
    count=3
  SetVSConstF start=72
    count=4
    c72-c75:
  row0: 0.761454, -0.001802, -0.255985, 6.099977
  row1: -0.063959, 1.412599, -0.200197, -71.757957
  row2: 0.315499, 0.147142, 0.937448, 31.766672
  row3: 0.315499, 0.147142, 0.937448, 36.066723
  SetVSConstF start=0
    count=72
    (large write, first 4x4):
      0.982699, 0.085911, -0.164079, 0.903763, -0.054236, 0.980558, 0.188587, 1.682378, 0.177091, -0.176425, 0.968252, 1.892537, 0.982699, 0.085911, -0.164079, 0.903763
  SetVSConstF start=0
    count=72
    (large write, first 4x4):
      0.982699, 0.085911, -0.164079, 0.903763, -0.054236, 0.980558, 0.188587, 1.682378, 0.177091, -0.176425, 0.968252, 1.892537, 0.982699, 0.085911, -0.164079, 0.903763
  SetVS shader=0x2de7c020
  SetVSConstF start=0
    count=14
    (large write, first 4x4):
      0.761454, -0.001802, -0.255985, 6.099977, -0.063959, 1.412599, -0.200197, -71.757957, 0.315499, 0.147142, 0.937448, 31.766672, 0.315499, 0.147142, 0.937448, 36.066723
  SetVSConstF start=4
    count=3
  SetVSConstF start=7
    count=3
  SetVSConstF start=10
    count=3
  SetVSConstF start=0
    count=4
    c0-c3:
  row0: 0.761064, -0.000000, -0.257149, -30.874588
  row1: -0.174805, 1.319618, -0.517355, -154.505676
  row2: 0.295777, 0.382376, 0.875388, -37.743385
  row3: 0.295777, 0.382376, 0.875388, -33.443336
  SetVSConstF start=13
    count=1
    data: 33.060627, 112.752319, -22.218105, 0.000000
  SetVSConstF start=4
    count=3
  SetVSConstF start=7
    count=3
  SetVSConstF start=10
    count=3
  SetVSConstF start=0
    count=4
    c0-c3:
  row0: 0.761064, -0.000000, -0.257149, 1.682514
  row1: -0.174805, 1.319618, -0.517355, -126.737137
  row2: 0.295777, 0.382376, 0.875388, 124.489349
  row3: 0.295777, 0.382376, 0.875388, 128.789398
  SetVSConstF start=13
    count=1
    data: -50.939861, 32.752197, -144.218597, 0.000000
  SetVSConstF start=4
    count=3
  SetVSConstF start=7
    count=3
  SetVSConstF start=10
    count=3
  SetVSConstF start=0
    count=4
    c0-c3:
  row0: 0.761064, -0.000000, -0.257149, -30.874588
  row1: -0.174805, 1.319618, -0.517355, -154.505676
  row2: 0.295777, 0.382376, 0.875388, -37.743385
  row3: 0.295777, 0.382376, 0.875388, -33.443336
  SetVSConstF start=13
    count=1
    data: 33.060627, 112.752319, -22.218105, 0.000000
  SetVS shader=0x1c15a1a0
  SetVSConstF start=0
    count=14
    (large write, first 4x4):
      0.761064, -0.000000, -0.257149, -30.874588, -0.174805, 1.319618, -0.517355, -154.505676, 0.295777, 0.382376, 0.875388, -37.743385, 0.295777, 0.382376, 0.875388, -33.443336
  SetVSConstF start=4
    count=3
  SetVSConstF start=7
    count=3
  SetVSConstF start=10
    count=3
  SetVSConstF start=0
    count=4
    c0-c3:
  row0: 0.761064, -0.000000, -0.257149, 1.682514
  row1: -0.174805, 1.319618, -0.517355, -126.737137
  row2: 0.295777, 0.382376, 0.875388, 124.489349
  row3: 0.295777, 0.382376, 0.875388, 128.789398
  SetVSConstF start=13
    count=1
    data: -50.939861, 32.752197, -144.218597, 0.000000
  SetVS shader=0x28da8160
  SetVSConstF start=0
    count=4
    c0-c3:
  row0: 0.761064, -0.000000, -0.257149, 1.682514
  row1: -0.174805, 1.319618, -0.517355, -126.737137
  row2: 0.295777, 0.382376, 0.875388, 124.489349
  row3: 0.295777, 0.382376, 0.875388, 128.789398
  SetVSConstF start=0
    count=4
    c0-c3:
  row0: 0.257150, -0.000000, 0.761064, 799.835754
  row1: 0.517355, 1.319618, -0.174805, -192.368271
  row2: -0.875388, 0.382376, 0.295778, 4043.313721
  row3: -0.875388, 0.382376, 0.295778, 4047.613770
  SetVS shader=0x28da7740
  SetVSConstF start=0
    count=4
    c0-c3:
  row0: 0.257150, -0.000000, 0.761064, 799.835754
  row1: 0.517355, 1.319618, -0.174805, -192.368271
  row2: -0.875388, 0.382376, 0.295778, 4043.313721
  row3: -0.875388, 0.382376, 0.295778, 4047.613770
  SetVSConstF start=0
    count=4
    c0-c3:
  row0: 0.761064, -0.000000, -0.257149, -329.436523
  row1: -0.174805, 1.319618, -0.517355, -1228.034668
  row2: 0.295777, 0.382376, 0.875388, 2092.542969
  row3: 0.295777, 0.382376, 0.875388, 2096.843018
  SetVS shader=0x36660140
  SetVSConstF start=0
    count=4
    c0-c3:
  row0: 0.000521, 0.000000, 0.000000, -1.000000
  row1: 0.000000, -0.000926, 0.000000, 1.000000
  row2: 0.000000, 0.000000, 1.000000, 0.000000
  row3: 0.000000, 0.000000, 0.000000, 1.000000
  SetVS shader=0x36660140
  SetVSConstF start=0
    count=4
    c0-c3:
  row0: 0.000521, 0.000000, 0.000000, -1.000000
  row1: 0.000000, -0.000926, 0.000000, 1.000000
  row2: 0.000000, 0.000000, 1.000000, 0.000000
  row3: 0.000000, 0.000000, 0.000000, 1.000000
  SetVS shader=0x00000000
==== PRESENT frame 7982
  diagFrame: 0
  drawCalls: 376
  scenes: 1
  VS regs written: c0
c1
c2
c3
c4
c5
c6
c7
c8
c9
c10
c11
c12
c13
c14
c15
c16
c17
c18
c19
c20
c21
c22
c23
c24
c25
c26
c27
c28
c29
c30
c31
c32
c33
c34
c35
c36
c37
c38
c39
c40
c41
c42
c43
c44
c45
c46
c47
c48
c49
c50
c51
c52
c53
c54
c55
c56
c57
c58
c59
c60
c61
c62
c63
c64
c65
c66
c67
c68
c69
c70
c71
c72
c73
c74
c75
c76
c77
c78
c79
c80
c81
c82
c83
c84
c85

  Unique textures per stage:
    stage 0
      unique=32
    stage 1
      unique=32
    stage 2
      unique=32
    stage 3
      unique=32
    stage 4
      unique=30
    stage 5
      unique=13
    stage 6
      unique=1
    stage 7
      unique=1
-- BeginScene #1
  SetVS shader=0x1b70fea0
  SetVSConstF start=0
    count=4
    c0-c3:
  row0: 0.761064, -0.000000, -0.257149, -329.436523
  row1: -0.174805, 1.319618, -0.517355, -1228.034668
  row2: 0.295777, 0.382376, 0.875388, 2092.542969
  row3: 0.295777, 0.382376, 0.875388, 2096.843018
  SetVSConstF start=0
    count=4
    c0-c3:
  row0: 0.250010, 0.000000, -0.763439, 0.000003
  row1: -0.482808, 1.334730, -0.158109, 0.000036
  row2: 0.888176, 0.355732, 0.290859, -0.010049
  row3: 0.888176, 0.355732, 0.290859, -0.000039
  DIP #1
    decl=0x32acce80
    type=4
    baseVtx=481846
    numVerts=24
    primCount=12
    stride0=32
    hasNormal=1
    hasTexcoord=1
    tcType=1
    tex0
     =0x0fc0cb40
    tex1
     =0x2be41220
    tex2
     =0x4a6207e0
    tex3
     =0x4a620900
    tex4
     =0x4a620900
    tex5
     =0x4a6207e0
    tex6
     =0x4a620900
    tex7
     =0x32aa49a0
    vtx0 raw (32
 bytes):
      00 00 FA C3 00 00 FA 43 00 00 FA 43 | 3D CD 13 3F | 34 CD 13 BF | 3D CD 13 BF | 00 00 00 00 | 00 00 00 00 | 
      pos: -500.000000, 500.000000, 500.000000
    c0-c3:
  row0: 0.250010, 0.000000, -0.763439, 0.000003
  row1: -0.482808, 1.334730, -0.158109, 0.000036
  row2: 0.888176, 0.355732, 0.290859, -0.010049
  row3: 0.888176, 0.355732, 0.290859, -0.000039
    c4-c7:
  row0: -84.000587, -20.000488, -332.002045, 0.000000
  row1: 2105.998047, 1455.999512, 3129.100098, 0.000000
  row2: 2105.998047, 1455.999512, 3129.100098, 0.000000
  row3: 0.003333, 0.000000, 0.000000, 0.000000
    c8-c11:
  row0: 1.000000, 0.000000, 0.000000, 0.000000
  row1: 1.000000, 0.000000, 0.000000, 0.000000
  row2: 0.000000, -0.000000, -1.000000, 3129.100586
  row3: 0.000000, 1.000000, -0.000000, -1456.000000
    c12-c15:
  row0: 1.000000, 0.000000, 0.000000, -2106.000000
  row1: -50.939861, 32.752197, -144.218597, 0.000000
  row2: 0.167068, -0.185945, 0.968252, 1.947453
  row3: 0.982699, 0.085911, -0.164079, 0.903763
    c16-c19:
  row0: -0.054236, 0.980558, 0.188587, 1.682378
  row1: 0.177091, -0.176425, 0.968252, 1.892537
  row2: 0.982699, 0.085911, -0.164079, 0.903763
  row3: -0.054236, 0.980558, 0.188587, 1.682378
    c20-c23:
  row0: 0.177091, -0.176425, 0.968252, 1.892536
  row1: 0.982699, 0.085911, -0.164079, 0.903763
  row2: -0.054236, 0.980558, 0.188587, 1.682378
  row3: 0.177091, -0.176425, 0.968252, 1.892537
  SetVS shader=0x3665c480
  SetVSConstF start=0
    count=4
    c0-c3:
  row0: 0.250010, 0.000000, -0.763439, 0.000003
  row1: -0.482808, 1.334730, -0.158109, 0.000036
  row2: 0.888176, 0.355732, 0.290859, -0.010049
  row3: 0.888176, 0.355732, 0.290859, -0.000039
  SetVSConstF start=0
    count=4
    c0-c3:
  row0: 0.250010, 0.000000, -0.763439, -1833.248291
  row1: -0.482808, 1.334730, -0.158109, -333.353363
  row2: 0.888176, 0.355732, 0.290859, 3525.532471
  row3: 0.888176, 0.355732, 0.290859, 3525.542480
  DIP #2
    decl=0x04a5c8e0
    type=4
    baseVtx=0
    numVerts=8
    primCount=4
    stride0=60
    hasNormal=1
    hasTexcoord=1
    tcType=1
    tex0
     =0x1c165b20
    tex1
     =0x2be41220
    tex2
     =0x4a6207e0
    tex3
     =0x4a620900
    tex4
     =0x4a620900
    tex5
     =0x4a6207e0
    tex6
     =0x4a620900
    tex7
     =0x32aa49a0
    vtx0 raw (60
 bytes):
      23 3D 35 C5 7A 12 62 C4 05 B4 42 C5 | FF FF FF 7F | 00 00 00 00 | 00 00 00 00 | D2 4F DD 3A | 84 EC 81 BE | C7 9E 77 BF E8 FF 7F 3F E2 91 93 2D 0A CD E4 3A 68 3D E8 B9 DE 9E 77 BF 76 EC 81 3E 
      pos: -2899.821045, -904.288696, -3115.251221
    c0-c3:
  row0: 0.250010, 0.000000, -0.763439, -1833.248291
  row1: -0.482808, 1.334730, -0.158109, -333.353363
  row2: 0.888176, 0.355732, 0.290859, 3525.532471
  row3: 0.888176, 0.355732, 0.290859, 3525.542480
    c4-c7:
  row0: -84.000587, -20.000488, -332.002045, 0.000000
  row1: 2105.998047, 1455.999512, 3129.100098, 0.000000
  row2: 2105.998047, 1455.999512, 3129.100098, 0.000000
  row3: 0.003333, 0.000000, 0.000000, 0.000000
    c8-c11:
  row0: 1.000000, 0.000000, 0.000000, 0.000000
  row1: 1.000000, 0.000000, 0.000000, 0.000000
  row2: 0.000000, -0.000000, -1.000000, 3129.100586
  row3: 0.000000, 1.000000, -0.000000, -1456.000000
    c12-c15:
  row0: 1.000000, 0.000000, 0.000000, -2106.000000
  row1: -50.939861, 32.752197, -144.218597, 0.000000
  row2: 0.167068, -0.185945, 0.968252, 1.947453
  row3: 0.982699, 0.085911, -0.164079, 0.903763
    c16-c19:
  row0: -0.054236, 0.980558, 0.188587, 1.682378
  row1: 0.177091, -0.176425, 0.968252, 1.892537
  row2: 0.982699, 0.085911, -0.164079, 0.903763
  row3: -0.054236, 0.980558, 0.188587, 1.682378
    c20-c23:
  row0: 0.177091, -0.176425, 0.968252, 1.892536
  row1: 0.982699, 0.085911, -0.164079, 0.903763
  row2: -0.054236, 0.980558, 0.188587, 1.682378
  row3: 0.177091, -0.176425, 0.968252, 1.892537
  SetVS shader=0x1b711800
  SetVSConstF start=0
    count=7
    (large write, first 4x4):
      0.250010, 0.000000, -0.763439, -1833.248291, -0.482808, 1.334730, -0.158109, -333.353363, 0.888176, 0.355732, 0.290859, 3525.532471, 0.888176, 0.355732, 0.290859, 3525.542480
  SetVSConstF start=0
    count=4
    c0-c3:
  row0: 0.250010, 0.000000, -0.763439, -0.775501
  row1: -0.482808, 1.334730, -0.158109, 84.255913
  row2: 0.888176, 0.355732, 0.290859, 17.154570
  row3: 0.888176, 0.355732, 0.290859, 17.164579
  SetVSConstF start=6
    count=1
    data: 0.151670, 0.015167, 0.000000, 0.000000
  SetVSConstF start=5
    count=1
    data: 1.000000, 1.000000, 1.000000, 1.000000
  SetVSConstF start=4
    count=1
    data: 1.000000, 1.000000, 1.000000, 1.000000
  DIP #3
    decl=0x32acc140
    type=4
    baseVtx=481878
    numVerts=4
    primCount=2
    stride0=32
    hasNormal=0
    hasTexcoord=1
    tcType=1
    tex0
     =0x1b830ca0
    tex1
     =0x1b831140
    tex2
     =0x4a6207e0
    tex3
     =0x4a620900
    tex4
     =0x4a620900
    tex5
     =0x4a6207e0
    tex6
     =0x4a620900
    tex7
     =0x32aa49a0
    vtx0 raw (32
 bytes):
      00 80 93 C3 00 2C 9F BF 90 4F 96 43 | FF FF FF FF | 00 00 00 BF | 00 00 00 BF | 00 00 00 00 | 00 00 00 00 | 
      pos: -295.000000, -1.243530, 300.621582
    c0-c3:
  row0: 0.250010, 0.000000, -0.763439, -0.775501
  row1: -0.482808, 1.334730, -0.158109, 84.255913
  row2: 0.888176, 0.355732, 0.290859, 17.154570
  row3: 0.888176, 0.355732, 0.290859, 17.164579
    c4-c7:
  row0: 1.000000, 1.000000, 1.000000, 1.000000
  row1: 1.000000, 1.000000, 1.000000, 1.000000
  row2: 0.151670, 0.015167, 0.000000, 0.000000
  row3: 0.003333, 0.000000, 0.000000, 0.000000
    c8-c11:
  row0: 1.000000, 0.000000, 0.000000, 0.000000
  row1: 1.000000, 0.000000, 0.000000, 0.000000
  row2: 0.000000, -0.000000, -1.000000, 3129.100586
  row3: 0.000000, 1.000000, -0.000000, -1456.000000
    c12-c15:
  row0: 1.000000, 0.000000, 0.000000, -2106.000000
  row1: -50.939861, 32.752197, -144.218597, 0.000000
  row2: 0.167068, -0.185945, 0.968252, 1.947453
  row3: 0.982699, 0.085911, -0.164079, 0.903763
    c16-c19:
  row0: -0.054236, 0.980558, 0.188587, 1.682378
  row1: 0.177091, -0.176425, 0.968252, 1.892537
  row2: 0.982699, 0.085911, -0.164079, 0.903763
  row3: -0.054236, 0.980558, 0.188587, 1.682378
    c20-c23:
  row0: 0.177091, -0.176425, 0.968252, 1.892536
  row1: 0.982699, 0.085911, -0.164079, 0.903763
  row2: -0.054236, 0.980558, 0.188587, 1.682378
  row3: 0.177091, -0.176425, 0.968252, 1.892537
  SetVS shader=0x0f7b37e0
  SetVSConstF start=0
    count=4
    c0-c3:
  row0: 0.250010, 0.000000, -0.763439, -0.775501
  row1: -0.482808, 1.334730, -0.158109, 84.255913
  row2: 0.888176, 0.355732, 0.290859, 17.154570
  row3: 0.888176, 0.355732, 0.290859, 17.164579
  SetVSConstF start=0
    count=4
    c0-c3:
  row0: 0.250010, 0.000000, -0.763439, -2428.122559
  row1: -0.482808, 1.334730, -0.158109, 3067.233398
  row2: 0.888176, 0.355732, 0.290859, -1646.581665
  row3: 0.888176, 0.355732, 0.290859, -1642.281616
  DIP #4
    decl=0x32acc4a0
    type=4
    baseVtx=146967
    numVerts=42
    primCount=28
    stride0=56
    hasNormal=1
    hasTexcoord=1
    tcType=1
    tex0
     =0x0fcb51a0
    tex1
     =0x32a9f660
    tex2
     =0x4a6207e0
    tex3
     =0x4a620900
    tex4
     =0x4a620900
    tex5
     =0x4a6207e0
    tex6
     =0x4a620900
    tex7
     =0x32aa49a0
    vtx0 raw (56
 bytes):
      00 00 48 C3 00 80 FE C4 00 F0 96 45 | 00 00 00 00 | AC C5 A7 36 | 00 00 80 BF | AB AA 2A BF | 00 00 80 3F | 00 00 80 3F 00 00 00 00 00 00 00 00 00 00 00 00 00 00 80 BF AC C5 A7 B6 
      pos: -200.000000, -2036.000000, 4830.000000
    c0-c3:
  row0: 0.250010, 0.000000, -0.763439, -2428.122559
  row1: -0.482808, 1.334730, -0.158109, 3067.233398
  row2: 0.888176, 0.355732, 0.290859, -1646.581665
  row3: 0.888176, 0.355732, 0.290859, -1642.281616
    c4-c7:
  row0: 1.000000, 1.000000, 1.000000, 1.000000
  row1: 1.000000, 1.000000, 1.000000, 1.000000
  row2: 0.151670, 0.015167, 0.000000, 0.000000
  row3: 0.003333, 0.000000, 0.000000, 0.000000
    c8-c11:
  row0: 1.000000, 0.000000, 0.000000, 0.000000
  row1: 1.000000, 0.000000, 0.000000, 0.000000
  row2: 0.000000, -0.000000, -1.000000, 3129.100586
  row3: 0.000000, 1.000000, -0.000000, -1456.000000
    c12-c15:
  row0: 1.000000, 0.000000, 0.000000, -2106.000000
  row1: -50.939861, 32.752197, -144.218597, 0.000000
  row2: 0.167068, -0.185945, 0.968252, 1.947453
  row3: 0.982699, 0.085911, -0.164079, 0.903763
    c16-c19:
  row0: -0.054236, 0.980558, 0.188587, 1.682378
  row1: 0.177091, -0.176425, 0.968252, 1.892537
  row2: 0.982699, 0.085911, -0.164079, 0.903763
  row3: -0.054236, 0.980558, 0.188587, 1.682378
    c20-c23:
  row0: 0.177091, -0.176425, 0.968252, 1.892536
  row1: 0.982699, 0.085911, -0.164079, 0.903763
  row2: -0.054236, 0.980558, 0.188587, 1.682378
  row3: 0.177091, -0.176425, 0.968252, 1.892537
  DIP #5
    decl=0x32acc4a0
    type=4
    baseVtx=146967
    numVerts=4
    primCount=2
    stride0=56
    hasNormal=1
    hasTexcoord=1
    tcType=1
    tex0
     =0x0fcb51a0
    tex1
     =0x32a9f660
    tex2
     =0x4a6207e0
    tex3
     =0x4a620900
    tex4
     =0x4a620900
    tex5
     =0x4a6207e0
    tex6
     =0x4a620900
    tex7
     =0x32aa49a0
    vtx0 raw (56
 bytes):
      00 00 48 C3 00 80 FE C4 00 F0 96 45 | 00 00 00 00 | AC C5 A7 36 | 00 00 80 BF | AB AA 2A BF | 00 00 80 3F | 00 00 80 3F 00 00 00 00 00 00 00 00 00 00 00 00 00 00 80 BF AC C5 A7 B6 
      pos: -200.000000, -2036.000000, 4830.000000
    c0-c3:
  row0: 0.250010, 0.000000, -0.763439, -2428.122559
  row1: -0.482808, 1.334730, -0.158109, 3067.233398
  row2: 0.888176, 0.355732, 0.290859, -1646.581665
  row3: 0.888176, 0.355732, 0.290859, -1642.281616
    c4-c7:
  row0: 1.000000, 1.000000, 1.000000, 1.000000
  row1: 1.000000, 1.000000, 1.000000, 1.000000
  row2: 0.151670, 0.015167, 0.000000, 0.000000
  row3: 0.003333, 0.000000, 0.000000, 0.000000
    c8-c11:
  row0: 1.000000, 0.000000, 0.000000, 0.000000
  row1: 1.000000, 0.000000, 0.000000, 0.000000
  row2: 0.000000, -0.000000, -1.000000, 3129.100586
  row3: 0.000000, 1.000000, -0.000000, -1456.000000
    c12-c15:
  row0: 1.000000, 0.000000, 0.000000, -2106.000000
  row1: -50.939861, 32.752197, -144.218597, 0.000000
  row2: 0.167068, -0.185945, 0.968252, 1.947453
  row3: 0.982699, 0.085911, -0.164079, 0.903763
    c16-c19:
  row0: -0.054236, 0.980558, 0.188587, 1.682378
  row1: 0.177091, -0.176425, 0.968252, 1.892537
  row2: 0.982699, 0.085911, -0.164079, 0.903763
  row3: -0.054236, 0.980558, 0.188587, 1.682378
    c20-c23:
  row0: 0.177091, -0.176425, 0.968252, 1.892536
  row1: 0.982699, 0.085911, -0.164079, 0.903763
  row2: -0.054236, 0.980558, 0.188587, 1.682378
  row3: 0.177091, -0.176425, 0.968252, 1.892537
  DIP #6
    decl=0x32acc4a0
    type=4
    baseVtx=110727
    numVerts=33
    primCount=17
    stride0=56
    hasNormal=1
    hasTexcoord=1
    tcType=1
    tex0
     =0x0fcb51a0
    tex1
     =0x2de80dc0
    tex2
     =0x4a6207e0
    tex3
     =0x4a620900
    tex4
     =0x4a620900
    tex5
     =0x4a6207e0
    tex6
     =0x4a620900
    tex7
     =0x32aa49a0
    vtx0 raw (56
 bytes):
      00 00 FA 45 00 00 A7 C4 00 C0 0A C5 | 00 00 00 00 | 00 00 80 3F | 00 00 00 00 | FF FF 1F 42 | FF FF 8B 41 | 00 00 80 3F 00 00 00 00 00 00 00 00 00 00 00 00 00 00 00 00 00 00 80 BF 
      pos: 8000.000000, -1336.000000, -2220.000000
  DIP #7
    decl=0x32acc4a0
    type=4
    baseVtx=110760
    numVerts=20
    primCount=12
    stride0=56
    hasNormal=1
    hasTexcoord=1
    tcType=1
    tex0
     =0x2de824e0
    tex1
     =0x2de80dc0
    tex2
     =0x4a6207e0
    tex3
     =0x4a620900
    tex4
     =0x4a620900
    tex5
     =0x4a6207e0
    tex6
     =0x4a620900
    tex7
     =0x32aa49a0
    vtx0 raw (56
 bytes):
      00 60 F9 45 00 00 A7 C4 00 80 09 C5 | 00 00 00 00 | 00 00 80 3F | 00 00 00 00 | FF FF 01 42 | 00 00 8C 41 | 00 00 00 00 00 00 00 00 00 00 80 BF 00 00 80 BF 00 00 00 00 00 00 00 00 
      pos: 7980.000000, -1336.000000, -2200.000000
  DIP #8
    decl=0x32acc4a0
    type=4
    baseVtx=110797
    numVerts=377
    primCount=257
    stride0=56
    hasNormal=1
    hasTexcoord=1
    tcType=1
    tex0
     =0x0fcb51a0
    tex1
     =0x2de82bc0
    tex2
     =0x4a6207e0
    tex3
     =0x4a620900
    tex4
     =0x4a620900
    tex5
     =0x4a6207e0
    tex6
     =0x4a620900
    tex7
     =0x32aa49a0
    vtx0 raw (56
 bytes):
      00 AA CD 46 00 00 8F C3 00 30 45 C6 | 00 00 80 BF | BA C0 5C 38 | 00 00 00 00 | AB AA 32 C2 | FE FF 5F C0 | 00 00 00 00 00 00 00 00 00 00 80 BF BA C0 5C B8 00 00 80 BF 00 00 00 80 
      pos: 26325.000000, -286.000000, -12620.000000
  DIP #9
    decl=0x32acc4a0
    type=4
    baseVtx=110455
    numVerts=22
    primCount=18
    stride0=56
    hasNormal=1
    hasTexcoord=1
    tcType=1
    tex0
     =0x0fcb51a0
    tex1
     =0x2de82160
    tex2
     =0x4a6207e0
    tex3
     =0x4a620900
    tex4
     =0x4a620900
    tex5
     =0x4a6207e0
    tex6
     =0x4a620900
    tex7
     =0x32aa49a0
    vtx0 raw (56
 bytes):
      00 80 BB C4 00 80 FE C4 00 A0 8C 45 | 00 00 00 00 | 00 00 80 3F | 00 00 00 00 | 00 00 F0 BF | 99 99 75 C0 | 00 00 80 3F 00 00 00 00 00 00 00 00 00 00 00 00 00 00 00 00 00 00 80 BF 
      pos: -1500.000000, -2036.000000, 4500.000000
  DIP #10
    decl=0x32acc4a0
    type=4
    baseVtx=111858
    numVerts=367
    primCount=203
    stride0=56
    hasNormal=1
    hasTexcoord=1
    tcType=1
    tex0
     =0x0fcb51a0
    tex1
     =0x2de82e20
    tex2
     =0x4a6207e0
    tex3
     =0x4a620900
    tex4
     =0x4a620900
    tex5
     =0x4a6207e0
    tex6
     =0x4a620900
    tex7
     =0x32aa49a0
    vtx0 raw (56
 bytes):
      00 AA CD 46 00 80 9A C4 00 58 45 C6 | 00 00 80 BF | 6C F3 E5 38 | 00 00 00 00 | 89 88 32 C2 | 16 09 50 41 | 00 00 00 00 00 00 00 00 00 00 80 BF 6C F3 E5 B8 00 00 80 BF 00 00 00 80 
      pos: 26325.000000, -1236.000000, -12630.000000
  DIP #11
    decl=0x32acc4a0
    type=4
    baseVtx=138214
    numVerts=24
    primCount=12
    stride0=56
    hasNormal=1
    hasTexcoord=1
    tcType=1
    tex0
     =0x0fcb51a0
    tex1
     =0x2de7eb00
    tex2
     =0x4a6207e0
    tex3
     =0x4a620900
    tex4
     =0x4a620900
    tex5
     =0x4a6207e0
    tex6
     =0x4a620900
    tex7
     =0x32aa49a0
  DIP #12
    decl=0x32acc4a0
    type=4
    baseVtx=136110
    numVerts=408
    primCount=204
    stride0=56
    hasNormal=1
    hasTexcoord=1
    tcType=1
    tex0
     =0x0fcb51a0
    tex1
     =0x2de858e0
    tex2
     =0x4a6207e0
    tex3
     =0x4a620900
    tex4
     =0x4a620900
    tex5
     =0x4a6207e0
    tex6
     =0x4a620900
    tex7
     =0x32aa49a0
  DIP #13
    decl=0x32acc4a0
    type=4
    baseVtx=139094
    numVerts=69
    primCount=41
    stride0=56
    hasNormal=1
    hasTexcoord=1
    tcType=1
    tex0
     =0x0fcb51a0
    tex1
     =0x2de7e660
    tex2
     =0x4a6207e0
    tex3
     =0x4a620900
    tex4
     =0x4a620900
    tex5
     =0x4a6207e0
    tex6
     =0x4a620900
    tex7
     =0x32aa49a0
  DIP #14
    decl=0x32acc4a0
    type=4
    baseVtx=139035
    numVerts=12
    primCount=6
    stride0=56
    hasNormal=1
    hasTexcoord=1
    tcType=1
    tex0
     =0x0fcb51a0
    tex1
     =0x2de7e540
    tex2
     =0x4a6207e0
    tex3
     =0x4a620900
    tex4
     =0x4a620900
    tex5
     =0x4a6207e0
    tex6
     =0x4a620900
    tex7
     =0x32aa49a0
  DIP #15
    decl=0x32acc4a0
    type=4
    baseVtx=138482
    numVerts=40
    primCount=20
    stride0=56
    hasNormal=1
    hasTexcoord=1
    tcType=1
    tex0
     =0x0fcb51a0
    tex1
     =0x2de7f8e0
    tex2
     =0x4a6207e0
    tex3
     =0x4a620900
    tex4
     =0x4a620900
    tex5
     =0x4a6207e0
    tex6
     =0x4a620900
    tex7
     =0x32aa49a0
  DIP #16
    decl=0x32acc4a0
    type=4
    baseVtx=112827
    numVerts=7
    primCount=5
    stride0=56
    hasNormal=1
    hasTexcoord=1
    tcType=1
    tex0
     =0x0fcb51a0
    tex1
     =0x2de83880
    tex2
     =0x4a6207e0
    tex3
     =0x4a620900
    tex4
     =0x4a620900
    tex5
     =0x4a6207e0
    tex6
     =0x4a620900
    tex7
     =0x32aa49a0
  DIP #17
    decl=0x32acc4a0
    type=4
    baseVtx=142763
    numVerts=16
    primCount=8
    stride0=56
    hasNormal=1
    hasTexcoord=1
    tcType=1
    tex0
     =0x0fcb51a0
    tex1
     =0x32a9a7c0
    tex2
     =0x4a6207e0
    tex3
     =0x4a620900
    tex4
     =0x4a620900
    tex5
     =0x4a6207e0
    tex6
     =0x4a620900
    tex7
     =0x32aa49a0
  DIP #18
    decl=0x32acc4a0
    type=4
    baseVtx=122419
    numVerts=552
    primCount=288
    stride0=56
    hasNormal=1
    hasTexcoord=1
    tcType=1
    tex0
     =0x0fcb51a0
    tex1
     =0x32a9c4a0
    tex2
     =0x4a6207e0
    tex3
     =0x4a620900
    tex4
     =0x4a620900
    tex5
     =0x4a6207e0
    tex6
     =0x4a620900
    tex7
     =0x32aa49a0
  DIP #19
    decl=0x32acc4a0
    type=4
    baseVtx=139388
    numVerts=364
    primCount=182
    stride0=56
    hasNormal=1
    hasTexcoord=1
    tcType=1
    tex0
     =0x0fcb51a0
    tex1
     =0x32aa6ea0
    tex2
     =0x4a6207e0
    tex3
     =0x4a620900
    tex4
     =0x4a620900
    tex5
     =0x4a6207e0
    tex6
     =0x4a620900
    tex7
     =0x32aa49a0
  DIP #20
    decl=0x32acc4a0
    type=4
    baseVtx=194735
    numVerts=264
    primCount=144
    stride0=56
    hasNormal=1
    hasTexcoord=1
    tcType=1
    tex0
     =0x0fcb51a0
    tex1
     =0x42cf6b20
    tex2
     =0x4a6207e0
    tex3
     =0x4a620900
    tex4
     =0x4a620900
    tex5
     =0x4a6207e0
    tex6
     =0x4a620900
    tex7
     =0x32aa49a0
  SetVSConstF start=0
    count=4
    c0-c3:
  row0: -0.763439, 0.000000, -0.250010, 53.439648
  row1: -0.158110, 1.334730, 0.482808, -200.175583
  row2: 0.290859, 0.355732, -0.888175, 46.295212
  row3: 0.290859, 0.355732, -0.888175, 50.595261
  DIP #21
    decl=0x32acc4a0
    type=4
    baseVtx=245195
    numVerts=261
    primCount=244
    stride0=56
    hasNormal=1
    hasTexcoord=1
    tcType=1
    tex0
     =0x0fcb51a0
    tex1
     =0x4a623180
    tex2
     =0x4a6207e0
    tex3
     =0x4a620900
    tex4
     =0x4a620900
    tex5
     =0x4a6207e0
    tex6
     =0x4a620900
    tex7
     =0x32aa49a0
  DIP #22
    decl=0x32acc4a0
    type=4
    baseVtx=244936
    numVerts=259
    primCount=165
    stride0=56
    hasNormal=1
    hasTexcoord=1
    tcType=1
    tex0
     =0x0fcb51a0
    tex1
     =0x4a620460
    tex2
     =0x4a6207e0
    tex3
     =0x4a620900
    tex4
     =0x4a620900
    tex5
     =0x4a6207e0
    tex6
     =0x4a620900
    tex7
     =0x32aa49a0
  DIP #23
    decl=0x32acc4a0
    type=4
    baseVtx=245456
    numVerts=4
    primCount=2
    stride0=56
    hasNormal=1
    hasTexcoord=1
    tcType=1
    tex0
     =0x4a622e00
    tex1
     =0x0fcb51a0
    tex2
     =0x4a6207e0
    tex3
     =0x4a620900
    tex4
     =0x4a620900
    tex5
     =0x4a6207e0
    tex6
     =0x4a620900
    tex7
     =0x32aa49a0
  SetVS shader=0x0fb3dfe0
  SetVSConstF start=0
    count=4
    c0-c3:
  row0: -0.763439, 0.000000, -0.250010, 53.439648
  row1: -0.158110, 1.334730, 0.482808, -200.175583
  row2: 0.290859, 0.355732, -0.888175, 46.295212
  row3: 0.290859, 0.355732, -0.888175, 50.595261
  SetVSConstF start=0
    count=4
    c0-c3:
  row0: 0.250010, 0.000000, -0.763439, -2428.122559
  row1: -0.482808, 1.334730, -0.158109, 3067.233398
  row2: 0.888176, 0.355732, 0.290859, -1646.581665
  row3: 0.888176, 0.355732, 0.290859, -1642.281616
  DIP #24
    decl=0x32acc4a0
    type=4
    baseVtx=44654
    numVerts=65
    primCount=35
    stride0=56
    hasNormal=1
    hasTexcoord=1
    tcType=1
    tex0
     =0x0f79a620
    tex1
     =0x0fcb51a0
    tex2
     =0x4a6207e0
    tex3
     =0x4a620900
    tex4
     =0x4a620900
    tex5
     =0x4a6207e0
    tex6
     =0x4a620900
    tex7
     =0x32aa49a0
  DIP #25
    decl=0x32acc4a0
    type=4
    baseVtx=66114
    numVerts=724
    primCount=356
    stride0=56
    hasNormal=1
    hasTexcoord=1
    tcType=1
    tex0
     =0x39e27840
    tex1
     =0x0fcb51a0
    tex2
     =0x4a6207e0
    tex3
     =0x4a620900
    tex4
     =0x4a620900
    tex5
     =0x4a6207e0
    tex6
     =0x4a620900
    tex7
     =0x32aa49a0
  SetVSConstF start=0
    count=4
    c0-c3:
  row0: -0.763439, 0.000000, -0.250010, 53.439648
  row1: -0.158110, 1.334730, 0.482808, -200.175583
  row2: 0.290859, 0.355732, -0.888175, 46.295212
  row3: 0.290859, 0.355732, -0.888175, 50.595261
  DIP #26
    decl=0x32acc4a0
    type=4
    baseVtx=105089
    numVerts=763
    primCount=616
    stride0=56
    hasNormal=1
    hasTexcoord=1
    tcType=1
    tex0
     =0x4a61e9c0
    tex1
     =0x4a61eb00
    tex2
     =0x4a6207e0
    tex3
     =0x4a620900
    tex4
     =0x4a620900
    tex5
     =0x4a6207e0
    tex6
     =0x4a620900
    tex7
     =0x32aa49a0
  SetVSConstF start=0
    count=4
    c0-c3:
  row0: -0.763439, 0.000000, -0.250010, -41.190449
  row1: -0.158110, 1.334730, 0.482808, -47.775764
  row2: 0.290859, 0.355732, -0.888175, -9.171515
  row3: 0.290859, 0.355732, -0.888175, -4.871466
  DIP #27
    decl=0x32acc4a0
    type=4
    baseVtx=105089
    numVerts=29
    primCount=22
    stride0=56
    hasNormal=1
    hasTexcoord=1
    tcType=1
    tex0
     =0x4a61e9c0
    tex1
     =0x4a61eb00
    tex2
     =0x4a6207e0
    tex3
     =0x4a620900
    tex4
     =0x4a620900
    tex5
     =0x4a6207e0
    tex6
     =0x4a620900
    tex7
     =0x32aa49a0
  SetVSConstF start=0
    count=4
    c0-c3:
  row0: -0.763439, 0.000000, -0.250010, 53.439648
  row1: -0.158110, 1.334730, 0.482808, -200.175583
  row2: 0.290859, 0.355732, -0.888175, 46.295212
  row3: 0.290859, 0.355732, -0.888175, 50.595261
  DIP #28
    decl=0x32acc4a0
    type=4
    baseVtx=105881
    numVerts=352
    primCount=288
    stride0=56
    hasNormal=1
    hasTexcoord=1
    tcType=1
    tex0
     =0x4a6215c0
    tex1
     =0x0fcb51a0
    tex2
     =0x4a6207e0
    tex3
     =0x4a620900
    tex4
     =0x4a620900
    tex5
     =0x4a6207e0
    tex6
     =0x4a620900
    tex7
     =0x32aa49a0
  SetVS shader=0x2d329ea0
  SetVSConstF start=0
    count=80
    (large write, first 4x4):
      0.982699, 0.085911, -0.164079, 0.903763, -0.054236, 0.980558, 0.188587, 1.682378, 0.177091, -0.176425, 0.968252, 1.892537, 0.982699, 0.085911, -0.164079, 0.903763
  SetVSConstF start=76
    count=3
  SetVSConstF start=72
    count=4
    c72-c75:
  row0: -0.763439, 0.000000, -0.250010, 24.219193
  row1: -0.158110, 1.334730, 0.482808, -67.408363
  row2: 0.290859, 0.355732, -0.888175, 83.166718
  row3: 0.290859, 0.355732, -0.888175, 87.466766
  SetVSConstF start=79
    count=1
    data: -2.014623, 12.997803, 103.025047, 0.000000
  SetVSConstF start=0
    count=72
    (large write, first 4x4):
      0.994808, 0.031301, -0.096840, -3.958796, 0.044068, 0.725221, 0.687104, -52.929920, 0.091738, -0.687804, 0.720076, 10.709129, 0.989212, 0.051125, -0.137282, -5.497545
  DIP #29
    decl=0x0fc25260
    type=4
    baseVtx=0
    numVerts=240
    primCount=394
    stride0=64
    [SKINNED]
    boneStart=0
    numBones=0
    hasNormal=1
    hasTexcoord=1
    tcType=1
    tex0
     =0x1c143a00
    tex1
     =0x0fcb51a0
    tex2
     =0x1c145000
    tex3
     =0x0fc0dda0
    tex4
     =0x1c1445a0
    tex5
     =0x4a6207e0
    tex6
     =0x4a620900
    tex7
     =0x32aa49a0
  SetVS shader=0x1bc1eb00
  SetVSConstF start=0
    count=76
    (large write, first 4x4):
      0.994808, 0.031301, -0.096840, -3.958796, 0.044068, 0.725221, 0.687104, -52.929920, 0.091738, -0.687804, 0.720076, 10.709129, 0.989212, 0.051125, -0.137282, -5.497545
  SetVSConstF start=72
    count=4
    c72-c75:
  row0: -0.763439, 0.000000, -0.250010, 80.160019
  row1: -0.158110, 1.334730, 0.482808, -87.863380
  row2: 0.290859, 0.355732, -0.888175, 64.573723
  row3: 0.290859, 0.355732, -0.888175, 68.873772
  SetVSConstF start=0
    count=72
    (large write, first 4x4):
      0.873509, -0.424685, -0.237958, 14.568457, 0.356646, 0.225583, 0.906596, -0.348387, -0.331339, -0.876787, 0.348511, 38.226685, 0.833701, -0.447984, 0.322882, 4.665695
  DIP #30
    decl=0x0fc25260
    type=4
    baseVtx=0
    numVerts=376
    primCount=488
    stride0=64
    [SKINNED]
    boneStart=0
    numBones=0
    hasNormal=1
    hasTexcoord=1
    tcType=1
    tex0
     =0x0fcb51a0
    tex1
     =0x1bb6f000
    tex2
     =0x1c145000
    tex3
     =0x0fc0dda0
    tex4
     =0x1c1445a0
    tex5
     =0x4a6207e0
    tex6
     =0x4a620900
    tex7
     =0x32aa49a0
  SetVSConstF start=72
    count=4
    c72-c75:
  row0: -0.763439, 0.000000, -0.250010, 24.219193
  row1: -0.158110, 1.334730, 0.482808, -67.408363
  row2: 0.290859, 0.355732, -0.888175, 83.166718
  row3: 0.290859, 0.355732, -0.888175, 87.466766
  SetVSConstF start=0
    count=72
    (large write, first 4x4):
      0.998751, -0.046274, 0.018850, -0.659320, 0.025584, 0.797654, 0.602573, -58.044285, -0.042919, -0.601338, 0.797841, 6.151352, 0.996424, 0.027762, 0.079807, -2.377270
  DIP #31
    decl=0x0fc25260
    type=4
    baseVtx=0
    numVerts=1000
    primCount=1312
    stride0=64
    [SKINNED]
    boneStart=0
    numBones=0
    hasNormal=1
    hasTexcoord=1
    tcType=1
    tex0
     =0x1b831840
    tex1
     =0x1c144b60
    tex2
     =0x1c145000
    tex3
     =0x0fc0dda0
    tex4
     =0x1c1445a0
    tex5
     =0x4a6207e0
    tex6
     =0x4a620900
    tex7
     =0x32aa49a0
  SetVSConstF start=0
    count=72
    (large write, first 4x4):
      0.997155, 0.075352, 0.001837, -10.199343, -0.019335, 0.232158, 0.972486, -37.931057, 0.072852, -0.969755, 0.232955, 6.078182, 0.980233, 0.072168, -0.184217, -8.416931
  DIP #32
    decl=0x0fc25260
    type=4
    baseVtx=0
    numVerts=172
    primCount=242
    stride0=64
    [SKINNED]
    boneStart=0
    numBones=0
    hasNormal=1
    hasTexcoord=1
    tcType=1
    tex0
     =0x1b831840
    tex1
     =0x1c144b60
    tex2
     =0x1c145000
    tex3
     =0x0fc0dda0
    tex4
     =0x1c1445a0
    tex5
     =0x4a6207e0
    tex6
     =0x4a620900
    tex7
     =0x32aa49a0
  SetVSConstF start=0
    count=72
    (large write, first 4x4):
      0.206503, -0.632371, -0.746635, -12.144632, 0.755207, -0.382165, 0.532553, 2.030582, -0.622108, -0.673837, 0.398653, -18.002548, 0.978014, -0.109121, 0.177714, 8.034555
  DIP #33
    decl=0x0fc25260
    type=4
    baseVtx=0
    numVerts=175
    primCount=242
    stride0=64
    [SKINNED]
    boneStart=0
    numBones=0
    hasNormal=1
    hasTexcoord=1
    tcType=1
    tex0
     =0x1b831840
    tex1
     =0x1c144b60
    tex2
     =0x1c145000
    tex3
     =0x0fc0dda0
    tex4
     =0x1c1445a0
    tex5
     =0x4a6207e0
    tex6
     =0x4a620900
    tex7
     =0x32aa49a0
  SetVSConstF start=72
    count=4
    c72-c75:
  row0: -0.763439, 0.000000, -0.250010, 80.160019
  row1: -0.158110, 1.334730, 0.482808, -87.863380
  row2: 0.290859, 0.355732, -0.888175, 64.573723
  row3: 0.290859, 0.355732, -0.888175, 68.873772
  SetVSConstF start=0
    count=72
    (large write, first 4x4):
      0.987180, 0.038312, -0.154944, 4.524668, -0.047517, 0.997291, -0.056149, -44.730873, 0.152373, 0.062792, 0.986326, -2.872083, 0.987180, 0.038317, -0.154943, 4.526732
  DIP #34
    decl=0x0fc25260
    type=4
    baseVtx=0
    numVerts=73
    primCount=90
    stride0=64
    [SKINNED]
    boneStart=0
    numBones=0
    hasNormal=1
    hasTexcoord=1
    tcType=1
    tex0
     =0x1b831840
    tex1
     =0x1c144900
    tex2
     =0x1c145000
    tex3
     =0x0fc0dda0
    tex4
     =0x1c1445a0
    tex5
     =0x4a6207e0
    tex6
     =0x4a620900
    tex7
     =0x32aa49a0
  SetVSConstF start=0
    count=72
    (large write, first 4x4):
      0.994569, 0.073750, -0.073438, 1.708288, -0.079912, 0.993185, -0.084841, -44.393452, 0.066680, 0.090249, 0.993685, -5.019180, 0.987180, 0.038312, -0.154944, 4.524668
  DIP #35
    decl=0x0fc25260
    type=4
    baseVtx=0
    numVerts=368
    primCount=594
    stride0=64
    [SKINNED]
    boneStart=0
    numBones=0
    hasNormal=1
    hasTexcoord=1
    tcType=1
    tex0
     =0x1b831840
    tex1
     =0x1c144900
    tex2
     =0x1c145000
    tex3
     =0x0fc0dda0
    tex4
     =0x1c1445a0
    tex5
     =0x4a6207e0
    tex6
     =0x4a620900
    tex7
     =0x32aa49a0
  SetVSConstF start=0
    count=72
    (large write, first 4x4):
      0.998601, 0.012563, 0.051371, 4.483043, -0.030163, 0.933187, 0.358122, -39.443562, -0.043439, -0.359171, 0.932260, 16.350033, 0.992704, 0.071252, 0.097273, 3.255827
  DIP #36
    decl=0x0fc25260
    type=4
    baseVtx=0
    numVerts=866
    primCount=1132
    stride0=64
    [SKINNED]
    boneStart=0
    numBones=0
    hasNormal=1
    hasTexcoord=1
    tcType=1
    tex0
     =0x1b831840
    tex1
     =0x1c143d80
    tex2
     =0x1c145000
    tex3
     =0x0fc0dda0
    tex4
     =0x1c1445a0
    tex5
     =0x4a6207e0
    tex6
     =0x4a620900
    tex7
     =0x32aa49a0
  SetVSConstF start=0
    count=72
    (large write, first 4x4):
      0.987180, 0.038312, -0.154944, 4.524668, -0.047517, 0.997291, -0.056149, -44.730873, 0.152373, 0.062792, 0.986326, -2.872083, 0.992704, 0.071252, 0.097273, 3.255827
  DIP #37
    decl=0x0fc25260
    type=4
    baseVtx=0
    numVerts=104
    primCount=126
    stride0=64
    [SKINNED]
    boneStart=0
    numBones=0
    hasNormal=1
    hasTexcoord=1
    tcType=1
    tex0
     =0x1b831840
    tex1
     =0x1c143d80
    tex2
     =0x1c145000
    tex3
     =0x0fc0dda0
    tex4
     =0x1c1445a0
    tex5
     =0x4a6207e0
    tex6
     =0x4a620900
    tex7
     =0x32aa49a0
  SetVSConstF start=72
    count=4
    c72-c75:
  row0: -0.758691, 0.112548, -0.238885, 3.533469
  row1: -0.053310, 1.218304, 0.743303, -91.365761
  row2: 0.326591, 0.502643, -0.800430, 68.477066
  row3: 0.326591, 0.502643, -0.800430, 72.777115
  SetVSConstF start=0
    count=72
    (large write, first 4x4):
      0.982699, 0.085911, -0.164079, 0.903763, -0.054236, 0.980558, 0.188587, 1.682378, 0.177091, -0.176425, 0.968252, 1.892537, 0.982699, 0.085911, -0.164079, 0.903763
  DIP #38
    decl=0x0fc25260
    type=4
    baseVtx=0
    numVerts=505
    primCount=530
    stride0=64
    [SKINNED]
    boneStart=0
    numBones=0
    hasNormal=1
    hasTexcoord=1
    tcType=1
    tex0
     =0x1b831840
    tex1
     =0x1c160ee0
    tex2
     =0x1c145000
    tex3
     =0x0fc0dda0
    tex4
     =0x1c1445a0
    tex5
     =0x4a6207e0
    tex6
     =0x4a620900
    tex7
     =0x32aa49a0
  SetVSConstF start=0
    count=72
    (large write, first 4x4):
      0.982699, 0.085911, -0.164079, 0.903763, -0.054236, 0.980558, 0.188587, 1.682378, 0.177091, -0.176425, 0.968252, 1.892537, 0.982699, 0.085911, -0.164079, 0.903763
  DIP #39
    decl=0x0fc25260
    type=4
    baseVtx=0
    numVerts=554
    primCount=566
    stride0=64
    [SKINNED]
    boneStart=0
    numBones=0
    hasNormal=1
    hasTexcoord=1
    tcType=1
    tex0
     =0x1b831840
    tex1
     =0x1c160ee0
    tex2
     =0x1c145000
    tex3
     =0x0fc0dda0
    tex4
     =0x1c1445a0
    tex5
     =0x4a6207e0
    tex6
     =0x4a620900
    tex7
     =0x32aa49a0
  SetVS shader=0x2de7bb20
  SetVSConstF start=0
    count=8
    (large write, first 4x4):
      -0.758691, 0.112548, -0.238885, 3.533469, -0.053310, 1.218304, 0.743303, -91.365761, 0.326591, 0.502643, -0.800430, 68.477066, 0.326591, 0.502643, -0.800430, 72.777115
  SetVSConstF start=4
    count=3
  SetVSConstF start=0
    count=4
    c0-c3:
  row0: -0.763439, 0.000000, -0.250010, 53.439648
  row1: -0.158110, 1.334730, 0.482808, -200.175583
  row2: 0.290859, 0.355732, -0.888175, 46.295212
  row3: 0.290859, 0.355732, -0.888175, 50.595261
  SetVSConstF start=7
    count=1
    data: 32.985134, 112.997437, 113.024559, 0.000000
  DIP #40
    decl=0x32acc4a0
    type=4
    baseVtx=40563
    numVerts=264
    primCount=198
    stride0=56
    hasNormal=1
    hasTexcoord=1
    tcType=1
    tex0
     =0x4a620580
    tex1
     =0x4a620340
    tex2
     =0x4a6206c0
    tex3
     =0x2be41220
    tex4
     =0x4a620900
    tex5
     =0x4a6207e0
    tex6
     =0x4a620900
    tex7
     =0x32aa49a0
  SetVSConstF start=4
    count=3
  SetVSConstF start=0
    count=4
    c0-c3:
  row0: -0.763439, 0.000000, -0.250010, -41.190449
  row1: -0.158110, 1.334730, 0.482808, -47.775764
  row2: 0.290859, 0.355732, -0.888175, -9.171515
  row3: 0.290859, 0.355732, -0.888175, -4.871466
  SetVSConstF start=7
    count=1
    data: -51.015354, 32.997314, -8.975927, 0.000000
  DIP #41
    decl=0x32acc4a0
    type=4
    baseVtx=40563
    numVerts=114
    primCount=94
    stride0=56
    hasNormal=1
    hasTexcoord=1
    tcType=1
    tex0
     =0x4a620580
    tex1
     =0x4a620340
    tex2
     =0x4a6206c0
    tex3
     =0x2be41220
    tex4
     =0x4a620900
    tex5
     =0x4a6207e0
    tex6
     =0x4a620900
    tex7
     =0x32aa49a0
  SetVSConstF start=4
    count=3
  SetVSConstF start=0
    count=4
    c0-c3:
  row0: -0.763439, 0.000000, -0.250010, 53.439648
  row1: -0.158110, 1.334730, 0.482808, -200.175583
  row2: 0.290859, 0.355732, -0.888175, 46.295212
  row3: 0.290859, 0.355732, -0.888175, 50.595261
  SetVSConstF start=7
    count=1
    data: 32.985134, 112.997437, 113.024559, 0.000000
  DIP #42
    decl=0x32acc4a0
    type=4
    baseVtx=40941
    numVerts=409
    primCount=352
    stride0=56
    hasNormal=1
    hasTexcoord=1
    tcType=1
    tex0
     =0x4a620580
    tex1
     =0x0fcb51a0
    tex2
     =0x4a6206c0
    tex3
     =0x2be41220
    tex4
     =0x4a620900
    tex5
     =0x4a6207e0
    tex6
     =0x4a620900
    tex7
     =0x32aa49a0
  SetVS shader=0x1c15eb00
  SetVSConstF start=0
    count=4
    c0-c3:
  row0: -0.763439, 0.000000, -0.250010, 53.439648
  row1: -0.158110, 1.334730, 0.482808, -200.175583
  row2: 0.290859, 0.355732, -0.888175, 46.295212
  row3: 0.290859, 0.355732, -0.888175, 50.595261
  SetVSConstF start=0
    count=4
    c0-c3:
  row0: 0.250010, 0.000000, -0.763439, -2428.122559
  row1: -0.482808, 1.334730, -0.158109, 3067.233398
  row2: 0.888176, 0.355732, 0.290859, -1646.581665
  row3: 0.888176, 0.355732, 0.290859, -1642.281616
  DIP #43
    decl=0x32acc4a0
    type=4
    baseVtx=252223
    numVerts=18
    primCount=12
    stride0=56
    hasNormal=1
    hasTexcoord=1
    tcType=1
    tex0
     =0x32aa4f60
    tex1
     =0x0fcb51a0
    tex2
     =0x4a6206c0
    tex3
     =0x2be41220
    tex4
     =0x4a620900
    tex5
     =0x4a6207e0
    tex6
     =0x4a620900
    tex7
     =0x32aa49a0
  DIP #44
    decl=0x32acc4a0
    type=4
    baseVtx=250219
    numVerts=120
    primCount=90
    stride0=56
    hasNormal=1
    hasTexcoord=1
    tcType=1
    tex0
     =0x0fcb51a0
    tex1
     =0x0fcb51a0
    tex2
     =0x4a6206c0
    tex3
     =0x2be41220
    tex4
     =0x4a620900
    tex5
     =0x4a6207e0
    tex6
     =0x4a620900
    tex7
     =0x32aa49a0
  SetVS shader=0x1c159ca0
  SetVSConstF start=0
    count=4
    c0-c3:
  row0: 0.250010, 0.000000, -0.763439, -2428.122559
  row1: -0.482808, 1.334730, -0.158109, 3067.233398
  row2: 0.888176, 0.355732, 0.290859, -1646.581665
  row3: 0.888176, 0.355732, 0.290859, -1642.281616
  DIP #45
    decl=0x32acd040
    type=4
    baseVtx=404900
    numVerts=142
    primCount=71
    stride0=36
    hasNormal=1
    hasTexcoord=1
    tcType=1
    tex0
     =0x39e24200
    tex1
     =0x0fcb51a0
    tex2
     =0x4a6206c0
    tex3
     =0x2be41220
    tex4
     =0x4a620900
    tex5
     =0x4a6207e0
    tex6
     =0x4a620900
    tex7
     =0x32aa49a0
  DIP #46
    decl=0x32acd040
    type=4
    baseVtx=401348
    numVerts=8
    primCount=4
    stride0=36
    hasNormal=1
    hasTexcoord=1
    tcType=1
    tex0
     =0x39e255a0
    tex1
     =0x0fcb51a0
    tex2
     =0x4a6206c0
    tex3
     =0x2be41220
    tex4
     =0x4a620900
    tex5
     =0x4a6207e0
    tex6
     =0x4a620900
    tex7
     =0x32aa49a0
  DIP #47
    decl=0x32acd040
    type=4
    baseVtx=392688
    numVerts=1717
    primCount=951
    stride0=36
    hasNormal=1
    hasTexcoord=1
    tcType=1
    tex0
     =0x39e25220
    tex1
     =0x0fcb51a0
    tex2
     =0x4a6206c0
    tex3
     =0x2be41220
    tex4
     =0x4a620900
    tex5
     =0x4a6207e0
    tex6
     =0x4a620900
    tex7
     =0x32aa49a0
  DIP #48
    decl=0x32acd040
    type=4
    baseVtx=399299
    numVerts=518
    primCount=276
    stride0=36
    hasNormal=1
    hasTexcoord=1
    tcType=1
    tex0
     =0x39e240c0
    tex1
     =0x0fcb51a0
    tex2
     =0x4a6206c0
    tex3
     =0x2be41220
    tex4
     =0x4a620900
    tex5
     =0x4a6207e0
    tex6
     =0x4a620900
    tex7
     =0x32aa49a0
  DIP #49
    decl=0x32acd040
    type=4
    baseVtx=401305
    numVerts=8
    primCount=6
    stride0=36
    hasNormal=1
    hasTexcoord=1
    tcType=1
    tex0
     =0x39e24d80
    tex1
     =0x0fcb51a0
    tex2
     =0x4a6206c0
    tex3
     =0x2be41220
    tex4
     =0x4a620900
    tex5
     =0x4a6207e0
    tex6
     =0x4a620900
    tex7
     =0x32aa49a0
  DIP #50
    decl=0x32acd040
    type=4
    baseVtx=401424
    numVerts=4
    primCount=2
    stride0=36
    hasNormal=1
    hasTexcoord=1
    tcType=1
    tex0
     =0x39e24ea0
    tex1
     =0x0fcb51a0
    tex2
     =0x4a6206c0
    tex3
     =0x2be41220
    tex4
     =0x4a620900
    tex5
     =0x4a6207e0
    tex6
     =0x4a620900
    tex7
     =0x32aa49a0
  DIP #51
    decl=0x32acd040
    type=4
    baseVtx=401424
    numVerts=19
    primCount=11
    stride0=36
    hasNormal=1
    hasTexcoord=1
    tcType=1
    tex0
     =0x39e24ea0
    tex1
     =0x0fcb51a0
    tex2
     =0x4a6206c0
    tex3
     =0x2be41220
    tex4
     =0x4a620900
    tex5
     =0x4a6207e0
    tex6
     =0x4a620900
    tex7
     =0x32aa49a0
  DIP #52
    decl=0x32acd040
    type=4
    baseVtx=401486
    numVerts=15
    primCount=11
    stride0=36
    hasNormal=1
    hasTexcoord=1
    tcType=1
    tex0
     =0x39e25ee0
    tex1
     =0x0fcb51a0
    tex2
     =0x4a6206c0
    tex3
     =0x2be41220
    tex4
     =0x4a620900
    tex5
     =0x4a6207e0
    tex6
     =0x4a620900
    tex7
     =0x32aa49a0
  DIP #53
    decl=0x32acd040
    type=4
    baseVtx=401530
    numVerts=1070
    primCount=538
    stride0=36
    hasNormal=1
    hasTexcoord=1
    tcType=1
    tex0
     =0x39e23b00
    tex1
     =0x0fcb51a0
    tex2
     =0x4a6206c0
    tex3
     =0x2be41220
    tex4
     =0x4a620900
    tex5
     =0x4a6207e0
    tex6
     =0x4a620900
    tex7
     =0x32aa49a0
  DIP #54
    decl=0x32acd040
    type=4
    baseVtx=407406
    numVerts=43
    primCount=23
    stride0=36
    hasNormal=1
    hasTexcoord=1
    tcType=1
    tex0
     =0x39e24560
    tex1
     =0x0fcb51a0
    tex2
     =0x4a6206c0
    tex3
     =0x2be41220
    tex4
     =0x4a620900
    tex5
     =0x4a6207e0
    tex6
     =0x4a620900
    tex7
     =0x32aa49a0
  DIP #55
    decl=0x32acd040
    type=4
    baseVtx=392512
    numVerts=40
    primCount=24
    stride0=36
    hasNormal=1
    hasTexcoord=1
    tcType=1
    tex0
     =0x39e24b40
    tex1
     =0x0fcb51a0
    tex2
     =0x4a6206c0
    tex3
     =0x2be41220
    tex4
     =0x4a620900
    tex5
     =0x4a6207e0
    tex6
     =0x4a620900
    tex7
     =0x32aa49a0
  DIP #56
    decl=0x32acd040
    type=4
    baseVtx=421173
    numVerts=598
    primCount=452
    stride0=36
    hasNormal=1
    hasTexcoord=1
    tcType=1
    tex0
     =0x4a624640
    tex1
     =0x0fcb51a0
    tex2
     =0x4a6206c0
    tex3
     =0x2be41220
    tex4
     =0x4a620900
    tex5
     =0x4a6207e0
    tex6
     =0x4a620900
    tex7
     =0x32aa49a0
  DIP #57
    decl=0x32acd040
    type=4
    baseVtx=422924
    numVerts=594
    primCount=456
    stride0=36
    hasNormal=1
    hasTexcoord=1
    tcType=1
    tex0
     =0x4a624d40
    tex1
     =0x0fcb51a0
    tex2
     =0x4a6206c0
    tex3
     =0x2be41220
    tex4
     =0x4a620900
    tex5
     =0x4a6207e0
    tex6
     =0x4a620900
    tex7
     =0x32aa49a0
  DIP #58
    decl=0x32acd040
    type=4
    baseVtx=425672
    numVerts=637
    primCount=418
    stride0=36
    hasNormal=1
    hasTexcoord=1
    tcType=1
    tex0
     =0x4a623ac0
    tex1
     =0x0fcb51a0
    tex2
     =0x4a6206c0
    tex3
     =0x2be41220
    tex4
     =0x4a620900
    tex5
     =0x4a6207e0
    tex6
     =0x4a620900
    tex7
     =0x32aa49a0
  SetVS shader=0x2de76f20
  SetVSConstF start=0
    count=5
    (large write, first 4x4):
      0.250010, 0.000000, -0.763439, -2428.122559, -0.482808, 1.334730, -0.158109, 3067.233398, 0.888176, 0.355732, 0.290859, -1646.581665, 0.888176, 0.355732, 0.290859, -1642.281616
  DIP #59
    decl=0x32acc4a0
    type=4
    baseVtx=3403
    numVerts=3125
    primCount=1589
    stride0=56
    hasNormal=1
    hasTexcoord=1
    tcType=1
    tex0
     =0x2de7f0e0
    tex1
     =0x0fcb51a0
    tex2
     =0x2de80100
    tex3
     =0x2be41220
    tex4
     =0x4a620900
    tex5
     =0x4a6207e0
    tex6
     =0x4a620900
    tex7
     =0x32aa49a0
  DIP #60
    decl=0x32acc4a0
    type=4
    baseVtx=22695
    numVerts=8
    primCount=4
    stride0=56
    hasNormal=1
    hasTexcoord=1
    tcType=1
    tex0
     =0x32aa7460
    tex1
     =0x0fcb51a0
    tex2
     =0x32aa84a0
    tex3
     =0x2be41220
    tex4
     =0x4a620900
    tex5
     =0x4a6207e0
    tex6
     =0x4a620900
    tex7
     =0x32aa49a0
  DIP #61
    decl=0x32acc4a0
    type=4
    baseVtx=22079
    numVerts=55
    primCount=37
    stride0=56
    hasNormal=1
    hasTexcoord=1
    tcType=1
    tex0
     =0x32aa7da0
    tex1
     =0x0fcb51a0
    tex2
     =0x32aa7580
    tex3
     =0x2be41220
    tex4
     =0x4a620900
    tex5
     =0x4a6207e0
    tex6
     =0x4a620900
    tex7
     =0x32aa49a0
  DIP #62
    decl=0x32acc4a0
    type=4
    baseVtx=22743
    numVerts=306
    primCount=239
    stride0=56
    hasNormal=1
    hasTexcoord=1
    tcType=1
    tex0
     =0x32a9eac0
    tex1
     =0x0fcb51a0
    tex2
     =0x32a9e3e0
    tex3
     =0x2be41220
    tex4
     =0x4a620900
    tex5
     =0x4a6207e0
    tex6
     =0x4a620900
    tex7
     =0x32aa49a0
  SetVS shader=0x2de7a960
  SetVSConstF start=4
    count=1
    data: 0.500488, 0.500488, 0.000000, 0.000000
  SetVSConstF start=6
    count=2
    data: 0.500977, 0.499023, 0.000000, 0.000000, 0.000000, 0.000000, 0.000000, 0.000000
  SetVSConstF start=0
    count=4
    c0-c3:
  row0: 0.250010, 0.000000, -0.763439, -2428.122559
  row1: -0.482808, 1.334730, -0.158109, 3067.233398
  row2: 0.888176, 0.355732, 0.290859, -1646.581665
  row3: 0.888176, 0.355732, 0.290859, -1642.281616
  SetVSConstF start=0
    count=4
    c0-c3:
  row0: -0.763439, 0.000000, -0.250010, 53.439648
  row1: -0.158110, 1.334730, 0.482808, -200.175583
  row2: 0.290859, 0.355732, -0.888175, 46.295212
  row3: 0.290859, 0.355732, -0.888175, 50.595261
  SetVSConstF start=4
    count=1
    data: 0.500488, 0.500488, 0.000000, 0.000000
  SetVSConstF start=6
    count=2
    data: 0.500977, 0.499023, 0.000000, 0.000000, 0.000000, 0.000000, 0.000000, 0.000000
  DIP #63
    decl=0x32acc4a0
    type=4
    baseVtx=25520
    numVerts=31
    primCount=27
    stride0=56
    hasNormal=1
    hasTexcoord=1
    tcType=1
    tex0
     =0x04d4dbe0
    tex1
     =0x1bf502a0
    tex2
     =0x32a9e3e0
    tex3
     =0x2be41220
    tex4
     =0x4a620900
    tex5
     =0x4a6207e0
    tex6
     =0x4a620900
    tex7
     =0x32aa49a0
  SetVSConstF start=0
    count=4
    c0-c3:
  row0: -0.763439, 0.000000, -0.250010, -41.190449
  row1: -0.158110, 1.334730, 0.482808, -47.775764
  row2: 0.290859, 0.355732, -0.888175, -9.171515
  row3: 0.290859, 0.355732, -0.888175, -4.871466
  DIP #64
    decl=0x32acc4a0
    type=4
    baseVtx=25520
    numVerts=16
    primCount=14
    stride0=56
    hasNormal=1
    hasTexcoord=1
    tcType=1
    tex0
     =0x04d4dbe0
    tex1
     =0x1bf502a0
    tex2
     =0x32a9e3e0
    tex3
     =0x2be41220
    tex4
     =0x4a620900
    tex5
     =0x4a6207e0
    tex6
     =0x4a620900
    tex7
     =0x32aa49a0
  SetVS shader=0x0f7b3540
  SetVSConstF start=0
    count=7
    (large write, first 4x4):
      -0.763439, 0.000000, -0.250010, -41.190449, -0.158110, 1.334730, 0.482808, -47.775764, 0.290859, 0.355732, -0.888175, -9.171515, 0.290859, 0.355732, -0.888175, -4.871466
  SetVSConstF start=4
    count=1
    data: 3178.393311, -1456.000000, -2190.000000, 0.000000
  SetVSConstF start=5
    count=1
    data: 0.010000, 0.000000, 0.000000, 0.000000
  SetVSConstF start=0
    count=4
    c0-c3:
  row0: 0.250010, 0.000000, -0.763439, -2428.122559
  row1: -0.482808, 1.334730, -0.158109, 3067.233398
  row2: 0.888176, 0.355732, 0.290859, -1646.581665
  row3: 0.888176, 0.355732, 0.290859, -1642.281616
  SetVSConstF start=6
    count=1
    data: 3125.368164, -1423.002197, -2157.014648, 0.000000
  DIP #65
    decl=0x32acc4a0
    type=4
    baseVtx=110797
    numVerts=329
    primCount=233
    stride0=56
    hasNormal=1
    hasTexcoord=1
    tcType=1
    tex0
     =0x2de82bc0
    tex1
     =0x2de84660
    tex2
     =0x2de840a0
    tex3
     =0x2be41220
    tex4
     =0x4a620900
    tex5
     =0x4a6207e0
    tex6
     =0x4a620900
    tex7
     =0x32aa49a0
  DIP #66
    decl=0x32acc4a0
    type=4
    baseVtx=110455
    numVerts=13
    primCount=11
    stride0=56
    hasNormal=1
    hasTexcoord=1
    tcType=1
    tex0
     =0x2de82160
    tex1
     =0x2de80920
    tex2
     =0x2de81cc0
    tex3
     =0x2be41220
    tex4
     =0x4a620900
    tex5
     =0x4a6207e0
    tex6
     =0x4a620900
    tex7
     =0x32aa49a0
  DIP #67
    decl=0x32acc4a0
    type=4
    baseVtx=111858
    numVerts=359
    primCount=199
    stride0=56
    hasNormal=1
    hasTexcoord=1
    tcType=1
    tex0
     =0x2de82e20
    tex1
     =0x2de84b00
    tex2
     =0x2de840a0
    tex3
     =0x2be41220
    tex4
     =0x4a620900
    tex5
     =0x4a6207e0
    tex6
     =0x4a620900
    tex7
     =0x32aa49a0
  DIP #68
    decl=0x32acc4a0
    type=4
    baseVtx=139094
    numVerts=21
    primCount=13
    stride0=56
    hasNormal=1
    hasTexcoord=1
    tcType=1
    tex0
     =0x2de7e660
    tex1
     =0x2de7f320
    tex2
     =0x2de7e8c0
    tex3
     =0x2be41220
    tex4
     =0x4a620900
    tex5
     =0x4a6207e0
    tex6
     =0x4a620900
    tex7
     =0x32aa49a0
  SetVSConstF start=4
    count=1
    data: -0.000198, 79.999634, 59.999405, 0.000000
  SetVSConstF start=5
    count=1
    data: 0.010000, 0.000000, 0.000000, 0.000000
  SetVSConstF start=0
    count=4
    c0-c3:
  row0: -0.763439, 0.000000, -0.250010, 53.439648
  row1: -0.158110, 1.334730, 0.482808, -200.175583
  row2: 0.290859, 0.355732, -0.888175, 46.295212
  row3: 0.290859, 0.355732, -0.888175, 50.595261
  SetVSConstF start=6
    count=1
    data: 32.985134, 112.997437, 113.024559, 0.000000
  DIP #69
    decl=0x32acc4a0
    type=4
    baseVtx=245195
    numVerts=261
    primCount=244
    stride0=56
    hasNormal=1
    hasTexcoord=1
    tcType=1
    tex0
     =0x4a623180
    tex1
     =0x4a6224c0
    tex2
     =0x4a622960
    tex3
     =0x2be41220
    tex4
     =0x4a620900
    tex5
     =0x4a6207e0
    tex6
     =0x4a620900
    tex7
     =0x32aa49a0
  DIP #70
    decl=0x32acc4a0
    type=4
    baseVtx=244936
    numVerts=259
    primCount=165
    stride0=56
    hasNormal=1
    hasTexcoord=1
    tcType=1
    tex0
     =0x4a620460
    tex1
     =0x4a61ffc0
    tex2
     =0x4a620da0
    tex3
     =0x2be41220
    tex4
     =0x4a620900
    tex5
     =0x4a6207e0
    tex6
     =0x4a620900
    tex7
     =0x32aa49a0
  DIP #71
    decl=0x32acc4a0
    type=4
    baseVtx=245456
    numVerts=4
    primCount=2
    stride0=56
    hasNormal=1
    hasTexcoord=1
    tcType=1
    tex0
     =0x0fcb51a0
    tex1
     =0x1bf959e0
    tex2
     =0x0f79a860
    tex3
     =0x2be41220
    tex4
     =0x4a620900
    tex5
     =0x4a6207e0
    tex6
     =0x4a620900
    tex7
     =0x32aa49a0
  SetVS shader=0x0fb3dd60
  SetVSConstF start=0
    count=7
    (large write, first 4x4):
      -0.763439, 0.000000, -0.250010, 53.439648, -0.158110, 1.334730, 0.482808, -200.175583, 0.290859, 0.355732, -0.888175, 46.295212, 0.290859, 0.355732, -0.888175, 50.595261
  SetVSConstF start=4
    count=1
    data: 3178.393311, -1456.000000, -2190.000000, 0.000000
  SetVSConstF start=5
    count=1
    data: 0.010000, 0.000000, 0.000000, 0.000000
  SetVSConstF start=0
    count=4
    c0-c3:
  row0: 0.250010, 0.000000, -0.763439, -2428.122559
  row1: -0.482808, 1.334730, -0.158109, 3067.233398
  row2: 0.888176, 0.355732, 0.290859, -1646.581665
  row3: 0.888176, 0.355732, 0.290859, -1642.281616
  SetVSConstF start=6
    count=1
    data: 3125.368164, -1423.002197, -2157.014648, 0.000000
  DIP #72
    decl=0x32acc4a0
    type=4
    baseVtx=44654
    numVerts=39
    primCount=21
    stride0=56
    hasNormal=1
    hasTexcoord=1
    tcType=1
    tex0
     =0x0f79a620
    tex1
     =0x0fcb51a0
    tex2
     =0x0f79a860
    tex3
     =0x2be41220
    tex4
     =0x4a620900
    tex5
     =0x4a6207e0
    tex6
     =0x4a620900
    tex7
     =0x32aa49a0
  SetVSConstF start=4
    count=1
    data: -0.000198, 79.999634, 59.999405, 0.000000
  SetVSConstF start=5
    count=1
    data: 0.010000, 0.000000, 0.000000, 0.000000
  SetVSConstF start=0
    count=4
    c0-c3:
  row0: -0.763439, 0.000000, -0.250010, 53.439648
  row1: -0.158110, 1.334730, 0.482808, -200.175583
  row2: 0.290859, 0.355732, -0.888175, 46.295212
  row3: 0.290859, 0.355732, -0.888175, 50.595261
  SetVSConstF start=6
    count=1
    data: 32.985134, 112.997437, 113.024559, 0.000000
  DIP #73
    decl=0x32acc4a0
    type=4
    baseVtx=105089
    numVerts=763
    primCount=616
    stride0=56
    hasNormal=1
    hasTexcoord=1
    tcType=1
    tex0
     =0x4a61e9c0
    tex1
     =0x4a61efa0
    tex2
     =0x4a61f1e0
    tex3
     =0x2be41220
    tex4
     =0x4a620900
    tex5
     =0x4a6207e0
    tex6
     =0x4a620900
    tex7
     =0x32aa49a0
  SetVSConstF start=4
    count=1
    data: -84.000687, -0.000488, -62.001083, 0.000000
  SetVSConstF start=5
    count=1
    data: 0.010000, 0.000000, 0.000000, 0.000000
  SetVSConstF start=0
    count=4
    c0-c3:
  row0: -0.763439, 0.000000, -0.250010, -41.190449
  row1: -0.158110, 1.334730, 0.482808, -47.775764
  row2: 0.290859, 0.355732, -0.888175, -9.171515
  row3: 0.290859, 0.355732, -0.888175, -4.871466
  SetVSConstF start=6
    count=1
    data: -51.015354, 32.997314, -8.975927, 0.000000
  DIP #74
    decl=0x32acc4a0
    type=4
    baseVtx=105089
    numVerts=29
    primCount=22
    stride0=56
    hasNormal=1
    hasTexcoord=1
    tcType=1
    tex0
     =0x4a61e9c0
    tex1
     =0x4a61efa0
    tex2
     =0x4a61f1e0
    tex3
     =0x2be41220
    tex4
     =0x4a620900
    tex5
     =0x4a6207e0
    tex6
     =0x4a620900
    tex7
     =0x32aa49a0
  SetVSConstF start=4
    count=1
    data: -0.000198, 79.999634, 59.999405, 0.000000
  SetVSConstF start=5
    count=1
    data: 0.010000, 0.000000, 0.000000, 0.000000
  SetVSConstF start=0
    count=4
    c0-c3:
  row0: -0.763439, 0.000000, -0.250010, 53.439648
  row1: -0.158110, 1.334730, 0.482808, -200.175583
  row2: 0.290859, 0.355732, -0.888175, 46.295212
  row3: 0.290859, 0.355732, -0.888175, 50.595261
  SetVSConstF start=6
    count=1
    data: 32.985134, 112.997437, 113.024559, 0.000000
  DIP #75
    decl=0x32acc4a0
    type=4
    baseVtx=105881
    numVerts=352
    primCount=288
    stride0=56
    hasNormal=1
    hasTexcoord=1
    tcType=1
    tex0
     =0x4a6215c0
    tex1
     =0x4a6225e0
    tex2
     =0x4a622f20
    tex3
     =0x2be41220
    tex4
     =0x4a620900
    tex5
     =0x4a6207e0
    tex6
     =0x4a620900
    tex7
     =0x32aa49a0
  SetVS shader=0x2d32ba80
  SetVSConstF start=0
    count=82
    (large write, first 4x4):
      0.982699, 0.085911, -0.164079, 0.903763, -0.054236, 0.980558, 0.188587, 1.682378, 0.177091, -0.176425, 0.968252, 1.892537, 0.982699, 0.085911, -0.164079, 0.903763
  SetVSConstF start=79
    count=1
    data: -34.999954, -20.000000, 49.999893, 0.000000
  SetVSConstF start=80
    count=1
    data: 0.010000, 0.000000, 0.000000, 0.000000
  SetVSConstF start=76
    count=3
  SetVSConstF start=72
    count=4
    c72-c75:
  row0: -0.763439, 0.000000, -0.250010, 24.219193
  row1: -0.158110, 1.334730, 0.482808, -67.408363
  row2: 0.290859, 0.355732, -0.888175, 83.166718
  row3: 0.290859, 0.355732, -0.888175, 87.466766
  SetVSConstF start=81
    count=1
    data: -2.014623, 12.997803, 103.025047, 0.000000
  SetVSConstF start=0
    count=72
    (large write, first 4x4):
      0.994808, 0.031301, -0.096840, -3.958796, 0.044068, 0.725221, 0.687104, -52.929920, 0.091738, -0.687804, 0.720076, 10.709129, 0.989212, 0.051125, -0.137282, -5.497545
  DIP #76
    decl=0x0fc25260
    type=4
    baseVtx=0
    numVerts=240
    primCount=394
    stride0=64
    [SKINNED]
    boneStart=0
    numBones=0
    hasNormal=1
    hasTexcoord=1
    tcType=1
    tex0
     =0x1c143a00
    tex1
     =0x1c144220
    tex2
     =0x1c145000
    tex3
     =0x0fc0dda0
    tex4
     =0x1c1445a0
    tex5
     =0x4a6207e0
    tex6
     =0x4a620900
    tex7
     =0x32aa49a0
  SetVS shader=0x1bc1d6c0
  SetVSConstF start=0
    count=79
    (large write, first 4x4):
      0.994808, 0.031301, -0.096840, -3.958796, 0.044068, 0.725221, 0.687104, -52.929920, 0.091738, -0.687804, 0.720076, 10.709129, 0.989212, 0.051125, -0.137282, -5.497545
  SetVSConstF start=76
    count=1
    data: 35.000046, 0.000000, 59.999893, 0.000000
  SetVSConstF start=77
    count=1
    data: 0.010000, 0.000000, 0.000000, 0.000000
  SetVSConstF start=72
    count=4
    c72-c75:
  row0: -0.763439, 0.000000, -0.250010, 80.160019
  row1: -0.158110, 1.334730, 0.482808, -87.863380
  row2: 0.290859, 0.355732, -0.888175, 64.573723
  row3: 0.290859, 0.355732, -0.888175, 68.873772
  SetVSConstF start=78
    count=1
    data: 67.985374, 32.997803, 113.025047, 0.000000
  SetVSConstF start=0
    count=72
    (large write, first 4x4):
      0.873509, -0.424685, -0.237958, 14.568457, 0.356646, 0.225583, 0.906596, -0.348387, -0.331339, -0.876787, 0.348511, 38.226685, 0.833701, -0.447984, 0.322882, 4.665695
  DIP #77
    decl=0x0fc25260
    type=4
    baseVtx=0
    numVerts=376
    primCount=488
    stride0=64
    [SKINNED]
    boneStart=0
    numBones=0
    hasNormal=1
    hasTexcoord=1
    tcType=1
    tex0
     =0x1bb6f000
    tex1
     =0x1bb6ff20
    tex2
     =0x1bb6e6c0
    tex3
     =0x0fc0dda0
    tex4
     =0x1c1445a0
    tex5
     =0x4a6207e0
    tex6
     =0x4a620900
    tex7
     =0x32aa49a0
  SetVSConstF start=76
    count=1
    data: -34.999954, -20.000000, 49.999893, 0.000000
  SetVSConstF start=77
    count=1
    data: 0.010000, 0.000000, 0.000000, 0.000000
  SetVSConstF start=72
    count=4
    c72-c75:
  row0: -0.763439, 0.000000, -0.250010, 24.219193
  row1: -0.158110, 1.334730, 0.482808, -67.408363
  row2: 0.290859, 0.355732, -0.888175, 83.166718
  row3: 0.290859, 0.355732, -0.888175, 87.466766
  SetVSConstF start=78
    count=1
    data: -2.014623, 12.997803, 103.025047, 0.000000
  SetVSConstF start=0
    count=72
    (large write, first 4x4):
      0.998751, -0.046274, 0.018850, -0.659320, 0.025584, 0.797654, 0.602573, -58.044285, -0.042919, -0.601338, 0.797841, 6.151352, 0.996424, 0.027762, 0.079807, -2.377270
  DIP #78
    decl=0x0fc25260
    type=4
    baseVtx=0
    numVerts=1000
    primCount=1312
    stride0=64
    [SKINNED]
    boneStart=0
    numBones=0
    hasNormal=1
    hasTexcoord=1
    tcType=1
    tex0
     =0x1c144b60
    tex1
     =0x1c144340
    tex2
     =0x1c143ea0
    tex3
     =0x0fc0dda0
    tex4
     =0x1c1445a0
    tex5
     =0x4a6207e0
    tex6
     =0x4a620900
    tex7
     =0x32aa49a0
  SetVSConstF start=0
    count=72
    (large write, first 4x4):
      0.997155, 0.075352, 0.001837, -10.199343, -0.019335, 0.232158, 0.972486, -37.931057, 0.072852, -0.969755, 0.232955, 6.078182, 0.980233, 0.072168, -0.184217, -8.416931
  DIP #79
    decl=0x0fc25260
    type=4
    baseVtx=0
    numVerts=172
    primCount=242
    stride0=64
    [SKINNED]
    boneStart=0
    numBones=0
    hasNormal=1
    hasTexcoord=1
    tcType=1
    tex0
     =0x1c144b60
    tex1
     =0x1c144340
    tex2
     =0x1c143ea0
    tex3
     =0x0fc0dda0
    tex4
     =0x1c1445a0
    tex5
     =0x4a6207e0
    tex6
     =0x4a620900
    tex7
     =0x32aa49a0
  SetVSConstF start=0
    count=72
    (large write, first 4x4):
      0.206503, -0.632371, -0.746635, -12.144632, 0.755207, -0.382165, 0.532553, 2.030582, -0.622108, -0.673837, 0.398653, -18.002548, 0.978014, -0.109121, 0.177714, 8.034555
  DIP #80
    decl=0x0fc25260
    type=4
    baseVtx=0
    numVerts=175
    primCount=242
    stride0=64
    [SKINNED]
    boneStart=0
    numBones=0
    hasNormal=1
    hasTexcoord=1
    tcType=1
    tex0
     =0x1c144b60
    tex1
     =0x1c144340
    tex2
     =0x1c143ea0
    tex3
     =0x0fc0dda0
    tex4
     =0x1c1445a0
    tex5
     =0x4a6207e0
    tex6
     =0x4a620900
    tex7
     =0x32aa49a0
  SetVSConstF start=76
    count=1
    data: 35.000046, 0.000000, 59.999893, 0.000000
  SetVSConstF start=77
    count=1
    data: 0.010000, 0.000000, 0.000000, 0.000000
  SetVSConstF start=72
    count=4
    c72-c75:
  row0: -0.763439, 0.000000, -0.250010, 80.160019
  row1: -0.158110, 1.334730, 0.482808, -87.863380
  row2: 0.290859, 0.355732, -0.888175, 64.573723
  row3: 0.290859, 0.355732, -0.888175, 68.873772
  SetVSConstF start=78
    count=1
    data: 67.985374, 32.997803, 113.025047, 0.000000
  SetVSConstF start=0
    count=72
    (large write, first 4x4):
      0.987180, 0.038312, -0.154944, 4.524668, -0.047517, 0.997291, -0.056149, -44.730873, 0.152373, 0.062792, 0.986326, -2.872083, 0.987180, 0.038317, -0.154943, 4.526732
  DIP #81
    decl=0x0fc25260
    type=4
    baseVtx=0
    numVerts=73
    primCount=90
    stride0=64
    [SKINNED]
    boneStart=0
    numBones=0
    hasNormal=1
    hasTexcoord=1
    tcType=1
    tex0
     =0x1c144900
    tex1
     =0x1c143c60
    tex2
     =0x1c144c80
    tex3
     =0x0fc0dda0
    tex4
     =0x1c1445a0
    tex5
     =0x4a6207e0
    tex6
     =0x4a620900
    tex7
     =0x32aa49a0
  SetVSConstF start=0
    count=72
    (large write, first 4x4):
      0.994569, 0.073750, -0.073438, 1.708288, -0.079912, 0.993185, -0.084841, -44.393452, 0.066680, 0.090249, 0.993685, -5.019180, 0.987180, 0.038312, -0.154944, 4.524668
  DIP #82
    decl=0x0fc25260
    type=4
    baseVtx=0
    numVerts=368
    primCount=594
    stride0=64
    [SKINNED]
    boneStart=0
    numBones=0
    hasNormal=1
    hasTexcoord=1
    tcType=1
    tex0
     =0x1c144900
    tex1
     =0x1c143c60
    tex2
     =0x1c144c80
    tex3
     =0x0fc0dda0
    tex4
     =0x1c1445a0
    tex5
     =0x4a6207e0
    tex6
     =0x4a620900
    tex7
     =0x32aa49a0
  SetVSConstF start=0
    count=72
    (large write, first 4x4):
      0.998601, 0.012563, 0.051371, 4.483043, -0.030163, 0.933187, 0.358122, -39.443562, -0.043439, -0.359171, 0.932260, 16.350033, 0.992704, 0.071252, 0.097273, 3.255827
  DIP #83
    decl=0x0fc25260
    type=4
    baseVtx=0
    numVerts=866
    primCount=1132
    stride0=64
    [SKINNED]
    boneStart=0
    numBones=0
    hasNormal=1
    hasTexcoord=1
    tcType=1
    tex0
     =0x1c143d80
    tex1
     =0x1c144460
    tex2
     =0x1bd108a0
    tex3
     =0x0fc0dda0
    tex4
     =0x1c1445a0
    tex5
     =0x4a6207e0
    tex6
     =0x4a620900
    tex7
     =0x32aa49a0
  SetVSConstF start=0
    count=72
    (large write, first 4x4):
      0.987180, 0.038312, -0.154944, 4.524668, -0.047517, 0.997291, -0.056149, -44.730873, 0.152373, 0.062792, 0.986326, -2.872083, 0.992704, 0.071252, 0.097273, 3.255827
  DIP #84
    decl=0x0fc25260
    type=4
    baseVtx=0
    numVerts=104
    primCount=126
    stride0=64
    [SKINNED]
    boneStart=0
    numBones=0
    hasNormal=1
    hasTexcoord=1
    tcType=1
    tex0
     =0x1c143d80
    tex1
     =0x1c144460
    tex2
     =0x1bd108a0
    tex3
     =0x0fc0dda0
    tex4
     =0x1c1445a0
    tex5
     =0x4a6207e0
    tex6
     =0x4a620900
    tex7
     =0x32aa49a0
  SetVSConstF start=76
    count=1
    data: -57.094730, -1.453522, 34.527252, 0.000000
  SetVSConstF start=77
    count=1
    data: 0.010000, 0.000000, 0.000000, 0.000000
  SetVSConstF start=72
    count=4
    c72-c75:
  row0: -0.758691, 0.112548, -0.238885, 3.533469
  row1: -0.053310, 1.218304, 0.743303, -91.365761
  row2: 0.326591, 0.502643, -0.800430, 68.477066
  row3: 0.326591, 0.502643, -0.800430, 72.777115
  SetVSConstF start=78
    count=1
    data: -22.002316, 17.377867, 92.857826, 0.000000
  SetVSConstF start=0
    count=72
    (large write, first 4x4):
      0.982699, 0.085911, -0.164079, 0.903763, -0.054236, 0.980558, 0.188587, 1.682378, 0.177091, -0.176425, 0.968252, 1.892537, 0.982699, 0.085911, -0.164079, 0.903763
  DIP #85
    decl=0x0fc25260
    type=4
    baseVtx=0
    numVerts=505
    primCount=530
    stride0=64
    [SKINNED]
    boneStart=0
    numBones=0
    hasNormal=1
    hasTexcoord=1
    tcType=1
    tex0
     =0x1c160ee0
    tex1
     =0x1c1616e0
    tex2
     =0x1c160340
    tex3
     =0x0fc0dda0
    tex4
     =0x1c1445a0
    tex5
     =0x4a6207e0
    tex6
     =0x4a620900
    tex7
     =0x32aa49a0
  SetVSConstF start=0
    count=72
    (large write, first 4x4):
      0.982699, 0.085911, -0.164079, 0.903763, -0.054236, 0.980558, 0.188587, 1.682378, 0.177091, -0.176425, 0.968252, 1.892537, 0.982699, 0.085911, -0.164079, 0.903763
  DIP #86
    decl=0x0fc25260
    type=4
    baseVtx=0
    numVerts=554
    primCount=566
    stride0=64
    [SKINNED]
    boneStart=0
    numBones=0
    hasNormal=1
    hasTexcoord=1
    tcType=1
    tex0
     =0x1c160ee0
    tex1
     =0x1c1616e0
    tex2
     =0x1c160340
    tex3
     =0x0fc0dda0
    tex4
     =0x1c1445a0
    tex5
     =0x4a6207e0
    tex6
     =0x4a620900
    tex7
     =0x32aa49a0
  SetVS shader=0x2de7de80
  SetVSConstF start=0
    count=10
    (large write, first 4x4):
      -0.758691, 0.112548, -0.238885, 3.533469, -0.053310, 1.218304, 0.743303, -91.365761, 0.326591, 0.502643, -0.800430, 68.477066, 0.326591, 0.502643, -0.800430, 72.777115
  SetVSConstF start=7
    count=1
    data: -0.000198, 79.999634, 59.999405, 0.000000
  SetVSConstF start=8
    count=1
    data: 0.010000, 0.000000, 0.000000, 0.000000
  SetVSConstF start=4
    count=3
  SetVSConstF start=0
    count=4
    c0-c3:
  row0: -0.763439, 0.000000, -0.250010, 53.439648
  row1: -0.158110, 1.334730, 0.482808, -200.175583
  row2: 0.290859, 0.355732, -0.888175, 46.295212
  row3: 0.290859, 0.355732, -0.888175, 50.595261
  SetVSConstF start=9
    count=1
    data: 32.985134, 112.997437, 113.024559, 0.000000
  DIP #87
    decl=0x32acc4a0
    type=4
    baseVtx=40563
    numVerts=264
    primCount=198
    stride0=56
    hasNormal=1
    hasTexcoord=1
    tcType=1
    tex0
     =0x4a620580
    tex1
     =0x4a61f560
    tex2
     =0x4a6206c0
    tex3
     =0x2be41220
    tex4
     =0x4a620900
    tex5
     =0x4a6207e0
    tex6
     =0x4a620900
    tex7
     =0x32aa49a0
  SetVSConstF start=7
    count=1
    data: -84.000687, -0.000488, -62.001083, 0.000000
  SetVSConstF start=8
    count=1
    data: 0.010000, 0.000000, 0.000000, 0.000000
  SetVSConstF start=4
    count=3
  SetVSConstF start=0
    count=4
    c0-c3:
  row0: -0.763439, 0.000000, -0.250010, -41.190449
  row1: -0.158110, 1.334730, 0.482808, -47.775764
  row2: 0.290859, 0.355732, -0.888175, -9.171515
  row3: 0.290859, 0.355732, -0.888175, -4.871466
  SetVSConstF start=9
    count=1
    data: -51.015354, 32.997314, -8.975927, 0.000000
  DIP #88
    decl=0x32acc4a0
    type=4
    baseVtx=40563
    numVerts=114
    primCount=94
    stride0=56
    hasNormal=1
    hasTexcoord=1
    tcType=1
    tex0
     =0x4a620580
    tex1
     =0x4a61f560
    tex2
     =0x4a6206c0
    tex3
     =0x2be41220
    tex4
     =0x4a620900
    tex5
     =0x4a6207e0
    tex6
     =0x4a620900
    tex7
     =0x32aa49a0
  SetVSConstF start=7
    count=1
    data: -0.000198, 79.999634, 59.999405, 0.000000
  SetVSConstF start=8
    count=1
    data: 0.010000, 0.000000, 0.000000, 0.000000
  SetVSConstF start=4
    count=3
  SetVSConstF start=0
    count=4
    c0-c3:
  row0: -0.763439, 0.000000, -0.250010, 53.439648
  row1: -0.158110, 1.334730, 0.482808, -200.175583
  row2: 0.290859, 0.355732, -0.888175, 46.295212
  row3: 0.290859, 0.355732, -0.888175, 50.595261
  SetVSConstF start=9
    count=1
    data: 32.985134, 112.997437, 113.024559, 0.000000
  DIP #89
    decl=0x32acc4a0
    type=4
    baseVtx=40941
    numVerts=409
    primCount=352
    stride0=56
    hasNormal=1
    hasTexcoord=1
    tcType=1
    tex0
     =0x4a620580
    tex1
     =0x4a61f560
    tex2
     =0x4a6206c0
    tex3
     =0x2be41220
    tex4
     =0x4a620900
    tex5
     =0x4a6207e0
    tex6
     =0x4a620900
    tex7
     =0x32aa49a0
  SetVS shader=0x1c159a00
  SetVSConstF start=0
    count=10
    (large write, first 4x4):
      -0.763439, 0.000000, -0.250010, 53.439648, -0.158110, 1.334730, 0.482808, -200.175583, 0.290859, 0.355732, -0.888175, 46.295212, 0.290859, 0.355732, -0.888175, 50.595261
  DIP #90
    decl=0x32acc4a0
    type=4
    baseVtx=25611
    numVerts=46
    primCount=32
    stride0=56
    hasNormal=1
    hasTexcoord=1
    tcType=1
    tex0
     =0x0fcb51a0
    tex1
     =0x0fcb51a0
    tex2
     =0x2be41220
    tex3
     =0x4a6207e0
    tex4
     =0x4a620900
    tex5
     =0x4a6207e0
    tex6
     =0x4a620900
    tex7
     =0x32aa49a0
  SetVSConstF start=7
    count=1
    data: -84.000687, -0.000488, -62.001083, 0.000000
  SetVSConstF start=8
    count=1
    data: 0.010000, 0.000000, 0.000000, 0.000000
  SetVSConstF start=4
    count=3
  SetVSConstF start=0
    count=4
    c0-c3:
  row0: -0.763439, 0.000000, -0.250010, -41.190449
  row1: -0.158110, 1.334730, 0.482808, -47.775764
  row2: 0.290859, 0.355732, -0.888175, -9.171515
  row3: 0.290859, 0.355732, -0.888175, -4.871466
  SetVSConstF start=9
    count=1
    data: -51.015354, 32.997314, -8.975927, 0.000000
  DIP #91
    decl=0x32acc4a0
    type=4
    baseVtx=25611
    numVerts=12
    primCount=8
    stride0=56
    hasNormal=1
    hasTexcoord=1
    tcType=1
    tex0
     =0x0fcb51a0
    tex1
     =0x0fcb51a0
    tex2
     =0x2be41220
    tex3
     =0x4a6207e0
    tex4
     =0x4a620900
    tex5
     =0x4a6207e0
    tex6
     =0x4a620900
    tex7
     =0x32aa49a0
  SetVS shader=0x0f7b53a0
  SetVSConstF start=0
    count=12
    (large write, first 4x4):
      -0.471408, -0.166932, 0.499908, 2261.626709, -0.316642, -0.632175, -0.009598, -2.257812, -0.000887, -0.000295, 0.000000, 2.194961, -0.948876, -0.315649, 0.000000, 2378.607910
  SetVSConstF start=8
    count=1
    data: 2983.393311, -1471.000000, -2190.000000, 0.000000
  SetVSConstF start=10
    count=1
    data: 0.000909, 0.000000, 0.000000, 0.000000
  SetVSConstF start=0
    count=4
    c0-c3:
  row0: -0.471408, -0.166932, 0.499908, 2255.636230
  row1: -0.316642, -0.632175, -0.009598, -6.281494
  row2: -0.000887, -0.000295, 0.000000, 2.183692
  row3: -0.948876, -0.315649, 0.000000, 2366.550293
  SetVSConstF start=9
    count=1
    data: -0.000887, -0.000295, 0.000000, 2.183692
  SetVSConstF start=4
    count=4
    c4-c7:
  row0: 0.250010, 0.000000, -0.763439, -2428.122559
  row1: -0.482808, 1.334730, -0.158109, 3067.233398
  row2: 0.888176, 0.355732, 0.290859, -1646.581665
  row3: 0.888176, 0.355732, 0.290859, -1642.281616
  SetVSConstF start=11
    count=1
    data: 3125.368164, -1423.002197, -2157.014648, 0.000000
  DIP #92
    decl=0x32acc4a0
    type=4
    baseVtx=146967
    numVerts=4
    primCount=2
    stride0=56
    hasNormal=1
    hasTexcoord=1
    tcType=1
    tex0
     =0x4a629180
    tex1
     =0x04d4d180
    tex2
     =0x32a9f660
    tex3
     =0x32a9f780
    tex4
     =0x32aa0440
    tex5
     =0x4a6207e0
    tex6
     =0x4a620900
    tex7
     =0x32aa49a0
  DIP #93
    decl=0x32acc4a0
    type=4
    baseVtx=110797
    numVerts=329
    primCount=233
    stride0=56
    hasNormal=1
    hasTexcoord=1
    tcType=1
    tex0
     =0x4a629180
    tex1
     =0x04d4d180
    tex2
     =0x2de82bc0
    tex3
     =0x2de84660
    tex4
     =0x2de840a0
    tex5
     =0x4a6207e0
    tex6
     =0x4a620900
    tex7
     =0x32aa49a0
  DIP #94
    decl=0x32acc4a0
    type=4
    baseVtx=110455
    numVerts=13
    primCount=11
    stride0=56
    hasNormal=1
    hasTexcoord=1
    tcType=1
    tex0
     =0x4a629180
    tex1
     =0x04d4d180
    tex2
     =0x2de82160
    tex3
     =0x2de80920
    tex4
     =0x2de81cc0
    tex5
     =0x4a6207e0
    tex6
     =0x4a620900
    tex7
     =0x32aa49a0
  DIP #95
    decl=0x32acc4a0
    type=4
    baseVtx=111858
    numVerts=359
    primCount=199
    stride0=56
    hasNormal=1
    hasTexcoord=1
    tcType=1
    tex0
     =0x4a629180
    tex1
     =0x04d4d180
    tex2
     =0x2de82e20
    tex3
     =0x2de84b00
    tex4
     =0x2de840a0
    tex5
     =0x4a6207e0
    tex6
     =0x4a620900
    tex7
     =0x32aa49a0
  DIP #96
    decl=0x32acc4a0
    type=4
    baseVtx=138214
    numVerts=24
    primCount=12
    stride0=56
    hasNormal=1
    hasTexcoord=1
    tcType=1
    tex0
     =0x4a629180
    tex1
     =0x04d4d180
    tex2
     =0x2de7eb00
    tex3
     =0x2de7e9e0
    tex4
     =0x2de85d80
    tex5
     =0x4a6207e0
    tex6
     =0x4a620900
    tex7
     =0x32aa49a0
  DIP #97
    decl=0x32acc4a0
    type=4
    baseVtx=139094
    numVerts=21
    primCount=13
    stride0=56
    hasNormal=1
    hasTexcoord=1
    tcType=1
    tex0
     =0x4a629180
    tex1
     =0x04d4d180
    tex2
     =0x2de7e660
    tex3
     =0x2de7f320
    tex4
     =0x2de7e8c0
    tex5
     =0x4a6207e0
    tex6
     =0x4a620900
    tex7
     =0x32aa49a0
  DIP #98
    decl=0x32acc4a0
    type=4
    baseVtx=139035
    numVerts=4
    primCount=2
    stride0=56
    hasNormal=1
    hasTexcoord=1
    tcType=1
    tex0
     =0x4a629180
    tex1
     =0x04d4d180
    tex2
     =0x2de7e540
    tex3
     =0x2de7f200
    tex4
     =0x2de7e7a0
    tex5
     =0x4a6207e0
    tex6
     =0x4a620900
    tex7
     =0x32aa49a0
  DIP #99
    decl=0x32acc4a0
    type=4
    baseVtx=138482
    numVerts=40
    primCount=20
    stride0=56
    hasNormal=1
    hasTexcoord=1
    tcType=1
    tex0
     =0x4a629180
    tex1
     =0x04d4d180
    tex2
     =0x2de7f8e0
    tex3
     =0x2de7e9e0
    tex4
     =0x2de85d80
    tex5
     =0x4a6207e0
    tex6
     =0x4a620900
    tex7
     =0x32aa49a0
  DIP #100
    decl=0x32acc4a0
    type=4
    baseVtx=112827
    numVerts=7
    primCount=5
    stride0=56
    hasNormal=1
    hasTexcoord=1
    tcType=1
    tex0
     =0x4a629180
    tex1
     =0x04d4d180
    tex2
     =0x2de83880
    tex3
     =0x2de84c20
    tex4
     =0x2de84fa0
    tex5
     =0x4a6207e0
    tex6
     =0x4a620900
    tex7
     =0x32aa49a0
  DIP #101
    decl=0x32acc4a0
    type=4
    baseVtx=122419
    numVerts=552
    primCount=288
    stride0=56
    hasNormal=1
    hasTexcoord=1
    tcType=1
    tex0
     =0x4a629180
    tex1
     =0x04d4d180
    tex2
     =0x32a9c4a0
    tex3
     =0x32a9bc80
    tex4
     =0x32a9bb60
    tex5
     =0x4a6207e0
    tex6
     =0x4a620900
    tex7
     =0x32aa49a0
  SetVSConstF start=8
    count=1
    data: -0.000267, 64.999634, 254.999390, 0.000000
  SetVSConstF start=10
    count=1
    data: 0.000909, 0.000000, 0.000000, 0.000000
  SetVSConstF start=0
    count=4
    c0-c3:
  row0: 0.499908, -0.166932, 0.471408, -109.358627
  row1: -0.009598, -0.632175, 0.316642, -39.652435
  row2: -0.000000, -0.000295, 0.000887, -0.234996
  row3: -0.000000, -0.315649, 0.948876, -221.446167
  SetVSConstF start=9
    count=1
    data: -0.000000, -0.000295, 0.000887, -0.234996
  SetVSConstF start=4
    count=4
    c4-c7:
  row0: -0.763439, 0.000000, -0.250010, 53.439648
  row1: -0.158110, 1.334730, 0.482808, -200.175583
  row2: 0.290859, 0.355732, -0.888175, 46.295212
  row3: 0.290859, 0.355732, -0.888175, 50.595261
  SetVSConstF start=11
    count=1
    data: 32.985134, 112.997437, 113.024559, 0.000000
  DIP #102
    decl=0x32acc4a0
    type=4
    baseVtx=245195
    numVerts=261
    primCount=244
    stride0=56
    hasNormal=1
    hasTexcoord=1
    tcType=1
    tex0
     =0x4a629180
    tex1
     =0x04d4d180
    tex2
     =0x4a623180
    tex3
     =0x4a6224c0
    tex4
     =0x4a622960
    tex5
     =0x4a6207e0
    tex6
     =0x4a620900
    tex7
     =0x32aa49a0
  DIP #103
    decl=0x32acc4a0
    type=4
    baseVtx=244936
    numVerts=259
    primCount=165
    stride0=56
    hasNormal=1
    hasTexcoord=1
    tcType=1
    tex0
     =0x4a629180
    tex1
     =0x04d4d180
    tex2
     =0x4a620460
    tex3
     =0x4a61ffc0
    tex4
     =0x4a620da0
    tex5
     =0x4a6207e0
    tex6
     =0x4a620900
    tex7
     =0x32aa49a0
  DIP #104
    decl=0x32acc4a0
    type=4
    baseVtx=245456
    numVerts=4
    primCount=2
    stride0=56
    hasNormal=1
    hasTexcoord=1
    tcType=1
    tex0
     =0x4a629180
    tex1
     =0x04d4d180
    tex2
     =0x0fcb51a0
    tex3
     =0x1bf959e0
    tex4
     =0x0f79a860
    tex5
     =0x4a6207e0
    tex6
     =0x4a620900
    tex7
     =0x32aa49a0
  SetVS shader=0x0fb3c920
  SetVSConstF start=0
    count=12
    (large write, first 4x4):
      0.499908, -0.166932, 0.471408, -109.358627, -0.009598, -0.632175, 0.316642, -39.652435, -0.000000, -0.000295, 0.000887, -0.234996, -0.000000, -0.315649, 0.948876, -221.446167
  SetVSConstF start=8
    count=1
    data: 2983.393311, -1471.000000, -2190.000000, 0.000000
  SetVSConstF start=10
    count=1
    data: 0.000909, 0.000000, 0.000000, 0.000000
  SetVSConstF start=0
    count=4
    c0-c3:
  row0: -0.471408, -0.166932, 0.499908, 2255.636230
  row1: -0.316642, -0.632175, -0.009598, -6.281494
  row2: -0.000887, -0.000295, 0.000000, 2.183692
  row3: -0.948876, -0.315649, 0.000000, 2366.550293
  SetVSConstF start=9
    count=1
    data: -0.000887, -0.000295, 0.000000, 2.183692
  SetVSConstF start=4
    count=4
    c4-c7:
  row0: 0.250010, 0.000000, -0.763439, -2428.122559
  row1: -0.482808, 1.334730, -0.158109, 3067.233398
  row2: 0.888176, 0.355732, 0.290859, -1646.581665
  row3: 0.888176, 0.355732, 0.290859, -1642.281616
  SetVSConstF start=11
    count=1
    data: 3125.368164, -1423.002197, -2157.014648, 0.000000
  DIP #105
    decl=0x32acc4a0
    type=4
    baseVtx=44654
    numVerts=39
    primCount=21
    stride0=56
    hasNormal=1
    hasTexcoord=1
    tcType=1
    tex0
     =0x4a629180
    tex1
     =0x04d4d180
    tex2
     =0x0f79a620
    tex3
     =0x0fcb51a0
    tex4
     =0x0f79a860
    tex5
     =0x4a6207e0
    tex6
     =0x4a620900
    tex7
     =0x32aa49a0
  SetVSConstF start=8
    count=1
    data: -0.000267, 64.999634, 254.999390, 0.000000
  SetVSConstF start=10
    count=1
    data: 0.000909, 0.000000, 0.000000, 0.000000
  SetVSConstF start=0
    count=4
    c0-c3:
  row0: 0.499908, -0.166932, 0.471408, -109.358627
  row1: -0.009598, -0.632175, 0.316642, -39.652435
  row2: -0.000000, -0.000295, 0.000887, -0.234996
  row3: -0.000000, -0.315649, 0.948876, -221.446167
  SetVSConstF start=9
    count=1
    data: -0.000000, -0.000295, 0.000887, -0.234996
  SetVSConstF start=4
    count=4
    c4-c7:
  row0: -0.763439, 0.000000, -0.250010, 53.439648
  row1: -0.158110, 1.334730, 0.482808, -200.175583
  row2: 0.290859, 0.355732, -0.888175, 46.295212
  row3: 0.290859, 0.355732, -0.888175, 50.595261
  SetVSConstF start=11
    count=1
    data: 32.985134, 112.997437, 113.024559, 0.000000
  DIP #106
    decl=0x32acc4a0
    type=4
    baseVtx=105089
    numVerts=763
    primCount=616
    stride0=56
    hasNormal=1
    hasTexcoord=1
    tcType=1
    tex0
     =0x4a629180
    tex1
     =0x04d4d180
    tex2
     =0x4a61e9c0
    tex3
     =0x4a61efa0
    tex4
     =0x4a61f1e0
    tex5
     =0x4a6207e0
    tex6
     =0x4a620900
    tex7
     =0x32aa49a0
  DIP #107
    decl=0x32acc4a0
    type=4
    baseVtx=105881
    numVerts=352
    primCount=288
    stride0=56
    hasNormal=1
    hasTexcoord=1
    tcType=1
    tex0
     =0x4a629180
    tex1
     =0x04d4d180
    tex2
     =0x4a6215c0
    tex3
     =0x4a6225e0
    tex4
     =0x4a622f20
    tex5
     =0x4a6207e0
    tex6
     =0x4a620900
    tex7
     =0x32aa49a0
  SetVS shader=0x2de7b600
  SetVSConstF start=0
    count=15
    (large write, first 4x4):
      0.499908, -0.166932, 0.471408, -109.358627, -0.009598, -0.632175, 0.316642, -39.652435, -0.000000, -0.000295, 0.000887, -0.234996, -0.000000, -0.315649, 0.948876, -221.446167
  DIP #108
    decl=0x32acc4a0
    type=4
    baseVtx=40563
    numVerts=264
    primCount=198
    stride0=56
    hasNormal=1
    hasTexcoord=1
    tcType=1
    tex0
     =0x4a629180
    tex1
     =0x04d4d180
    tex2
     =0x4a620580
    tex3
     =0x4a61f560
    tex4
     =0x4a6206c0
    tex5
     =0x2be41220
    tex6
     =0x4a620900
    tex7
     =0x32aa49a0
  DIP #109
    decl=0x32acc4a0
    type=4
    baseVtx=40941
    numVerts=409
    primCount=352
    stride0=56
    hasNormal=1
    hasTexcoord=1
    tcType=1
    tex0
     =0x4a629180
    tex1
     =0x04d4d180
    tex2
     =0x4a620580
    tex3
     =0x4a61f560
    tex4
     =0x4a6206c0
    tex5
     =0x2be41220
    tex6
     =0x4a620900
    tex7
     =0x32aa49a0
  SetVS shader=0x1c158340
  SetVSConstF start=0
    count=15
    (large write, first 4x4):
      0.499908, -0.166932, 0.471408, -109.358627, -0.009598, -0.632175, 0.316642, -39.652435, -0.000000, -0.000295, 0.000887, -0.234996, -0.000000, -0.315649, 0.948876, -221.446167
  DIP #110
    decl=0x32acc4a0
    type=4
    baseVtx=25611
    numVerts=46
    primCount=32
    stride0=56
    hasNormal=1
    hasTexcoord=1
    tcType=1
    tex0
     =0x4a629180
    tex1
     =0x04d4d180
    tex2
     =0x0fcb51a0
    tex3
     =0x0fcb51a0
    tex4
     =0x2be41220
    tex5
     =0x4a6207e0
    tex6
     =0x4a620900
    tex7
     =0x32aa49a0
  SetVS shader=0x2de771c0
  SetVSConstF start=0
    count=12
    (large write, first 4x4):
      0.499908, -0.166932, 0.471408, -109.358627, -0.009598, -0.632175, 0.316642, -39.652435, -0.000000, -0.000295, 0.000887, -0.234996, -0.000000, -0.315649, 0.948876, -221.446167
  SetVSConstF start=8
    count=1
    data: 2983.393311, -1471.000000, -2190.000000, 0.000000
  SetVSConstF start=10
    count=1
    data: 0.000909, 0.000000, 0.000000, 0.000000
  SetVSConstF start=0
    count=4
    c0-c3:
  row0: -0.471408, -0.166932, 0.499908, 2255.636230
  row1: -0.316642, -0.632175, -0.009598, -6.281494
  row2: -0.000887, -0.000295, 0.000000, 2.183692
  row3: -0.948876, -0.315649, 0.000000, 2366.550293
  SetVSConstF start=9
    count=1
    data: -0.000887, -0.000295, 0.000000, 2.183692
  SetVSConstF start=4
    count=4
    c4-c7:
  row0: 0.250010, 0.000000, -0.763439, -2428.122559
  row1: -0.482808, 1.334730, -0.158109, 3067.233398
  row2: 0.888176, 0.355732, 0.290859, -1646.581665
  row3: 0.888176, 0.355732, 0.290859, -1642.281616
  SetVSConstF start=11
    count=1
    data: 3125.368164, -1423.002197, -2157.014648, 0.000000
  DIP #111
    decl=0x32acc4a0
    type=4
    baseVtx=3403
    numVerts=297
    primCount=153
    stride0=56
    hasNormal=1
    hasTexcoord=1
    tcType=1
    tex0
     =0x4a629180
    tex1
     =0x04d4d180
    tex2
     =0x2de7f0e0
    tex3
     =0x2de7f440
    tex4
     =0x2de80100
    tex5
     =0x4a6207e0
    tex6
     =0x4a620900
    tex7
     =0x32aa49a0
  SetVS shader=0x0f7b3ce0
  SetVSConstF start=0
    count=9
    (large write, first 4x4):
      0.250010, 0.000000, -0.763439, -2428.122559, -0.482808, 1.334730, -0.158109, 3067.233398, 0.888176, 0.355732, 0.290859, -1646.581665, 0.888176, 0.355732, 0.290859, -1642.281616
  SetVSConstF start=7
    count=1
    data: -0.128598, -0.811064, -0.570644, 0.000000
  SetVSConstF start=4
    count=3
  SetVSConstF start=0
    count=4
    c0-c3:
  row0: 0.250010, 0.000000, -0.763439, -2428.122559
  row1: -0.482808, 1.334730, -0.158109, 3067.233398
  row2: 0.888176, 0.355732, 0.290859, -1646.581665
  row3: 0.888176, 0.355732, 0.290859, -1642.281616
  SetVSConstF start=8
    count=1
    data: 3125.368164, -1423.002197, -2157.014648, 0.000000
  DIP #112
    decl=0x32acc4a0
    type=4
    baseVtx=146967
    numVerts=4
    primCount=2
    stride0=56
    hasNormal=1
    hasTexcoord=1
    tcType=1
    tex0
     =0x1bf502a0
    tex1
     =0x1bf502a0
    tex2
     =0x0fb51b20
    tex3
     =0x32a9f660
    tex4
     =0x32a9f780
    tex5
     =0x32aa0440
    tex6
     =0x4a620900
    tex7
     =0x32aa49a0
  DIP #113
    decl=0x32acc4a0
    type=4
    baseVtx=110797
    numVerts=329
    primCount=233
    stride0=56
    hasNormal=1
    hasTexcoord=1
    tcType=1
    tex0
     =0x1bf502a0
    tex1
     =0x1bf502a0
    tex2
     =0x0fb51b20
    tex3
     =0x2de82bc0
    tex4
     =0x2de84660
    tex5
     =0x2de840a0
    tex6
     =0x4a620900
    tex7
     =0x32aa49a0
  DIP #114
    decl=0x32acc4a0
    type=4
    baseVtx=110455
    numVerts=13
    primCount=11
    stride0=56
    hasNormal=1
    hasTexcoord=1
    tcType=1
    tex0
     =0x1bf502a0
    tex1
     =0x1bf502a0
    tex2
     =0x0fb51b20
    tex3
     =0x2de82160
    tex4
     =0x2de80920
    tex5
     =0x2de81cc0
    tex6
     =0x4a620900
    tex7
     =0x32aa49a0
  DIP #115
    decl=0x32acc4a0
    type=4
    baseVtx=111858
    numVerts=359
    primCount=199
    stride0=56
    hasNormal=1
    hasTexcoord=1
    tcType=1
    tex0
     =0x1bf502a0
    tex1
     =0x1bf502a0
    tex2
     =0x0fb51b20
    tex3
     =0x2de82e20
    tex4
     =0x2de84b00
    tex5
     =0x2de840a0
    tex6
     =0x4a620900
    tex7
     =0x32aa49a0
  DIP #116
    decl=0x32acc4a0
    type=4
    baseVtx=138214
    numVerts=24
    primCount=12
    stride0=56
    hasNormal=1
    hasTexcoord=1
    tcType=1
    tex0
     =0x1bf502a0
    tex1
     =0x1bf502a0
    tex2
     =0x0fb51b20
    tex3
     =0x2de7eb00
    tex4
     =0x2de7e9e0
    tex5
     =0x2de85d80
    tex6
     =0x4a620900
    tex7
     =0x32aa49a0
  DIP #117
    decl=0x32acc4a0
    type=4
    baseVtx=139094
    numVerts=21
    primCount=13
    stride0=56
    hasNormal=1
    hasTexcoord=1
    tcType=1
    tex0
     =0x1bf502a0
    tex1
     =0x1bf502a0
    tex2
     =0x0fb51b20
    tex3
     =0x2de7e660
    tex4
     =0x2de7f320
    tex5
     =0x2de7e8c0
    tex6
     =0x4a620900
    tex7
     =0x32aa49a0
  DIP #118
    decl=0x32acc4a0
    type=4
    baseVtx=139035
    numVerts=4
    primCount=2
    stride0=56
    hasNormal=1
    hasTexcoord=1
    tcType=1
    tex0
     =0x1bf502a0
    tex1
     =0x1bf502a0
    tex2
     =0x0fb51b20
    tex3
     =0x2de7e540
    tex4
     =0x2de7f200
    tex5
     =0x2de7e7a0
    tex6
     =0x4a620900
    tex7
     =0x32aa49a0
  DIP #119
    decl=0x32acc4a0
    type=4
    baseVtx=138482
    numVerts=40
    primCount=20
    stride0=56
    hasNormal=1
    hasTexcoord=1
    tcType=1
    tex0
     =0x1bf502a0
    tex1
     =0x1bf502a0
    tex2
     =0x0fb51b20
    tex3
     =0x2de7f8e0
    tex4
     =0x2de7e9e0
    tex5
     =0x2de85d80
    tex6
     =0x4a620900
    tex7
     =0x32aa49a0
  DIP #120
    decl=0x32acc4a0
    type=4
    baseVtx=112827
    numVerts=7
    primCount=5
    stride0=56
    hasNormal=1
    hasTexcoord=1
    tcType=1
    tex0
     =0x1bf502a0
    tex1
     =0x1bf502a0
    tex2
     =0x0fb51b20
    tex3
     =0x2de83880
    tex4
     =0x2de84c20
    tex5
     =0x2de84fa0
    tex6
     =0x4a620900
    tex7
     =0x32aa49a0
  DIP #121
    decl=0x32acc4a0
    type=4
    baseVtx=142763
    numVerts=16
    primCount=8
    stride0=56
    hasNormal=1
    hasTexcoord=1
    tcType=1
    tex0
     =0x1bf502a0
    tex1
     =0x1bf502a0
    tex2
     =0x0fb51b20
    tex3
     =0x32a9a7c0
    tex4
     =0x32a98ae0
    tex5
     =0x32a9a320
    tex6
     =0x4a620900
    tex7
     =0x32aa49a0
  DIP #122
    decl=0x32acc4a0
    type=4
    baseVtx=122419
    numVerts=552
    primCount=288
    stride0=56
    hasNormal=1
    hasTexcoord=1
    tcType=1
    tex0
     =0x1bf502a0
    tex1
     =0x1bf502a0
    tex2
     =0x0fb51b20
    tex3
     =0x32a9c4a0
    tex4
     =0x32a9bc80
    tex5
     =0x32a9bb60
    tex6
     =0x4a620900
    tex7
     =0x32aa49a0
  SetVS shader=0x0fb3c400
  SetVSConstF start=0
    count=9
    (large write, first 4x4):
      0.250010, 0.000000, -0.763439, -2428.122559, -0.482808, 1.334730, -0.158109, 3067.233398, 0.888176, 0.355732, 0.290859, -1646.581665, 0.888176, 0.355732, 0.290859, -1642.281616
  DIP #123
    decl=0x32acc4a0
    type=4
    baseVtx=44654
    numVerts=39
    primCount=21
    stride0=56
    hasNormal=1
    hasTexcoord=1
    tcType=1
    tex0
     =0x1bf502a0
    tex1
     =0x1bf502a0
    tex2
     =0x0fb51b20
    tex3
     =0x0f79a620
    tex4
     =0x0fcb51a0
    tex5
     =0x0f79a860
    tex6
     =0x4a620900
    tex7
     =0x32aa49a0
  SetVS shader=0x2de780e0
  SetVSConstF start=0
    count=9
    (large write, first 4x4):
      0.250010, 0.000000, -0.763439, -2428.122559, -0.482808, 1.334730, -0.158109, 3067.233398, 0.888176, 0.355732, 0.290859, -1646.581665, 0.888176, 0.355732, 0.290859, -1642.281616
  DIP #124
    decl=0x32acc4a0
    type=4
    baseVtx=3403
    numVerts=297
    primCount=153
    stride0=56
    hasNormal=1
    hasTexcoord=1
    tcType=1
    tex0
     =0x1bf502a0
    tex1
     =0x1bf502a0
    tex2
     =0x0fb51b20
    tex3
     =0x2de7f0e0
    tex4
     =0x2de7f440
    tex5
     =0x2de80100
    tex6
     =0x4a620900
    tex7
     =0x32aa49a0
  SetVS shader=0x0f7b58c0
  SetVSConstF start=0
    count=10
    (large write, first 4x4):
      0.250010, 0.000000, -0.763439, -2428.122559, -0.482808, 1.334730, -0.158109, 3067.233398, 0.888176, 0.355732, 0.290859, -1646.581665, 0.888176, 0.355732, 0.290859, -1642.281616
  SetVSConstF start=4
    count=3
  SetVSConstF start=7
    count=3
  SetVSConstF start=0
    count=4
    c0-c3:
  row0: 0.250010, 0.000000, -0.763439, -2428.122559
  row1: -0.482808, 1.334730, -0.158109, 3067.233398
  row2: 0.888176, 0.355732, 0.290859, -1646.581665
  row3: 0.888176, 0.355732, 0.290859, -1642.281616
  DIP #125
    decl=0x32acc4a0
    type=4
    baseVtx=146967
    numVerts=4
    primCount=2
    stride0=56
    hasNormal=1
    hasTexcoord=1
    tcType=1
    tex0
     =0x32a9f660
    tex1
     =0x32aa0440
    tex2
     =0x0fb51b20
    tex3
     =0x2de7f0e0
    tex4
     =0x2de7f440
    tex5
     =0x2de80100
    tex6
     =0x4a620900
    tex7
     =0x32aa49a0
  DIP #126
    decl=0x32acc4a0
    type=4
    baseVtx=110797
    numVerts=329
    primCount=233
    stride0=56
    hasNormal=1
    hasTexcoord=1
    tcType=1
    tex0
     =0x2de82bc0
    tex1
     =0x2de840a0
    tex2
     =0x0fb51b20
    tex3
     =0x2de7f0e0
    tex4
     =0x2de7f440
    tex5
     =0x2de80100
    tex6
     =0x4a620900
    tex7
     =0x32aa49a0
  DIP #127
    decl=0x32acc4a0
    type=4
    baseVtx=110455
    numVerts=13
    primCount=11
    stride0=56
    hasNormal=1
    hasTexcoord=1
    tcType=1
    tex0
     =0x2de82160
    tex1
     =0x2de81cc0
    tex2
     =0x0fb51b20
    tex3
     =0x2de7f0e0
    tex4
     =0x2de7f440
    tex5
     =0x2de80100
    tex6
     =0x4a620900
    tex7
     =0x32aa49a0
  DIP #128
    decl=0x32acc4a0
    type=4
    baseVtx=111858
    numVerts=359
    primCount=199
    stride0=56
    hasNormal=1
    hasTexcoord=1
    tcType=1
    tex0
     =0x2de82e20
    tex1
     =0x2de840a0
    tex2
     =0x0fb51b20
    tex3
     =0x2de7f0e0
    tex4
     =0x2de7f440
    tex5
     =0x2de80100
    tex6
     =0x4a620900
    tex7
     =0x32aa49a0
  DIP #129
    decl=0x32acc4a0
    type=4
    baseVtx=138214
    numVerts=24
    primCount=12
    stride0=56
    hasNormal=1
    hasTexcoord=1
    tcType=1
    tex0
     =0x2de7eb00
    tex1
     =0x2de85d80
    tex2
     =0x0fb51b20
    tex3
     =0x2de7f0e0
    tex4
     =0x2de7f440
    tex5
     =0x2de80100
    tex6
     =0x4a620900
    tex7
     =0x32aa49a0
  DIP #130
    decl=0x32acc4a0
    type=4
    baseVtx=139094
    numVerts=21
    primCount=13
    stride0=56
    hasNormal=1
    hasTexcoord=1
    tcType=1
    tex0
     =0x2de7e660
    tex1
     =0x2de7e8c0
    tex2
     =0x0fb51b20
    tex3
     =0x2de7f0e0
    tex4
     =0x2de7f440
    tex5
     =0x2de80100
    tex6
     =0x4a620900
    tex7
     =0x32aa49a0
  DIP #131
    decl=0x32acc4a0
    type=4
    baseVtx=139035
    numVerts=4
    primCount=2
    stride0=56
    hasNormal=1
    hasTexcoord=1
    tcType=1
    tex0
     =0x2de7e540
    tex1
     =0x2de7e7a0
    tex2
     =0x0fb51b20
    tex3
     =0x2de7f0e0
    tex4
     =0x2de7f440
    tex5
     =0x2de80100
    tex6
     =0x4a620900
    tex7
     =0x32aa49a0
  DIP #132
    decl=0x32acc4a0
    type=4
    baseVtx=138482
    numVerts=40
    primCount=20
    stride0=56
    hasNormal=1
    hasTexcoord=1
    tcType=1
    tex0
     =0x2de7f8e0
    tex1
     =0x2de85d80
    tex2
     =0x0fb51b20
    tex3
     =0x2de7f0e0
    tex4
     =0x2de7f440
    tex5
     =0x2de80100
    tex6
     =0x4a620900
    tex7
     =0x32aa49a0
  DIP #133
    decl=0x32acc4a0
    type=4
    baseVtx=112827
    numVerts=7
    primCount=5
    stride0=56
    hasNormal=1
    hasTexcoord=1
    tcType=1
    tex0
     =0x2de83880
    tex1
     =0x2de84fa0
    tex2
     =0x0fb51b20
    tex3
     =0x2de7f0e0
    tex4
     =0x2de7f440
    tex5
     =0x2de80100
    tex6
     =0x4a620900
    tex7
     =0x32aa49a0
  DIP #134
    decl=0x32acc4a0
    type=4
    baseVtx=122419
    numVerts=552
    primCount=288
    stride0=56
    hasNormal=1
    hasTexcoord=1
    tcType=1
    tex0
     =0x32a9c4a0
    tex1
     =0x32a9bb60
    tex2
     =0x0fb51b20
    tex3
     =0x2de7f0e0
    tex4
     =0x2de7f440
    tex5
     =0x2de80100
    tex6
     =0x4a620900
    tex7
     =0x32aa49a0
  SetVSConstF start=4
    count=3
  SetVSConstF start=7
    count=3
  SetVSConstF start=0
    count=4
    c0-c3:
  row0: -0.763439, 0.000000, -0.250010, 53.439648
  row1: -0.158110, 1.334730, 0.482808, -200.175583
  row2: 0.290859, 0.355732, -0.888175, 46.295212
  row3: 0.290859, 0.355732, -0.888175, 50.595261
  DIP #135
    decl=0x32acc4a0
    type=4
    baseVtx=245195
    numVerts=261
    primCount=244
    stride0=56
    hasNormal=1
    hasTexcoord=1
    tcType=1
    tex0
     =0x4a623180
    tex1
     =0x4a622960
    tex2
     =0x0fb51b20
    tex3
     =0x2de7f0e0
    tex4
     =0x2de7f440
    tex5
     =0x2de80100
    tex6
     =0x4a620900
    tex7
     =0x32aa49a0
  DIP #136
    decl=0x32acc4a0
    type=4
    baseVtx=244936
    numVerts=259
    primCount=165
    stride0=56
    hasNormal=1
    hasTexcoord=1
    tcType=1
    tex0
     =0x4a620460
    tex1
     =0x4a620da0
    tex2
     =0x0fb51b20
    tex3
     =0x2de7f0e0
    tex4
     =0x2de7f440
    tex5
     =0x2de80100
    tex6
     =0x4a620900
    tex7
     =0x32aa49a0
  DIP #137
    decl=0x32acc4a0
    type=4
    baseVtx=245456
    numVerts=4
    primCount=2
    stride0=56
    hasNormal=1
    hasTexcoord=1
    tcType=1
    tex0
     =0x0fcb51a0
    tex1
     =0x0f79a860
    tex2
     =0x0fb51b20
    tex3
     =0x2de7f0e0
    tex4
     =0x2de7f440
    tex5
     =0x2de80100
    tex6
     =0x4a620900
    tex7
     =0x32aa49a0
  SetVS shader=0x0fb3d5c0
  SetVSConstF start=0
    count=10
    (large write, first 4x4):
      -0.763439, 0.000000, -0.250010, 53.439648, -0.158110, 1.334730, 0.482808, -200.175583, 0.290859, 0.355732, -0.888175, 46.295212, 0.290859, 0.355732, -0.888175, 50.595261
  SetVSConstF start=4
    count=3
  SetVSConstF start=7
    count=3
  SetVSConstF start=0
    count=4
    c0-c3:
  row0: 0.250010, 0.000000, -0.763439, -2428.122559
  row1: -0.482808, 1.334730, -0.158109, 3067.233398
  row2: 0.888176, 0.355732, 0.290859, -1646.581665
  row3: 0.888176, 0.355732, 0.290859, -1642.281616
  DIP #138
    decl=0x32acc4a0
    type=4
    baseVtx=44654
    numVerts=39
    primCount=21
    stride0=56
    hasNormal=1
    hasTexcoord=1
    tcType=1
    tex0
     =0x0f79a620
    tex1
     =0x0f79a860
    tex2
     =0x0fb51b20
    tex3
     =0x2de7f0e0
    tex4
     =0x2de7f440
    tex5
     =0x2de80100
    tex6
     =0x4a620900
    tex7
     =0x32aa49a0
  SetVSConstF start=4
    count=3
  SetVSConstF start=7
    count=3
  SetVSConstF start=0
    count=4
    c0-c3:
  row0: -0.763439, 0.000000, -0.250010, 53.439648
  row1: -0.158110, 1.334730, 0.482808, -200.175583
  row2: 0.290859, 0.355732, -0.888175, 46.295212
  row3: 0.290859, 0.355732, -0.888175, 50.595261
  DIP #139
    decl=0x32acc4a0
    type=4
    baseVtx=105089
    numVerts=763
    primCount=616
    stride0=56
    hasNormal=1
    hasTexcoord=1
    tcType=1
    tex0
     =0x4a61e9c0
    tex1
     =0x4a61f1e0
    tex2
     =0x0fb51b20
    tex3
     =0x2de7f0e0
    tex4
     =0x2de7f440
    tex5
     =0x2de80100
    tex6
     =0x4a620900
    tex7
     =0x32aa49a0
  SetVSConstF start=4
    count=3
  SetVSConstF start=7
    count=3
  SetVSConstF start=0
    count=4
    c0-c3:
  row0: -0.763439, 0.000000, -0.250010, -41.190449
  row1: -0.158110, 1.334730, 0.482808, -47.775764
  row2: 0.290859, 0.355732, -0.888175, -9.171515
  row3: 0.290859, 0.355732, -0.888175, -4.871466
  DIP #140
    decl=0x32acc4a0
    type=4
    baseVtx=105089
    numVerts=29
    primCount=22
    stride0=56
    hasNormal=1
    hasTexcoord=1
    tcType=1
    tex0
     =0x4a61e9c0
    tex1
     =0x4a61f1e0
    tex2
     =0x0fb51b20
    tex3
     =0x2de7f0e0
    tex4
     =0x2de7f440
    tex5
     =0x2de80100
    tex6
     =0x4a620900
    tex7
     =0x32aa49a0
  SetVSConstF start=4
    count=3
  SetVSConstF start=7
    count=3
  SetVSConstF start=0
    count=4
    c0-c3:
  row0: -0.763439, 0.000000, -0.250010, 53.439648
  row1: -0.158110, 1.334730, 0.482808, -200.175583
  row2: 0.290859, 0.355732, -0.888175, 46.295212
  row3: 0.290859, 0.355732, -0.888175, 50.595261
  DIP #141
    decl=0x32acc4a0
    type=4
    baseVtx=105881
    numVerts=352
    primCount=288
    stride0=56
    hasNormal=1
    hasTexcoord=1
    tcType=1
    tex0
     =0x4a6215c0
    tex1
     =0x4a622f20
    tex2
     =0x0fb51b20
    tex3
     =0x2de7f0e0
    tex4
     =0x2de7f440
    tex5
     =0x2de80100
    tex6
     =0x4a620900
    tex7
     =0x32aa49a0
  SetVS shader=0x2d327b20
  SetVSConstF start=0
    count=86
    (large write, first 4x4):
      0.982699, 0.085911, -0.164079, 0.903763, -0.054236, 0.980558, 0.188587, 1.682378, 0.177091, -0.176425, 0.968252, 1.892537, 0.982699, 0.085911, -0.164079, 0.903763
  SetVSConstF start=76
    count=3
  SetVSConstF start=79
    count=3
  SetVSConstF start=82
    count=3
  SetVSConstF start=72
    count=4
    c72-c75:
  row0: -0.763439, 0.000000, -0.250010, 24.219193
  row1: -0.158110, 1.334730, 0.482808, -67.408363
  row2: 0.290859, 0.355732, -0.888175, 83.166718
  row3: 0.290859, 0.355732, -0.888175, 87.466766
  SetVSConstF start=85
    count=1
    data: -2.014623, 12.997803, 103.025047, 0.000000
  SetVSConstF start=0
    count=72
    (large write, first 4x4):
      0.994808, 0.031301, -0.096840, -3.958796, 0.044068, 0.725221, 0.687104, -52.929920, 0.091738, -0.687804, 0.720076, 10.709129, 0.989212, 0.051125, -0.137282, -5.497545
  DIP #142
    decl=0x0fc25260
    type=4
    baseVtx=0
    numVerts=240
    primCount=394
    stride0=64
    [SKINNED]
    boneStart=0
    numBones=0
    hasNormal=1
    hasTexcoord=1
    tcType=1
    tex0
     =0x1c143a00
    tex1
     =0x1c145000
    tex2
     =0x0fc0dda0
    tex3
     =0x1c1445a0
    tex4
     =0x2de7f440
    tex5
     =0x2de80100
    tex6
     =0x4a620900
    tex7
     =0x32aa49a0
  SetVS shader=0x1bc1e880
  SetVSConstF start=0
    count=82
    (large write, first 4x4):
      0.994808, 0.031301, -0.096840, -3.958796, 0.044068, 0.725221, 0.687104, -52.929920, 0.091738, -0.687804, 0.720076, 10.709129, 0.989212, 0.051125, -0.137282, -5.497545
  SetVSConstF start=76
    count=3
  SetVSConstF start=79
    count=3
  SetVSConstF start=72
    count=4
    c72-c75:
  row0: -0.763439, 0.000000, -0.250010, 80.160019
  row1: -0.158110, 1.334730, 0.482808, -87.863380
  row2: 0.290859, 0.355732, -0.888175, 64.573723
  row3: 0.290859, 0.355732, -0.888175, 68.873772
  SetVSConstF start=0
    count=72
    (large write, first 4x4):
      0.873509, -0.424685, -0.237958, 14.568457, 0.356646, 0.225583, 0.906596, -0.348387, -0.331339, -0.876787, 0.348511, 38.226685, 0.833701, -0.447984, 0.322882, 4.665695
  DIP #143
    decl=0x0fc25260
    type=4
    baseVtx=0
    numVerts=376
    primCount=488
    stride0=64
    [SKINNED]
    boneStart=0
    numBones=0
    hasNormal=1
    hasTexcoord=1
    tcType=1
    tex0
     =0x1bb6f000
    tex1
     =0x1bb6e6c0
    tex2
     =0x0fc0dda0
    tex3
     =0x1c1445a0
    tex4
     =0x2de7f440
    tex5
     =0x2de80100
    tex6
     =0x4a620900
    tex7
     =0x32aa49a0
  SetVSConstF start=76
    count=3
  SetVSConstF start=79
    count=3
  SetVSConstF start=72
    count=4
    c72-c75:
  row0: -0.763439, 0.000000, -0.250010, 24.219193
  row1: -0.158110, 1.334730, 0.482808, -67.408363
  row2: 0.290859, 0.355732, -0.888175, 83.166718
  row3: 0.290859, 0.355732, -0.888175, 87.466766
  SetVSConstF start=0
    count=72
    (large write, first 4x4):
      0.998751, -0.046274, 0.018850, -0.659320, 0.025584, 0.797654, 0.602573, -58.044285, -0.042919, -0.601338, 0.797841, 6.151352, 0.996424, 0.027762, 0.079807, -2.377270
  DIP #144
    decl=0x0fc25260
    type=4
    baseVtx=0
    numVerts=1000
    primCount=1312
    stride0=64
    [SKINNED]
    boneStart=0
    numBones=0
    hasNormal=1
    hasTexcoord=1
    tcType=1
    tex0
     =0x1c144b60
    tex1
     =0x1c143ea0
    tex2
     =0x0fc0dda0
    tex3
     =0x1c1445a0
    tex4
     =0x2de7f440
    tex5
     =0x2de80100
    tex6
     =0x4a620900
    tex7
     =0x32aa49a0
  SetVSConstF start=0
    count=72
    (large write, first 4x4):
      0.997155, 0.075352, 0.001837, -10.199343, -0.019335, 0.232158, 0.972486, -37.931057, 0.072852, -0.969755, 0.232955, 6.078182, 0.980233, 0.072168, -0.184217, -8.416931
  DIP #145
    decl=0x0fc25260
    type=4
    baseVtx=0
    numVerts=172
    primCount=242
    stride0=64
    [SKINNED]
    boneStart=0
    numBones=0
    hasNormal=1
    hasTexcoord=1
    tcType=1
    tex0
     =0x1c144b60
    tex1
     =0x1c143ea0
    tex2
     =0x0fc0dda0
    tex3
     =0x1c1445a0
    tex4
     =0x2de7f440
    tex5
     =0x2de80100
    tex6
     =0x4a620900
    tex7
     =0x32aa49a0
  SetVSConstF start=0
    count=72
    (large write, first 4x4):
      0.206503, -0.632371, -0.746635, -12.144632, 0.755207, -0.382165, 0.532553, 2.030582, -0.622108, -0.673837, 0.398653, -18.002548, 0.978014, -0.109121, 0.177714, 8.034555
  DIP #146
    decl=0x0fc25260
    type=4
    baseVtx=0
    numVerts=175
    primCount=242
    stride0=64
    [SKINNED]
    boneStart=0
    numBones=0
    hasNormal=1
    hasTexcoord=1
    tcType=1
    tex0
     =0x1c144b60
    tex1
     =0x1c143ea0
    tex2
     =0x0fc0dda0
    tex3
     =0x1c1445a0
    tex4
     =0x2de7f440
    tex5
     =0x2de80100
    tex6
     =0x4a620900
    tex7
     =0x32aa49a0
  SetVSConstF start=76
    count=3
  SetVSConstF start=79
    count=3
  SetVSConstF start=72
    count=4
    c72-c75:
  row0: -0.763439, 0.000000, -0.250010, 80.160019
  row1: -0.158110, 1.334730, 0.482808, -87.863380
  row2: 0.290859, 0.355732, -0.888175, 64.573723
  row3: 0.290859, 0.355732, -0.888175, 68.873772
  SetVSConstF start=0
    count=72
    (large write, first 4x4):
      0.987180, 0.038312, -0.154944, 4.524668, -0.047517, 0.997291, -0.056149, -44.730873, 0.152373, 0.062792, 0.986326, -2.872083, 0.987180, 0.038317, -0.154943, 4.526732
  DIP #147
    decl=0x0fc25260
    type=4
    baseVtx=0
    numVerts=73
    primCount=90
    stride0=64
    [SKINNED]
    boneStart=0
    numBones=0
    hasNormal=1
    hasTexcoord=1
    tcType=1
    tex0
     =0x1c144900
    tex1
     =0x1c144c80
    tex2
     =0x0fc0dda0
    tex3
     =0x1c1445a0
    tex4
     =0x2de7f440
    tex5
     =0x2de80100
    tex6
     =0x4a620900
    tex7
     =0x32aa49a0
  SetVSConstF start=0
    count=72
    (large write, first 4x4):
      0.994569, 0.073750, -0.073438, 1.708288, -0.079912, 0.993185, -0.084841, -44.393452, 0.066680, 0.090249, 0.993685, -5.019180, 0.987180, 0.038312, -0.154944, 4.524668
  DIP #148
    decl=0x0fc25260
    type=4
    baseVtx=0
    numVerts=368
    primCount=594
    stride0=64
    [SKINNED]
    boneStart=0
    numBones=0
    hasNormal=1
    hasTexcoord=1
    tcType=1
    tex0
     =0x1c144900
    tex1
     =0x1c144c80
    tex2
     =0x0fc0dda0
    tex3
     =0x1c1445a0
    tex4
     =0x2de7f440
    tex5
     =0x2de80100
    tex6
     =0x4a620900
    tex7
     =0x32aa49a0
  SetVSConstF start=0
    count=72
    (large write, first 4x4):
      0.998601, 0.012563, 0.051371, 4.483043, -0.030163, 0.933187, 0.358122, -39.443562, -0.043439, -0.359171, 0.932260, 16.350033, 0.992704, 0.071252, 0.097273, 3.255827
  DIP #149
    decl=0x0fc25260
    type=4
    baseVtx=0
    numVerts=866
    primCount=1132
    stride0=64
    [SKINNED]
    boneStart=0
    numBones=0
    hasNormal=1
    hasTexcoord=1
    tcType=1
    tex0
     =0x1c143d80
    tex1
     =0x1bd108a0
    tex2
     =0x0fc0dda0
    tex3
     =0x1c1445a0
    tex4
     =0x2de7f440
    tex5
     =0x2de80100
    tex6
     =0x4a620900
    tex7
     =0x32aa49a0
  SetVSConstF start=0
    count=72
    (large write, first 4x4):
      0.987180, 0.038312, -0.154944, 4.524668, -0.047517, 0.997291, -0.056149, -44.730873, 0.152373, 0.062792, 0.986326, -2.872083, 0.992704, 0.071252, 0.097273, 3.255827
  DIP #150
    decl=0x0fc25260
    type=4
    baseVtx=0
    numVerts=104
    primCount=126
    stride0=64
    [SKINNED]
    boneStart=0
    numBones=0
    hasNormal=1
    hasTexcoord=1
    tcType=1
    tex0
     =0x1c143d80
    tex1
     =0x1bd108a0
    tex2
     =0x0fc0dda0
    tex3
     =0x1c1445a0
    tex4
     =0x2de7f440
    tex5
     =0x2de80100
    tex6
     =0x4a620900
    tex7
     =0x32aa49a0
  SetVSConstF start=76
    count=3
  SetVSConstF start=79
    count=3
  SetVSConstF start=72
    count=4
    c72-c75:
  row0: -0.758691, 0.112548, -0.238885, 3.533469
  row1: -0.053310, 1.218304, 0.743303, -91.365761
  row2: 0.326591, 0.502643, -0.800430, 68.477066
  row3: 0.326591, 0.502643, -0.800430, 72.777115
  SetVSConstF start=0
    count=72
    (large write, first 4x4):
      0.982699, 0.085911, -0.164079, 0.903763, -0.054236, 0.980558, 0.188587, 1.682378, 0.177091, -0.176425, 0.968252, 1.892537, 0.982699, 0.085911, -0.164079, 0.903763
  DIP #151
    decl=0x0fc25260
    type=4
    baseVtx=0
    numVerts=505
    primCount=530
    stride0=64
    [SKINNED]
    boneStart=0
    numBones=0
    hasNormal=1
    hasTexcoord=1
    tcType=1
    tex0
     =0x1c160ee0
    tex1
     =0x1c160340
    tex2
     =0x0fc0dda0
    tex3
     =0x1c1445a0
    tex4
     =0x2de7f440
    tex5
     =0x2de80100
    tex6
     =0x4a620900
    tex7
     =0x32aa49a0
  SetVSConstF start=0
    count=72
    (large write, first 4x4):
      0.982699, 0.085911, -0.164079, 0.903763, -0.054236, 0.980558, 0.188587, 1.682378, 0.177091, -0.176425, 0.968252, 1.892537, 0.982699, 0.085911, -0.164079, 0.903763
  DIP #152
    decl=0x0fc25260
    type=4
    baseVtx=0
    numVerts=554
    primCount=566
    stride0=64
    [SKINNED]
    boneStart=0
    numBones=0
    hasNormal=1
    hasTexcoord=1
    tcType=1
    tex0
     =0x1c160ee0
    tex1
     =0x1c160340
    tex2
     =0x0fc0dda0
    tex3
     =0x1c1445a0
    tex4
     =0x2de7f440
    tex5
     =0x2de80100
    tex6
     =0x4a620900
    tex7
     =0x32aa49a0
  SetVS shader=0x2de7c020
  SetVSConstF start=0
    count=14
    (large write, first 4x4):
      -0.758691, 0.112548, -0.238885, 3.533469, -0.053310, 1.218304, 0.743303, -91.365761, 0.326591, 0.502643, -0.800430, 68.477066, 0.326591, 0.502643, -0.800430, 72.777115
  SetVSConstF start=4
    count=3
  SetVSConstF start=7
    count=3
  SetVSConstF start=10
    count=3
  SetVSConstF start=0
    count=4
    c0-c3:
  row0: -0.763439, 0.000000, -0.250010, 53.439648
  row1: -0.158110, 1.334730, 0.482808, -200.175583
  row2: 0.290859, 0.355732, -0.888175, 46.295212
  row3: 0.290859, 0.355732, -0.888175, 50.595261
  SetVSConstF start=13
    count=1
    data: 32.985134, 112.997437, 113.024559, 0.000000
  DIP #153
    decl=0x32acc4a0
    type=4
    baseVtx=40563
    numVerts=264
    primCount=198
    stride0=56
    hasNormal=1
    hasTexcoord=1
    tcType=1
    tex0
     =0x4a620580
    tex1
     =0x4a6206c0
    tex2
     =0x2be41220
    tex3
     =0x4a620900
    tex4
     =0x2de7f440
    tex5
     =0x2de80100
    tex6
     =0x4a620900
    tex7
     =0x32aa49a0
  SetVSConstF start=4
    count=3
  SetVSConstF start=7
    count=3
  SetVSConstF start=10
    count=3
  SetVSConstF start=0
    count=4
    c0-c3:
  row0: -0.763439, 0.000000, -0.250010, -41.190449
  row1: -0.158110, 1.334730, 0.482808, -47.775764
  row2: 0.290859, 0.355732, -0.888175, -9.171515
  row3: 0.290859, 0.355732, -0.888175, -4.871466
  SetVSConstF start=13
    count=1
    data: -51.015354, 32.997314, -8.975927, 0.000000
  DIP #154
    decl=0x32acc4a0
    type=4
    baseVtx=40563
    numVerts=114
    primCount=94
    stride0=56
    hasNormal=1
    hasTexcoord=1
    tcType=1
    tex0
     =0x4a620580
    tex1
     =0x4a6206c0
    tex2
     =0x2be41220
    tex3
     =0x4a620900
    tex4
     =0x2de7f440
    tex5
     =0x2de80100
    tex6
     =0x4a620900
    tex7
     =0x32aa49a0
  SetVSConstF start=4
    count=3
  SetVSConstF start=7
    count=3
  SetVSConstF start=10
    count=3
  SetVSConstF start=0
    count=4
    c0-c3:
  row0: -0.763439, 0.000000, -0.250010, 53.439648
  row1: -0.158110, 1.334730, 0.482808, -200.175583
  row2: 0.290859, 0.355732, -0.888175, 46.295212
  row3: 0.290859, 0.355732, -0.888175, 50.595261
  SetVSConstF start=13
    count=1
    data: 32.985134, 112.997437, 113.024559, 0.000000
  DIP #155
    decl=0x32acc4a0
    type=4
    baseVtx=40941
    numVerts=409
    primCount=352
    stride0=56
    hasNormal=1
    hasTexcoord=1
    tcType=1
    tex0
     =0x4a620580
    tex1
     =0x4a6206c0
    tex2
     =0x2be41220
    tex3
     =0x4a620900
    tex4
     =0x2de7f440
    tex5
     =0x2de80100
    tex6
     =0x4a620900
    tex7
     =0x32aa49a0
  SetVS shader=0x1c15a1a0
  SetVSConstF start=0
    count=14
    (large write, first 4x4):
      -0.763439, 0.000000, -0.250010, 53.439648, -0.158110, 1.334730, 0.482808, -200.175583, 0.290859, 0.355732, -0.888175, 46.295212, 0.290859, 0.355732, -0.888175, 50.595261
  DIP #156
    decl=0x32acc4a0
    type=4
    baseVtx=25611
    numVerts=46
    primCount=32
    stride0=56
    hasNormal=1
    hasTexcoord=1
    tcType=1
    tex0
     =0x0fcb51a0
    tex1
     =0x2be41220
    tex2
     =0x4a6207e0
    tex3
     =0x4a620900
    tex4
     =0x2de7f440
    tex5
     =0x2de80100
    tex6
     =0x4a620900
    tex7
     =0x32aa49a0
  SetVSConstF start=4
    count=3
  SetVSConstF start=7
    count=3
  SetVSConstF start=10
    count=3
  SetVSConstF start=0
    count=4
    c0-c3:
  row0: -0.763439, 0.000000, -0.250010, -41.190449
  row1: -0.158110, 1.334730, 0.482808, -47.775764
  row2: 0.290859, 0.355732, -0.888175, -9.171515
  row3: 0.290859, 0.355732, -0.888175, -4.871466
  SetVSConstF start=13
    count=1
    data: -51.015354, 32.997314, -8.975927, 0.000000
  DIP #157
    decl=0x32acc4a0
    type=4
    baseVtx=25611
    numVerts=12
    primCount=8
    stride0=56
    hasNormal=1
    hasTexcoord=1
    tcType=1
    tex0
     =0x0fcb51a0
    tex1
     =0x2be41220
    tex2
     =0x4a6207e0
    tex3
     =0x4a620900
    tex4
     =0x2de7f440
    tex5
     =0x2de80100
    tex6
     =0x4a620900
    tex7
     =0x32aa49a0
  SetVS shader=0x28da7740
  SetVSConstF start=0
    count=4
    c0-c3:
  row0: -0.763439, 0.000000, -0.250010, -41.190449
  row1: -0.158110, 1.334730, 0.482808, -47.775764
  row2: 0.290859, 0.355732, -0.888175, -9.171515
  row3: 0.290859, 0.355732, -0.888175, -4.871466
  SetVSConstF start=0
    count=4
    c0-c3:
  row0: 0.250010, 0.000000, -0.763439, -2400.277588
  row1: -0.482808, 1.334730, -0.158109, -2790.090820
  row2: 0.888176, 0.355732, 0.290859, 4830.388672
  row3: 0.888176, 0.355732, 0.290859, 4834.688965
  DIP #158
    decl=0x32acd380
    type=4
    baseVtx=257171
    numVerts=112
    primCount=56
    stride0=24
    hasNormal=0
    hasTexcoord=1
    tcType=1
    tex0
     =0x4a621940
    tex1
     =0x2be41220
    tex2
     =0x4a6207e0
    tex3
     =0x4a620900
    tex4
     =0x2de7f440
    tex5
     =0x2de80100
    tex6
     =0x4a620900
    tex7
     =0x32aa49a0
  SetVS shader=0x1b70fea0
  SetVSConstF start=0
    count=4
    c0-c3:
  row0: 0.250010, 0.000000, -0.763439, -2400.277588
  row1: -0.482808, 1.334730, -0.158109, -2790.090820
  row2: 0.888176, 0.355732, 0.290859, 4830.388672
  row3: 0.888176, 0.355732, 0.290859, 4834.688965
  SetVSConstF start=0
    count=4
    c0-c3:
  row0: 0.534543, -0.088929, 0.881579, 0.000078
  row1: 2.186244, 2.551126, -0.715947, -0.000015
  row2: -0.888176, 0.355732, 0.290858, -0.009853
  row3: -0.888176, 0.355732, 0.290858, 0.000157
  DIP #159
    decl=0x32acce80
    type=4
    baseVtx=481846
    numVerts=24
    primCount=12
    stride0=32
    hasNormal=1
    hasTexcoord=1
    tcType=1
    tex0
     =0x0fc0cb40
    tex1
     =0x2be41220
    tex2
     =0x4a6207e0
    tex3
     =0x4a620900
    tex4
     =0x2de7f440
    tex5
     =0x2de80100
    tex6
     =0x4a620900
    tex7
     =0x32aa49a0
  SetVS shader=0x3665c480
  SetVSConstF start=0
    count=4
    c0-c3:
  row0: 0.534543, -0.088929, 0.881579, 0.000078
  row1: 2.186244, 2.551126, -0.715947, -0.000015
  row2: -0.888176, 0.355732, 0.290858, -0.009853
  row3: -0.888176, 0.355732, 0.290858, 0.000157
  SetVSConstF start=0
    count=4
    c0-c3:
  row0: 0.534543, -0.088929, 0.881579, 4082.913086
  row1: 2.186244, 2.551126, -0.715947, 5803.226074
  row2: -0.888176, 0.355732, 0.290858, -915.347717
  row3: -0.888176, 0.355732, 0.290858, -915.337708
  DIP #160
    decl=0x04a5c8e0
    type=4
    baseVtx=8
    numVerts=8
    primCount=4
    stride0=60
    hasNormal=1
    hasTexcoord=1
    tcType=1
    tex0
     =0x1c165b20
    tex1
     =0x2be41220
    tex2
     =0x4a6207e0
    tex3
     =0x4a620900
    tex4
     =0x2de7f440
    tex5
     =0x2de80100
    tex6
     =0x4a620900
    tex7
     =0x32aa49a0
  SetVS shader=0x1b711800
  SetVSConstF start=0
    count=7
    (large write, first 4x4):
      0.534543, -0.088929, 0.881579, 4082.913086, 2.186244, 2.551126, -0.715947, 5803.226074, -0.888176, 0.355732, 0.290858, -915.347717, -0.888176, 0.355732, 0.290858, -915.337708
  SetVSConstF start=0
    count=4
    c0-c3:
  row0: 0.534543, -0.088929, 0.881579, -8.666944
  row1: 2.186244, 2.551126, -0.715947, 145.753738
  row2: -0.888176, 0.355732, 0.290858, 26.036516
  row3: -0.888176, 0.355732, 0.290858, 26.046526
  SetVSConstF start=6
    count=1
    data: 0.151670, 0.015167, 0.000000, 0.000000
  SetVSConstF start=5
    count=1
    data: 1.000000, 1.000000, 1.000000, 1.000000
  SetVSConstF start=4
    count=1
    data: 1.000000, 1.000000, 1.000000, 1.000000
  DIP #161
    decl=0x32acc140
    type=4
    baseVtx=481878
    numVerts=4
    primCount=2
    stride0=32
    hasNormal=0
    hasTexcoord=1
    tcType=1
    tex0
     =0x1b830ca0
    tex1
     =0x1b831140
    tex2
     =0x4a6207e0
    tex3
     =0x4a620900
    tex4
     =0x2de7f440
    tex5
     =0x2de80100
    tex6
     =0x4a620900
    tex7
     =0x32aa49a0
  SetVS shader=0x0f7b37e0
  SetVSConstF start=0
    count=4
    c0-c3:
  row0: 0.534543, -0.088929, 0.881579, -8.666944
  row1: 2.186244, 2.551126, -0.715947, 145.753738
  row2: -0.888176, 0.355732, 0.290858, 26.036516
  row3: -0.888176, 0.355732, 0.290858, 26.046526
  SetVSConstF start=0
    count=4
    c0-c3:
  row0: 0.250010, -0.000000, 0.763439, 831.863159
  row1: 0.482808, 1.334730, -0.158109, -15.394992
  row2: -0.888176, 0.355732, 0.290858, 4024.229736
  row3: -0.888176, 0.355732, 0.290858, 4028.529785
  DIP #162
    decl=0x32acc4a0
    type=4
    baseVtx=146244
    numVerts=43
    primCount=31
    stride0=56
    hasNormal=1
    hasTexcoord=1
    tcType=1
    tex0
     =0x0fcb51a0
    tex1
     =0x32aa1340
    tex2
     =0x4a6207e0
    tex3
     =0x4a620900
    tex4
     =0x2de7f440
    tex5
     =0x2de80100
    tex6
     =0x4a620900
    tex7
     =0x32aa49a0
  DIP #163
    decl=0x32acc4a0
    type=4
    baseVtx=147179
    numVerts=64
    primCount=32
    stride0=56
    hasNormal=1
    hasTexcoord=1
    tcType=1
    tex0
     =0x0fcb51a0
    tex1
     =0x32aa0680
    tex2
     =0x4a6207e0
    tex3
     =0x4a620900
    tex4
     =0x2de7f440
    tex5
     =0x2de80100
    tex6
     =0x4a620900
    tex7
     =0x32aa49a0
  DIP #164
    decl=0x32acc4a0
    type=4
    baseVtx=150087
    numVerts=33
    primCount=17
    stride0=56
    hasNormal=1
    hasTexcoord=1
    tcType=1
    tex0
     =0x0fcb51a0
    tex1
     =0x32aa5e60
    tex2
     =0x4a6207e0
    tex3
     =0x4a620900
    tex4
     =0x2de7f440
    tex5
     =0x2de80100
    tex6
     =0x4a620900
    tex7
     =0x32aa49a0
  DIP #165
    decl=0x32acc4a0
    type=4
    baseVtx=146967
    numVerts=24
    primCount=12
    stride0=56
    hasNormal=1
    hasTexcoord=1
    tcType=1
    tex0
     =0x0fcb51a0
    tex1
     =0x32a9f660
    tex2
     =0x4a6207e0
    tex3
     =0x4a620900
    tex4
     =0x2de7f440
    tex5
     =0x2de80100
    tex6
     =0x4a620900
    tex7
     =0x32aa49a0
  DIP #166
    decl=0x32acc4a0
    type=4
    baseVtx=155857
    numVerts=4
    primCount=2
    stride0=56
    hasNormal=1
    hasTexcoord=1
    tcType=1
    tex0
     =0x0fcb51a0
    tex1
     =0x32aa58a0
    tex2
     =0x4a6207e0
    tex3
     =0x4a620900
    tex4
     =0x2de7f440
    tex5
     =0x2de80100
    tex6
     =0x4a620900
    tex7
     =0x32aa49a0
  DIP #167
    decl=0x32acc4a0
    type=4
    baseVtx=110797
    numVerts=426
    primCount=294
    stride0=56
    hasNormal=1
    hasTexcoord=1
    tcType=1
    tex0
     =0x0fcb51a0
    tex1
     =0x2de82bc0
    tex2
     =0x4a6207e0
    tex3
     =0x4a620900
    tex4
     =0x2de7f440
    tex5
     =0x2de80100
    tex6
     =0x4a620900
    tex7
     =0x32aa49a0
  DIP #168
    decl=0x32acc4a0
    type=4
    baseVtx=110455
    numVerts=27
    primCount=24
    stride0=56
    hasNormal=1
    hasTexcoord=1
    tcType=1
    tex0
     =0x0fcb51a0
    tex1
     =0x2de82160
    tex2
     =0x4a6207e0
    tex3
     =0x4a620900
    tex4
     =0x2de7f440
    tex5
     =0x2de80100
    tex6
     =0x4a620900
    tex7
     =0x32aa49a0
  DIP #169
    decl=0x32acc4a0
    type=4
    baseVtx=111858
    numVerts=439
    primCount=245
    stride0=56
    hasNormal=1
    hasTexcoord=1
    tcType=1
    tex0
     =0x0fcb51a0
    tex1
     =0x2de82e20
    tex2
     =0x4a6207e0
    tex3
     =0x4a620900
    tex4
     =0x2de7f440
    tex5
     =0x2de80100
    tex6
     =0x4a620900
    tex7
     =0x32aa49a0
  DIP #170
    decl=0x32acc4a0
    type=4
    baseVtx=113475
    numVerts=4
    primCount=2
    stride0=56
    hasNormal=1
    hasTexcoord=1
    tcType=1
    tex0
     =0x0fcb51a0
    tex1
     =0x2de842e0
    tex2
     =0x4a6207e0
    tex3
     =0x4a620900
    tex4
     =0x2de7f440
    tex5
     =0x2de80100
    tex6
     =0x4a620900
    tex7
     =0x32aa49a0
  DIP #171
    decl=0x32acc4a0
    type=4
    baseVtx=138214
    numVerts=36
    primCount=18
    stride0=56
    hasNormal=1
    hasTexcoord=1
    tcType=1
    tex0
     =0x0fcb51a0
    tex1
     =0x2de7eb00
    tex2
     =0x4a6207e0
    tex3
     =0x4a620900
    tex4
     =0x2de7f440
    tex5
     =0x2de80100
    tex6
     =0x4a620900
    tex7
     =0x32aa49a0
  DIP #172
    decl=0x32acc4a0
    type=4
    baseVtx=112801
    numVerts=8
    primCount=6
    stride0=56
    hasNormal=1
    hasTexcoord=1
    tcType=1
    tex0
     =0x0fcb51a0
    tex1
     =0x2de832c0
    tex2
     =0x4a6207e0
    tex3
     =0x4a620900
    tex4
     =0x2de7f440
    tex5
     =0x2de80100
    tex6
     =0x4a620900
    tex7
     =0x32aa49a0
  DIP #173
    decl=0x32acc4a0
    type=4
    baseVtx=136054
    numVerts=12
    primCount=6
    stride0=56
    hasNormal=1
    hasTexcoord=1
    tcType=1
    tex0
     =0x0fcb51a0
    tex1
     =0x2de856a0
    tex2
     =0x4a6207e0
    tex3
     =0x4a620900
    tex4
     =0x2de7f440
    tex5
     =0x2de80100
    tex6
     =0x4a620900
    tex7
     =0x32aa49a0
  DIP #174
    decl=0x32acc4a0
    type=4
    baseVtx=138410
    numVerts=8
    primCount=4
    stride0=56
    hasNormal=1
    hasTexcoord=1
    tcType=1
    tex0
     =0x0fcb51a0
    tex1
     =0x2de7ec40
    tex2
     =0x4a6207e0
    tex3
     =0x4a620900
    tex4
     =0x2de7f440
    tex5
     =0x2de80100
    tex6
     =0x4a620900
    tex7
     =0x32aa49a0
  DIP #175
    decl=0x32acc4a0
    type=4
    baseVtx=139094
    numVerts=67
    primCount=43
    stride0=56
    hasNormal=1
    hasTexcoord=1
    tcType=1
    tex0
     =0x0fcb51a0
    tex1
     =0x2de7e660
    tex2
     =0x4a6207e0
    tex3
     =0x4a620900
    tex4
     =0x2de7f440
    tex5
     =0x2de80100
    tex6
     =0x4a620900
    tex7
     =0x32aa49a0
  DIP #176
    decl=0x32acc4a0
    type=4
    baseVtx=139035
    numVerts=12
    primCount=6
    stride0=56
    hasNormal=1
    hasTexcoord=1
    tcType=1
    tex0
     =0x0fcb51a0
    tex1
     =0x2de7e540
    tex2
     =0x4a6207e0
    tex3
     =0x4a620900
    tex4
     =0x2de7f440
    tex5
     =0x2de80100
    tex6
     =0x4a620900
    tex7
     =0x32aa49a0
  DIP #177
    decl=0x32acc4a0
    type=4
    baseVtx=138482
    numVerts=84
    primCount=42
    stride0=56
    hasNormal=1
    hasTexcoord=1
    tcType=1
    tex0
     =0x0fcb51a0
    tex1
     =0x2de7f8e0
    tex2
     =0x4a6207e0
    tex3
     =0x4a620900
    tex4
     =0x2de7f440
    tex5
     =0x2de80100
    tex6
     =0x4a620900
    tex7
     =0x32aa49a0
  DIP #178
    decl=0x32acc4a0
    type=4
    baseVtx=112827
    numVerts=27
    primCount=15
    stride0=56
    hasNormal=1
    hasTexcoord=1
    tcType=1
    tex0
     =0x0fcb51a0
    tex1
     =0x2de83880
    tex2
     =0x4a6207e0
    tex3
     =0x4a620900
    tex4
     =0x2de7f440
    tex5
     =0x2de80100
    tex6
     =0x4a620900
    tex7
     =0x32aa49a0
  DIP #179
    decl=0x32acc4a0
    type=4
    baseVtx=142763
    numVerts=52
    primCount=26
    stride0=56
    hasNormal=1
    hasTexcoord=1
    tcType=1
    tex0
     =0x0fcb51a0
    tex1
     =0x32a9a7c0
    tex2
     =0x4a6207e0
    tex3
     =0x4a620900
    tex4
     =0x2de7f440
    tex5
     =0x2de80100
    tex6
     =0x4a620900
    tex7
     =0x32aa49a0
  DIP #180
    decl=0x32acc4a0
    type=4
    baseVtx=122419
    numVerts=1474
    primCount=768
    stride0=56
    hasNormal=1
    hasTexcoord=1
    tcType=1
    tex0
     =0x0fcb51a0
    tex1
     =0x32a9c4a0
    tex2
     =0x4a6207e0
    tex3
     =0x4a620900
    tex4
     =0x2de7f440
    tex5
     =0x2de80100
    tex6
     =0x4a620900
    tex7
     =0x32aa49a0
  DIP #181
    decl=0x32acc4a0
    type=4
    baseVtx=142063
    numVerts=5
    primCount=3
    stride0=56
    hasNormal=1
    hasTexcoord=1
    tcType=1
    tex0
     =0x0fcb51a0
    tex1
     =0x32aa7ec0
    tex2
     =0x4a6207e0
    tex3
     =0x4a620900
    tex4
     =0x2de7f440
    tex5
     =0x2de80100
    tex6
     =0x4a620900
    tex7
     =0x32aa49a0
  DIP #182
    decl=0x32acc4a0
    type=4
    baseVtx=139388
    numVerts=48
    primCount=24
    stride0=56
    hasNormal=1
    hasTexcoord=1
    tcType=1
    tex0
     =0x0fcb51a0
    tex1
     =0x32aa6ea0
    tex2
     =0x4a6207e0
    tex3
     =0x4a620900
    tex4
     =0x2de7f440
    tex5
     =0x2de80100
    tex6
     =0x4a620900
    tex7
     =0x32aa49a0
  DIP #183
    decl=0x32acc4a0
    type=4
    baseVtx=144888
    numVerts=13
    primCount=10
    stride0=56
    hasNormal=1
    hasTexcoord=1
    tcType=1
    tex0
     =0x0fcb51a0
    tex1
     =0x32a9ed20
    tex2
     =0x4a6207e0
    tex3
     =0x4a620900
    tex4
     =0x2de7f440
    tex5
     =0x2de80100
    tex6
     =0x4a620900
    tex7
     =0x32aa49a0
  DIP #184
    decl=0x32acc4a0
    type=4
    baseVtx=229042
    numVerts=1607
    primCount=940
    stride0=56
    hasNormal=1
    hasTexcoord=1
    tcType=1
    tex0
     =0x0fcb51a0
    tex1
     =0x478b5120
    tex2
     =0x4a6207e0
    tex3
     =0x4a620900
    tex4
     =0x2de7f440
    tex5
     =0x2de80100
    tex6
     =0x4a620900
    tex7
     =0x32aa49a0
  DIP #185
    decl=0x32acc4a0
    type=4
    baseVtx=172115
    numVerts=4
    primCount=2
    stride0=56
    hasNormal=1
    hasTexcoord=1
    tcType=1
    tex0
     =0x0fcb51a0
    tex1
     =0x39e28f60
    tex2
     =0x4a6207e0
    tex3
     =0x4a620900
    tex4
     =0x2de7f440
    tex5
     =0x2de80100
    tex6
     =0x4a620900
    tex7
     =0x32aa49a0
  DIP #186
    decl=0x32acc4a0
    type=4
    baseVtx=172355
    numVerts=228
    primCount=136
    stride0=56
    hasNormal=1
    hasTexcoord=1
    tcType=1
    tex0
     =0x0fcb51a0
    tex1
     =0x39e29400
    tex2
     =0x4a6207e0
    tex3
     =0x4a620900
    tex4
     =0x2de7f440
    tex5
     =0x2de80100
    tex6
     =0x4a620900
    tex7
     =0x32aa49a0
  DIP #187
    decl=0x32acc4a0
    type=4
    baseVtx=172123
    numVerts=44
    primCount=22
    stride0=56
    hasNormal=1
    hasTexcoord=1
    tcType=1
    tex0
     =0x0fcb51a0
    tex1
     =0x39e289a0
    tex2
     =0x4a6207e0
    tex3
     =0x4a620900
    tex4
     =0x2de7f440
    tex5
     =0x2de80100
    tex6
     =0x4a620900
    tex7
     =0x32aa49a0
  SetVSConstF start=0
    count=4
    c0-c3:
  row0: 0.251718, -0.002121, 0.762875, -615.538574
  row1: 0.482046, 1.335330, -0.155343, -1146.980347
  row2: -0.887631, 0.354616, 0.293869, 1785.291138
  row3: -0.887631, 0.354616, 0.293869, 1789.591187
  DIP #188
    decl=0x32acc4a0
    type=4
    baseVtx=178203
    numVerts=127
    primCount=92
    stride0=56
    hasNormal=1
    hasTexcoord=1
    tcType=1
    tex0
     =0x0fcb51a0
    tex1
     =0x39e2b6c0
    tex2
     =0x4a6207e0
    tex3
     =0x4a620900
    tex4
     =0x2de7f440
    tex5
     =0x2de80100
    tex6
     =0x4a620900
    tex7
     =0x32aa49a0
  SetVSConstF start=0
    count=4
    c0-c3:
  row0: 0.251756, -0.002172, 0.762862, -615.449585
  row1: 0.480749, 1.335855, -0.154851, -1148.351074
  row2: -0.887959, 0.353646, 0.294047, 1785.011230
  row3: -0.887959, 0.353646, 0.294047, 1789.311279
  DIP #189
    decl=0x32acc4a0
    type=4
    baseVtx=178203
    numVerts=208
    primCount=188
    stride0=56
    hasNormal=1
    hasTexcoord=1
    tcType=1
    tex0
     =0x0fcb51a0
    tex1
     =0x39e2b6c0
    tex2
     =0x4a6207e0
    tex3
     =0x4a620900
    tex4
     =0x2de7f440
    tex5
     =0x2de80100
    tex6
     =0x4a620900
    tex7
     =0x32aa49a0
  SetVSConstF start=0
    count=4
    c0-c3:
  row0: 0.250010, -0.000000, 0.763439, 831.863159
  row1: 0.482808, 1.334730, -0.158109, -15.394992
  row2: -0.888176, 0.355732, 0.290858, 4024.229736
  row3: -0.888176, 0.355732, 0.290858, 4028.529785
  DIP #190
    decl=0x32acc4a0
    type=4
    baseVtx=172211
    numVerts=72
    primCount=36
    stride0=56
    hasNormal=1
    hasTexcoord=1
    tcType=1
    tex0
     =0x0fcb51a0
    tex1
     =0x39e28880
    tex2
     =0x4a6207e0
    tex3
     =0x4a620900
    tex4
     =0x2de7f440
    tex5
     =0x2de80100
    tex6
     =0x4a620900
    tex7
     =0x32aa49a0
  DIP #191
    decl=0x32acc4a0
    type=4
    baseVtx=194735
    numVerts=264
    primCount=144
    stride0=56
    hasNormal=1
    hasTexcoord=1
    tcType=1
    tex0
     =0x0fcb51a0
    tex1
     =0x42cf6b20
    tex2
     =0x4a6207e0
    tex3
     =0x4a620900
    tex4
     =0x2de7f440
    tex5
     =0x2de80100
    tex6
     =0x4a620900
    tex7
     =0x32aa49a0
  DIP #192
    decl=0x32acc4a0
    type=4
    baseVtx=204369
    numVerts=588
    primCount=396
    stride0=56
    hasNormal=1
    hasTexcoord=1
    tcType=1
    tex0
     =0x0fcb51a0
    tex1
     =0x42cfb2c0
    tex2
     =0x4a6207e0
    tex3
     =0x4a620900
    tex4
     =0x2de7f440
    tex5
     =0x2de80100
    tex6
     =0x4a620900
    tex7
     =0x32aa49a0
  DIP #193
    decl=0x32acc4a0
    type=4
    baseVtx=202005
    numVerts=208
    primCount=126
    stride0=56
    hasNormal=1
    hasTexcoord=1
    tcType=1
    tex0
     =0x0fcb51a0
    tex1
     =0x42cfcd60
    tex2
     =0x4a6207e0
    tex3
     =0x4a620900
    tex4
     =0x2de7f440
    tex5
     =0x2de80100
    tex6
     =0x4a620900
    tex7
     =0x32aa49a0
  DIP #194
    decl=0x32acc4a0
    type=4
    baseVtx=216230
    numVerts=198
    primCount=126
    stride0=56
    hasNormal=1
    hasTexcoord=1
    tcType=1
    tex0
     =0x0fcb51a0
    tex1
     =0x478ba580
    tex2
     =0x4a6207e0
    tex3
     =0x4a620900
    tex4
     =0x2de7f440
    tex5
     =0x2de80100
    tex6
     =0x4a620900
    tex7
     =0x32aa49a0
  SetVSConstF start=0
    count=4
    c0-c3:
  row0: 0.763439, -0.000000, -0.250009, -30.439026
  row1: -0.158109, 1.334730, -0.482808, -155.757263
  row2: 0.290858, 0.355732, 0.888176, -35.416756
  row3: 0.290858, 0.355732, 0.888176, -31.116705
  DIP #195
    decl=0x32acc4a0
    type=4
    baseVtx=245195
    numVerts=261
    primCount=244
    stride0=56
    hasNormal=1
    hasTexcoord=1
    tcType=1
    tex0
     =0x0fcb51a0
    tex1
     =0x4a623180
    tex2
     =0x4a6207e0
    tex3
     =0x4a620900
    tex4
     =0x2de7f440
    tex5
     =0x2de80100
    tex6
     =0x4a620900
    tex7
     =0x32aa49a0
  DIP #196
    decl=0x32acc4a0
    type=4
    baseVtx=244936
    numVerts=259
    primCount=165
    stride0=56
    hasNormal=1
    hasTexcoord=1
    tcType=1
    tex0
     =0x0fcb51a0
    tex1
     =0x4a620460
    tex2
     =0x4a6207e0
    tex3
     =0x4a620900
    tex4
     =0x2de7f440
    tex5
     =0x2de80100
    tex6
     =0x4a620900
    tex7
     =0x32aa49a0
  DIP #197
    decl=0x32acc4a0
    type=4
    baseVtx=245456
    numVerts=4
    primCount=2
    stride0=56
    hasNormal=1
    hasTexcoord=1
    tcType=1
    tex0
     =0x4a622e00
    tex1
     =0x0fcb51a0
    tex2
     =0x4a6207e0
    tex3
     =0x4a620900
    tex4
     =0x2de7f440
    tex5
     =0x2de80100
    tex6
     =0x4a620900
    tex7
     =0x32aa49a0
  SetVS shader=0x0fb3dfe0
  SetVSConstF start=0
    count=4
    c0-c3:
  row0: 0.763439, -0.000000, -0.250009, -30.439026
  row1: -0.158109, 1.334730, -0.482808, -155.757263
  row2: 0.290858, 0.355732, 0.888176, -35.416756
  row3: 0.290858, 0.355732, 0.888176, -31.116705
  SetVSConstF start=0
    count=4
    c0-c3:
  row0: 0.250010, -0.000000, 0.763439, 831.863159
  row1: 0.482808, 1.334730, -0.158109, -15.394992
  row2: -0.888176, 0.355732, 0.290858, 4024.229736
  row3: -0.888176, 0.355732, 0.290858, 4028.529785
  DIP #198
    decl=0x32acc4a0
    type=4
    baseVtx=44654
    numVerts=67
    primCount=37
    stride0=56
    hasNormal=1
    hasTexcoord=1
    tcType=1
    tex0
     =0x0f79a620
    tex1
     =0x0fcb51a0
    tex2
     =0x4a6207e0
    tex3
     =0x4a620900
    tex4
     =0x2de7f440
    tex5
     =0x2de80100
    tex6
     =0x4a620900
    tex7
     =0x32aa49a0
  DIP #199
    decl=0x32acc4a0
    type=4
    baseVtx=70152
    numVerts=378
    primCount=228
    stride0=56
    hasNormal=1
    hasTexcoord=1
    tcType=1
    tex0
     =0x39e2b5a0
    tex1
     =0x0fcb51a0
    tex2
     =0x4a6207e0
    tex3
     =0x4a620900
    tex4
     =0x2de7f440
    tex5
     =0x2de80100
    tex6
     =0x4a620900
    tex7
     =0x32aa49a0
  DIP #200
    decl=0x32acc4a0
    type=4
    baseVtx=77897
    numVerts=56
    primCount=38
    stride0=56
    hasNormal=1
    hasTexcoord=1
    tcType=1
    tex0
     =0x42cf7fe0
    tex1
     =0x0fcb51a0
    tex2
     =0x4a6207e0
    tex3
     =0x4a620900
    tex4
     =0x2de7f440
    tex5
     =0x2de80100
    tex6
     =0x4a620900
    tex7
     =0x32aa49a0
  SetVSConstF start=0
    count=4
    c0-c3:
  row0: 0.763439, -0.000000, -0.250009, -30.439026
  row1: -0.158109, 1.334730, -0.482808, -155.757263
  row2: 0.290858, 0.355732, 0.888176, -35.416756
  row3: 0.290858, 0.355732, 0.888176, -31.116705
  SetVSConstF start=0
    count=4
    c0-c3:
  row0: 0.763439, -0.000000, -0.250009, 3.188686
  row1: -0.158109, 1.334730, -0.482808, -121.162682
  row2: 0.290858, 0.355732, 0.888176, 125.831345
  row3: 0.290858, 0.355732, 0.888176, 130.131393
  SetVSConstF start=0
    count=4
    c0-c3:
  row0: 0.763439, -0.000000, -0.250009, -30.439026
  row1: -0.158109, 1.334730, -0.482808, -155.757263
  row2: 0.290858, 0.355732, 0.888176, -35.416756
  row3: 0.290858, 0.355732, 0.888176, -31.116705
  SetVS shader=0x2d329ea0
  SetVSConstF start=0
    count=80
    (large write, first 4x4):
      0.982699, 0.085911, -0.164079, 0.903763, -0.054236, 0.980558, 0.188587, 1.682378, 0.177091, -0.176425, 0.968252, 1.892537, 0.982699, 0.085911, -0.164079, 0.903763
  SetVSConstF start=76
    count=3
  SetVSConstF start=72
    count=4
    c72-c75:
  row0: 0.763439, -0.000000, -0.250009, -6.218753
  row1: -0.158109, 1.334730, -0.482808, -32.646194
  row2: 0.290858, 0.355732, 0.888176, 19.218239
  row3: 0.290858, 0.355732, 0.888176, 23.518288
  SetVSConstF start=79
    count=1
    data: -2.014575, 12.997803, -31.025480, 0.000000
  SetVSConstF start=0
    count=72
    (large write, first 4x4):
      0.994808, 0.031301, -0.096840, -3.958796, 0.044068, 0.725221, 0.687104, -52.929920, 0.091738, -0.687804, 0.720076, 10.709129, 0.989212, 0.051125, -0.137282, -5.497545
  SetVS shader=0x1bc1eb00
  SetVSConstF start=0
    count=76
    (large write, first 4x4):
      0.994808, 0.031301, -0.096840, -3.958796, 0.044068, 0.725221, 0.687104, -52.929920, 0.091738, -0.687804, 0.720076, 10.709129, 0.989212, 0.051125, -0.137282, -5.497545
  SetVSConstF start=72
    count=4
    c72-c75:
  row0: 0.763439, -0.000000, -0.250009, -57.159397
  row1: -0.158109, 1.334730, -0.482808, -43.445061
  row2: 0.290858, 0.355732, 0.888176, -17.138235
  row3: 0.290858, 0.355732, 0.888176, -12.838185
  SetVSConstF start=0
    count=72
    (large write, first 4x4):
      0.873509, -0.424685, -0.237958, 14.568457, 0.356646, 0.225583, 0.906596, -0.348387, -0.331339, -0.876787, 0.348511, 38.226685, 0.833701, -0.447984, 0.322882, 4.665695
  SetVSConstF start=72
    count=4
    c72-c75:
  row0: 0.763439, -0.000000, -0.250009, -6.218753
  row1: -0.158109, 1.334730, -0.482808, -32.646194
  row2: 0.290858, 0.355732, 0.888176, 19.218239
  row3: 0.290858, 0.355732, 0.888176, 23.518288
  SetVSConstF start=0
    count=72
    (large write, first 4x4):
      0.998751, -0.046274, 0.018850, -0.659320, 0.025584, 0.797654, 0.602573, -58.044285, -0.042919, -0.601338, 0.797841, 6.151352, 0.996424, 0.027762, 0.079807, -2.377270
  SetVSConstF start=0
    count=72
    (large write, first 4x4):
      0.997155, 0.075352, 0.001837, -10.199343, -0.019335, 0.232158, 0.972486, -37.931057, 0.072852, -0.969755, 0.232955, 6.078182, 0.980233, 0.072168, -0.184217, -8.416931
  SetVSConstF start=0
    count=72
    (large write, first 4x4):
      0.206503, -0.632371, -0.746635, -12.144632, 0.755207, -0.382165, 0.532553, 2.030582, -0.622108, -0.673837, 0.398653, -18.002548, 0.978014, -0.109121, 0.177714, 8.034555
  SetVSConstF start=72
    count=4
    c72-c75:
  row0: 0.763439, -0.000000, -0.250009, -57.159397
  row1: -0.158109, 1.334730, -0.482808, -43.445061
  row2: 0.290858, 0.355732, 0.888176, -17.138235
  row3: 0.290858, 0.355732, 0.888176, -12.838185
  SetVSConstF start=0
    count=72
    (large write, first 4x4):
      0.987180, 0.038312, -0.154944, 4.524668, -0.047517, 0.997291, -0.056149, -44.730873, 0.152373, 0.062792, 0.986326, -2.872083, 0.987180, 0.038317, -0.154943, 4.526732
  SetVSConstF start=0
    count=72
    (large write, first 4x4):
      0.994569, 0.073750, -0.073438, 1.708288, -0.079912, 0.993185, -0.084841, -44.393452, 0.066680, 0.090249, 0.993685, -5.019180, 0.987180, 0.038312, -0.154944, 4.524668
  SetVSConstF start=0
    count=72
    (large write, first 4x4):
      0.998601, 0.012563, 0.051371, 4.483043, -0.030163, 0.933187, 0.358122, -39.443562, -0.043439, -0.359171, 0.932260, 16.350033, 0.992704, 0.071252, 0.097273, 3.255827
  SetVSConstF start=0
    count=72
    (large write, first 4x4):
      0.987180, 0.038312, -0.154944, 4.524668, -0.047517, 0.997291, -0.056149, -44.730873, 0.152373, 0.062792, 0.986326, -2.872083, 0.992704, 0.071252, 0.097273, 3.255827
  SetVSConstF start=72
    count=4
    c72-c75:
  row0: 0.763075, -0.011722, -0.250844, 6.771844
  row1: -0.044843, 1.413015, -0.202442, -71.464096
  row2: 0.311014, 0.144452, 0.939363, 31.866001
  row3: 0.311014, 0.144452, 0.939363, 36.166050
  SetVSConstF start=0
    count=72
    (large write, first 4x4):
      0.982699, 0.085911, -0.164079, 0.903763, -0.054236, 0.980558, 0.188587, 1.682378, 0.177091, -0.176425, 0.968252, 1.892537, 0.982699, 0.085911, -0.164079, 0.903763
  SetVSConstF start=0
    count=72
    (large write, first 4x4):
      0.982699, 0.085911, -0.164079, 0.903763, -0.054236, 0.980558, 0.188587, 1.682378, 0.177091, -0.176425, 0.968252, 1.892537, 0.982699, 0.085911, -0.164079, 0.903763
  SetVS shader=0x2de7bb20
  SetVSConstF start=0
    count=8
    (large write, first 4x4):
      0.763075, -0.011722, -0.250844, 6.771844, -0.044843, 1.413015, -0.202442, -71.464096, 0.311014, 0.144452, 0.939363, 31.866001, 0.311014, 0.144452, 0.939363, 36.166050
  SetVSConstF start=4
    count=3
  SetVSConstF start=0
    count=4
    c0-c3:
  row0: 0.250010, -0.000000, 0.763439, 831.863159
  row1: 0.482808, 1.334730, -0.158109, -15.394992
  row2: -0.888176, 0.355732, 0.290858, 4024.229736
  row3: -0.888176, 0.355732, 0.290858, 4028.529785
  SetVSConstF start=7
    count=1
    data: 3259.418701, -1423.002197, -2157.014648, 0.000000
  SetVSConstF start=4
    count=3
  SetVSConstF start=0
    count=4
    c0-c3:
  row0: 0.763439, -0.000000, -0.250009, -30.439026
  row1: -0.158109, 1.334730, -0.482808, -155.757263
  row2: 0.290858, 0.355732, 0.888176, -35.416756
  row3: 0.290858, 0.355732, 0.888176, -31.116705
  SetVSConstF start=7
    count=1
    data: 32.985180, 112.997437, -21.025969, 0.000000
  SetVSConstF start=4
    count=3
  SetVSConstF start=0
    count=4
    c0-c3:
  row0: 0.763439, -0.000000, -0.250009, 3.188686
  row1: -0.158109, 1.334730, -0.482808, -121.162682
  row2: 0.290858, 0.355732, 0.888176, 125.831345
  row3: 0.290858, 0.355732, 0.888176, 130.131393
  SetVSConstF start=7
    count=1
    data: -51.015308, 32.997314, -143.026459, 0.000000
  SetVSConstF start=4
    count=3
  SetVSConstF start=0
    count=4
    c0-c3:
  row0: 0.763439, -0.000000, -0.250009, -30.439026
  row1: -0.158109, 1.334730, -0.482808, -155.757263
  row2: 0.290858, 0.355732, 0.888176, -35.416756
  row3: 0.290858, 0.355732, 0.888176, -31.116705
  SetVSConstF start=7
    count=1
    data: 32.985180, 112.997437, -21.025969, 0.000000
  SetVS shader=0x1c15eb00
  SetVSConstF start=0
    count=4
    c0-c3:
  row0: 0.763439, -0.000000, -0.250009, -30.439026
  row1: -0.158109, 1.334730, -0.482808, -155.757263
  row2: 0.290858, 0.355732, 0.888176, -35.416756
  row3: 0.290858, 0.355732, 0.888176, -31.116705
  SetVSConstF start=0
    count=4
    c0-c3:
  row0: 0.250010, -0.000000, 0.763439, 831.863159
  row1: 0.482808, 1.334730, -0.158109, -15.394992
  row2: -0.888176, 0.355732, 0.290858, 4024.229736
  row3: -0.888176, 0.355732, 0.290858, 4028.529785
  SetVS shader=0x2de76f20
  SetVSConstF start=0
    count=5
    (large write, first 4x4):
      0.250010, -0.000000, 0.763439, 831.863159, 0.482808, 1.334730, -0.158109, -15.394992, -0.888176, 0.355732, 0.290858, 4024.229736, -0.888176, 0.355732, 0.290858, 4028.529785
  SetVS shader=0x2de7a960
  SetVSConstF start=4
    count=1
    data: 0.500065, 0.500116, 0.000000, 0.000000
  SetVSConstF start=6
    count=2
    data: 0.500130, 0.499769, 0.000000, 0.000000, 0.000000, 0.000000, 0.000000, 0.000000
  SetVSConstF start=0
    count=4
    c0-c3:
  row0: 0.250010, -0.000000, 0.763439, 831.863159
  row1: 0.482808, 1.334730, -0.158109, -15.394992
  row2: -0.888176, 0.355732, 0.290858, 4024.229736
  row3: -0.888176, 0.355732, 0.290858, 4028.529785
  SetVSConstF start=0
    count=4
    c0-c3:
  row0: 0.763439, -0.000000, -0.250009, -30.439026
  row1: -0.158109, 1.334730, -0.482808, -155.757263
  row2: 0.290858, 0.355732, 0.888176, -35.416756
  row3: 0.290858, 0.355732, 0.888176, -31.116705
  SetVSConstF start=4
    count=1
    data: 0.500065, 0.500116, 0.000000, 0.000000
  SetVSConstF start=6
    count=2
    data: 0.500130, 0.499769, 0.000000, 0.000000, 0.000000, 0.000000, 0.000000, 0.000000
  SetVSConstF start=0
    count=4
    c0-c3:
  row0: 0.763439, -0.000000, -0.250009, 3.188686
  row1: -0.158109, 1.334730, -0.482808, -121.162682
  row2: 0.290858, 0.355732, 0.888176, 125.831345
  row3: 0.290858, 0.355732, 0.888176, 130.131393
  SetVS shader=0x0f7b3ce0
  SetVSConstF start=0
    count=9
    (large write, first 4x4):
      0.763439, -0.000000, -0.250009, 3.188686, -0.158109, 1.334730, -0.482808, -121.162682, 0.290858, 0.355732, 0.888176, 125.831345, 0.290858, 0.355732, 0.888176, 130.131393
  SetVSConstF start=7
    count=1
    data: -0.128598, -0.811064, -0.570644, 0.000000
  SetVSConstF start=4
    count=3
  SetVSConstF start=0
    count=4
    c0-c3:
  row0: 0.250010, -0.000000, 0.763439, 831.863159
  row1: 0.482808, 1.334730, -0.158109, -15.394992
  row2: -0.888176, 0.355732, 0.290858, 4024.229736
  row3: -0.888176, 0.355732, 0.290858, 4028.529785
  SetVSConstF start=8
    count=1
    data: 3259.418701, -1423.002197, -2157.014648, 0.000000
  SetVSConstF start=7
    count=1
    data: -0.129628, -0.809458, -0.572691, 0.000000
  SetVSConstF start=4
    count=3
  SetVSConstF start=0
    count=4
    c0-c3:
  row0: 0.251718, -0.002121, 0.762875, -615.538574
  row1: 0.482046, 1.335330, -0.155343, -1146.980347
  row2: -0.887631, 0.354616, 0.293869, 1785.291138
  row3: -0.887631, 0.354616, 0.293869, 1789.591187
  SetVSConstF start=8
    count=1
    data: 2099.669189, 114.287682, 114.377777, 0.000000
  SetVSConstF start=7
    count=1
    data: -0.128874, -0.809362, -0.572996, 0.000000
  SetVSConstF start=4
    count=3
  SetVSConstF start=0
    count=4
    c0-c3:
  row0: 0.251756, -0.002172, 0.762862, -615.449585
  row1: 0.480749, 1.335855, -0.154851, -1148.351074
  row2: -0.887959, 0.353646, 0.294047, 1785.011230
  row3: -0.887959, 0.353646, 0.294047, 1789.311279
  SetVSConstF start=8
    count=1
    data: 2099.603271, 117.267166, 114.195648, 0.000000
  SetVSConstF start=7
    count=1
    data: -0.128598, -0.811064, -0.570644, 0.000000
  SetVSConstF start=4
    count=3
  SetVSConstF start=0
    count=4
    c0-c3:
  row0: 0.250010, -0.000000, 0.763439, 831.863159
  row1: 0.482808, 1.334730, -0.158109, -15.394992
  row2: -0.888176, 0.355732, 0.290858, 4024.229736
  row3: -0.888176, 0.355732, 0.290858, 4028.529785
  SetVSConstF start=8
    count=1
    data: 3259.418701, -1423.002197, -2157.014648, 0.000000
  SetVS shader=0x0fb3c400
  SetVSConstF start=0
    count=9
    (large write, first 4x4):
      0.250010, -0.000000, 0.763439, 831.863159, 0.482808, 1.334730, -0.158109, -15.394992, -0.888176, 0.355732, 0.290858, 4024.229736, -0.888176, 0.355732, 0.290858, 4028.529785
  SetVS shader=0x2de7dc00
  SetVSConstF start=0
    count=12
    (large write, first 4x4):
      0.250010, -0.000000, 0.763439, 831.863159, 0.482808, 1.334730, -0.158109, -15.394992, -0.888176, 0.355732, 0.290858, 4024.229736, -0.888176, 0.355732, 0.290858, 4028.529785
  SetVS shader=0x1c15e600
  SetVSConstF start=0
    count=8
    (large write, first 4x4):
      0.250010, -0.000000, 0.763439, 831.863159, 0.482808, 1.334730, -0.158109, -15.394992, -0.888176, 0.355732, 0.290858, 4024.229736, -0.888176, 0.355732, 0.290858, 4028.529785
  SetVS shader=0x2de780e0
  SetVSConstF start=0
    count=9
    (large write, first 4x4):
      0.250010, -0.000000, 0.763439, 831.863159, 0.482808, 1.334730, -0.158109, -15.394992, -0.888176, 0.355732, 0.290858, 4024.229736, -0.888176, 0.355732, 0.290858, 4028.529785
  SetVS shader=0x0f7b53a0
  SetVSConstF start=0
    count=12
    (large write, first 4x4):
      -0.471408, -0.166932, 0.499908, 2255.636230, -0.316642, -0.632175, -0.009598, -6.281494, -0.000887, -0.000295, 0.000000, 2.183692, -0.948876, -0.315649, 0.000000, 2366.550293
  SetVSConstF start=8
    count=1
    data: 2983.393311, -1471.000000, -2190.000000, 0.000000
  SetVSConstF start=10
    count=1
    data: 0.000909, 0.000000, 0.000000, 0.000000
  SetVSConstF start=0
    count=4
    c0-c3:
  row0: -0.471408, -0.166932, 0.499908, 2255.636230
  row1: -0.316642, -0.632175, -0.009598, -6.281494
  row2: -0.000887, -0.000295, 0.000000, 2.183692
  row3: -0.948876, -0.315649, 0.000000, 2366.550293
  SetVSConstF start=9
    count=1
    data: -0.000887, -0.000295, 0.000000, 2.183692
  SetVSConstF start=4
    count=4
    c4-c7:
  row0: 0.250010, -0.000000, 0.763439, 831.863159
  row1: 0.482808, 1.334730, -0.158109, -15.394992
  row2: -0.888176, 0.355732, 0.290858, 4024.229736
  row3: -0.888176, 0.355732, 0.290858, 4028.529785
  SetVSConstF start=11
    count=1
    data: 3259.418701, -1423.002197, -2157.014648, 0.000000
  SetVSConstF start=8
    count=1
    data: -0.000267, 64.999634, 254.999390, 0.000000
  SetVSConstF start=10
    count=1
    data: 0.000909, 0.000000, 0.000000, 0.000000
  SetVSConstF start=0
    count=4
    c0-c3:
  row0: 0.499908, -0.166932, 0.471408, -109.358627
  row1: -0.009598, -0.632175, 0.316642, -39.652435
  row2: -0.000000, -0.000295, 0.000887, -0.234996
  row3: -0.000000, -0.315649, 0.948876, -221.446167
  SetVSConstF start=9
    count=1
    data: -0.000000, -0.000295, 0.000887, -0.234996
  SetVSConstF start=4
    count=4
    c4-c7:
  row0: 0.763439, -0.000000, -0.250009, -30.439026
  row1: -0.158109, 1.334730, -0.482808, -155.757263
  row2: 0.290858, 0.355732, 0.888176, -35.416756
  row3: 0.290858, 0.355732, 0.888176, -31.116705
  SetVSConstF start=11
    count=1
    data: 32.985180, 112.997437, -21.025969, 0.000000
  SetVS shader=0x0fb3c920
  SetVSConstF start=0
    count=12
    (large write, first 4x4):
      0.499908, -0.166932, 0.471408, -109.358627, -0.009598, -0.632175, 0.316642, -39.652435, -0.000000, -0.000295, 0.000887, -0.234996, -0.000000, -0.315649, 0.948876, -221.446167
  SetVSConstF start=8
    count=1
    data: 2983.393311, -1471.000000, -2190.000000, 0.000000
  SetVSConstF start=10
    count=1
    data: 0.000909, 0.000000, 0.000000, 0.000000
  SetVSConstF start=0
    count=4
    c0-c3:
  row0: -0.471408, -0.166932, 0.499908, 2255.636230
  row1: -0.316642, -0.632175, -0.009598, -6.281494
  row2: -0.000887, -0.000295, 0.000000, 2.183692
  row3: -0.948876, -0.315649, 0.000000, 2366.550293
  SetVSConstF start=9
    count=1
    data: -0.000887, -0.000295, 0.000000, 2.183692
  SetVSConstF start=4
    count=4
    c4-c7:
  row0: 0.250010, -0.000000, 0.763439, 831.863159
  row1: 0.482808, 1.334730, -0.158109, -15.394992
  row2: -0.888176, 0.355732, 0.290858, 4024.229736
  row3: -0.888176, 0.355732, 0.290858, 4028.529785
  SetVSConstF start=11
    count=1
    data: 3259.418701, -1423.002197, -2157.014648, 0.000000
  SetVSConstF start=8
    count=1
    data: -0.000267, 64.999634, 254.999390, 0.000000
  SetVSConstF start=10
    count=1
    data: 0.000909, 0.000000, 0.000000, 0.000000
  SetVSConstF start=0
    count=4
    c0-c3:
  row0: 0.499908, -0.166932, 0.471408, -109.358627
  row1: -0.009598, -0.632175, 0.316642, -39.652435
  row2: -0.000000, -0.000295, 0.000887, -0.234996
  row3: -0.000000, -0.315649, 0.948876, -221.446167
  SetVSConstF start=9
    count=1
    data: -0.000000, -0.000295, 0.000887, -0.234996
  SetVSConstF start=4
    count=4
    c4-c7:
  row0: 0.763439, -0.000000, -0.250009, -30.439026
  row1: -0.158109, 1.334730, -0.482808, -155.757263
  row2: 0.290858, 0.355732, 0.888176, -35.416756
  row3: 0.290858, 0.355732, 0.888176, -31.116705
  SetVSConstF start=11
    count=1
    data: 32.985180, 112.997437, -21.025969, 0.000000
  SetVS shader=0x2de7b600
  SetVSConstF start=0
    count=15
    (large write, first 4x4):
      0.499908, -0.166932, 0.471408, -109.358627, -0.009598, -0.632175, 0.316642, -39.652435, -0.000000, -0.000295, 0.000887, -0.234996, -0.000000, -0.315649, 0.948876, -221.446167
  SetVSConstF start=11
    count=1
    data: 2983.393311, -1471.000000, -2190.000000, 0.000000
  SetVSConstF start=13
    count=1
    data: 0.000909, 0.000000, 0.000000, 0.000000
  SetVSConstF start=0
    count=4
    c0-c3:
  row0: -0.471408, -0.166932, 0.499908, 2255.636230
  row1: -0.316642, -0.632175, -0.009598, -6.281494
  row2: -0.000887, -0.000295, 0.000000, 2.183692
  row3: -0.948876, -0.315649, 0.000000, 2366.550293
  SetVSConstF start=12
    count=1
    data: -0.000887, -0.000295, 0.000000, 2.183692
  SetVSConstF start=8
    count=3
  SetVSConstF start=4
    count=4
    c4-c7:
  row0: 0.250010, -0.000000, 0.763439, 831.863159
  row1: 0.482808, 1.334730, -0.158109, -15.394992
  row2: -0.888176, 0.355732, 0.290858, 4024.229736
  row3: -0.888176, 0.355732, 0.290858, 4028.529785
  SetVSConstF start=14
    count=1
    data: 3259.418701, -1423.002197, -2157.014648, 0.000000
  SetVSConstF start=11
    count=1
    data: -0.000267, 64.999634, 254.999390, 0.000000
  SetVSConstF start=13
    count=1
    data: 0.000909, 0.000000, 0.000000, 0.000000
  SetVSConstF start=0
    count=4
    c0-c3:
  row0: 0.499908, -0.166932, 0.471408, -109.358627
  row1: -0.009598, -0.632175, 0.316642, -39.652435
  row2: -0.000000, -0.000295, 0.000887, -0.234996
  row3: -0.000000, -0.315649, 0.948876, -221.446167
  SetVSConstF start=12
    count=1
    data: -0.000000, -0.000295, 0.000887, -0.234996
  SetVSConstF start=8
    count=3
  SetVSConstF start=4
    count=4
    c4-c7:
  row0: 0.763439, -0.000000, -0.250009, -30.439026
  row1: -0.158109, 1.334730, -0.482808, -155.757263
  row2: 0.290858, 0.355732, 0.888176, -35.416756
  row3: 0.290858, 0.355732, 0.888176, -31.116705
  SetVSConstF start=14
    count=1
    data: 32.985180, 112.997437, -21.025969, 0.000000
  SetVS shader=0x1c158340
  SetVSConstF start=0
    count=15
    (large write, first 4x4):
      0.499908, -0.166932, 0.471408, -109.358627, -0.009598, -0.632175, 0.316642, -39.652435, -0.000000, -0.000295, 0.000887, -0.234996, -0.000000, -0.315649, 0.948876, -221.446167
  SetVS shader=0x1c15eda0
  SetVSConstF start=0
    count=12
    (large write, first 4x4):
      0.499908, -0.166932, 0.471408, -109.358627, -0.009598, -0.632175, 0.316642, -39.652435, -0.000000, -0.000295, 0.000887, -0.234996, -0.000000, -0.315649, 0.948876, -221.446167
  SetVSConstF start=8
    count=1
    data: 2983.393311, -1471.000000, -2190.000000, 0.000000
  SetVSConstF start=10
    count=1
    data: 0.000909, 0.000000, 0.000000, 0.000000
  SetVSConstF start=0
    count=4
    c0-c3:
  row0: -0.471408, -0.166932, 0.499908, 2255.636230
  row1: -0.316642, -0.632175, -0.009598, -6.281494
  row2: -0.000887, -0.000295, 0.000000, 2.183692
  row3: -0.948876, -0.315649, 0.000000, 2366.550293
  SetVSConstF start=9
    count=1
    data: -0.000887, -0.000295, 0.000000, 2.183692
  SetVSConstF start=4
    count=4
    c4-c7:
  row0: 0.250010, -0.000000, 0.763439, 831.863159
  row1: 0.482808, 1.334730, -0.158109, -15.394992
  row2: -0.888176, 0.355732, 0.290858, 4024.229736
  row3: -0.888176, 0.355732, 0.290858, 4028.529785
  SetVSConstF start=11
    count=1
    data: 3259.418701, -1423.002197, -2157.014648, 0.000000
  SetVS shader=0x2de771c0
  SetVSConstF start=0
    count=12
    (large write, first 4x4):
      -0.471408, -0.166932, 0.499908, 2255.636230, -0.316642, -0.632175, -0.009598, -6.281494, -0.000887, -0.000295, 0.000000, 2.183692, -0.948876, -0.315649, 0.000000, 2366.550293
  SetVS shader=0x0f7b3540
  SetVSConstF start=0
    count=7
    (large write, first 4x4):
      0.250010, -0.000000, 0.763439, 831.863159, 0.482808, 1.334730, -0.158109, -15.394992, -0.888176, 0.355732, 0.290858, 4024.229736, -0.888176, 0.355732, 0.290858, 4028.529785
  SetVSConstF start=4
    count=1
    data: 3178.393311, -1456.000000, -2190.000000, 0.000000
  SetVSConstF start=5
    count=1
    data: 0.010000, 0.000000, 0.000000, 0.000000
  SetVSConstF start=0
    count=4
    c0-c3:
  row0: 0.250010, -0.000000, 0.763439, 831.863159
  row1: 0.482808, 1.334730, -0.158109, -15.394992
  row2: -0.888176, 0.355732, 0.290858, 4024.229736
  row3: -0.888176, 0.355732, 0.290858, 4028.529785
  SetVSConstF start=6
    count=1
    data: 3259.418701, -1423.002197, -2157.014648, 0.000000
  SetVSConstF start=4
    count=1
    data: -0.000198, 79.999634, 59.999405, 0.000000
  SetVSConstF start=5
    count=1
    data: 0.010000, 0.000000, 0.000000, 0.000000
  SetVSConstF start=0
    count=4
    c0-c3:
  row0: 0.763439, -0.000000, -0.250009, -30.439026
  row1: -0.158109, 1.334730, -0.482808, -155.757263
  row2: 0.290858, 0.355732, 0.888176, -35.416756
  row3: 0.290858, 0.355732, 0.888176, -31.116705
  SetVSConstF start=6
    count=1
    data: 32.985180, 112.997437, -21.025969, 0.000000
  SetVS shader=0x0fb3dd60
  SetVSConstF start=0
    count=7
    (large write, first 4x4):
      0.763439, -0.000000, -0.250009, -30.439026, -0.158109, 1.334730, -0.482808, -155.757263, 0.290858, 0.355732, 0.888176, -35.416756, 0.290858, 0.355732, 0.888176, -31.116705
  SetVSConstF start=4
    count=1
    data: 3178.393311, -1456.000000, -2190.000000, 0.000000
  SetVSConstF start=5
    count=1
    data: 0.010000, 0.000000, 0.000000, 0.000000
  SetVSConstF start=0
    count=4
    c0-c3:
  row0: 0.250010, -0.000000, 0.763439, 831.863159
  row1: 0.482808, 1.334730, -0.158109, -15.394992
  row2: -0.888176, 0.355732, 0.290858, 4024.229736
  row3: -0.888176, 0.355732, 0.290858, 4028.529785
  SetVSConstF start=6
    count=1
    data: 3259.418701, -1423.002197, -2157.014648, 0.000000
  SetVSConstF start=4
    count=1
    data: -0.000198, 79.999634, 59.999405, 0.000000
  SetVSConstF start=5
    count=1
    data: 0.010000, 0.000000, 0.000000, 0.000000
  SetVSConstF start=0
    count=4
    c0-c3:
  row0: 0.763439, -0.000000, -0.250009, -30.439026
  row1: -0.158109, 1.334730, -0.482808, -155.757263
  row2: 0.290858, 0.355732, 0.888176, -35.416756
  row3: 0.290858, 0.355732, 0.888176, -31.116705
  SetVSConstF start=6
    count=1
    data: 32.985180, 112.997437, -21.025969, 0.000000
  SetVSConstF start=4
    count=1
    data: -84.000687, -0.000488, -62.001083, 0.000000
  SetVSConstF start=5
    count=1
    data: 0.010000, 0.000000, 0.000000, 0.000000
  SetVSConstF start=0
    count=4
    c0-c3:
  row0: 0.763439, -0.000000, -0.250009, 3.188686
  row1: -0.158109, 1.334730, -0.482808, -121.162682
  row2: 0.290858, 0.355732, 0.888176, 125.831345
  row3: 0.290858, 0.355732, 0.888176, 130.131393
  SetVSConstF start=6
    count=1
    data: -51.015308, 32.997314, -143.026459, 0.000000
  SetVSConstF start=4
    count=1
    data: -0.000198, 79.999634, 59.999405, 0.000000
  SetVSConstF start=5
    count=1
    data: 0.010000, 0.000000, 0.000000, 0.000000
  SetVSConstF start=0
    count=4
    c0-c3:
  row0: 0.763439, -0.000000, -0.250009, -30.439026
  row1: -0.158109, 1.334730, -0.482808, -155.757263
  row2: 0.290858, 0.355732, 0.888176, -35.416756
  row3: 0.290858, 0.355732, 0.888176, -31.116705
  SetVSConstF start=6
    count=1
    data: 32.985180, 112.997437, -21.025969, 0.000000
  SetVS shader=0x2d32ba80
  SetVSConstF start=0
    count=82
    (large write, first 4x4):
      0.982699, 0.085911, -0.164079, 0.903763, -0.054236, 0.980558, 0.188587, 1.682378, 0.177091, -0.176425, 0.968252, 1.892537, 0.982699, 0.085911, -0.164079, 0.903763
  SetVSConstF start=79
    count=1
    data: -34.999954, -20.000000, 49.999893, 0.000000
  SetVSConstF start=80
    count=1
    data: 0.010000, 0.000000, 0.000000, 0.000000
  SetVSConstF start=76
    count=3
  SetVSConstF start=72
    count=4
    c72-c75:
  row0: 0.763439, -0.000000, -0.250009, -6.218753
  row1: -0.158109, 1.334730, -0.482808, -32.646194
  row2: 0.290858, 0.355732, 0.888176, 19.218239
  row3: 0.290858, 0.355732, 0.888176, 23.518288
  SetVSConstF start=81
    count=1
    data: -2.014575, 12.997803, -31.025480, 0.000000
  SetVSConstF start=0
    count=72
    (large write, first 4x4):
      0.994808, 0.031301, -0.096840, -3.958796, 0.044068, 0.725221, 0.687104, -52.929920, 0.091738, -0.687804, 0.720076, 10.709129, 0.989212, 0.051125, -0.137282, -5.497545
  SetVS shader=0x1bc1d6c0
  SetVSConstF start=0
    count=79
    (large write, first 4x4):
      0.994808, 0.031301, -0.096840, -3.958796, 0.044068, 0.725221, 0.687104, -52.929920, 0.091738, -0.687804, 0.720076, 10.709129, 0.989212, 0.051125, -0.137282, -5.497545
  SetVSConstF start=76
    count=1
    data: 35.000046, 0.000000, 59.999893, 0.000000
  SetVSConstF start=77
    count=1
    data: 0.010000, 0.000000, 0.000000, 0.000000
  SetVSConstF start=72
    count=4
    c72-c75:
  row0: 0.763439, -0.000000, -0.250009, -57.159397
  row1: -0.158109, 1.334730, -0.482808, -43.445061
  row2: 0.290858, 0.355732, 0.888176, -17.138235
  row3: 0.290858, 0.355732, 0.888176, -12.838185
  SetVSConstF start=78
    count=1
    data: 67.985428, 32.997803, -21.025480, 0.000000
  SetVSConstF start=0
    count=72
    (large write, first 4x4):
      0.873509, -0.424685, -0.237958, 14.568457, 0.356646, 0.225583, 0.906596, -0.348387, -0.331339, -0.876787, 0.348511, 38.226685, 0.833701, -0.447984, 0.322882, 4.665695
  SetVSConstF start=76
    count=1
    data: -34.999954, -20.000000, 49.999893, 0.000000
  SetVSConstF start=77
    count=1
    data: 0.010000, 0.000000, 0.000000, 0.000000
  SetVSConstF start=72
    count=4
    c72-c75:
  row0: 0.763439, -0.000000, -0.250009, -6.218753
  row1: -0.158109, 1.334730, -0.482808, -32.646194
  row2: 0.290858, 0.355732, 0.888176, 19.218239
  row3: 0.290858, 0.355732, 0.888176, 23.518288
  SetVSConstF start=78
    count=1
    data: -2.014575, 12.997803, -31.025480, 0.000000
  SetVSConstF start=0
    count=72
    (large write, first 4x4):
      0.998751, -0.046274, 0.018850, -0.659320, 0.025584, 0.797654, 0.602573, -58.044285, -0.042919, -0.601338, 0.797841, 6.151352, 0.996424, 0.027762, 0.079807, -2.377270
  SetVSConstF start=0
    count=72
    (large write, first 4x4):
      0.997155, 0.075352, 0.001837, -10.199343, -0.019335, 0.232158, 0.972486, -37.931057, 0.072852, -0.969755, 0.232955, 6.078182, 0.980233, 0.072168, -0.184217, -8.416931
  SetVSConstF start=0
    count=72
    (large write, first 4x4):
      0.206503, -0.632371, -0.746635, -12.144632, 0.755207, -0.382165, 0.532553, 2.030582, -0.622108, -0.673837, 0.398653, -18.002548, 0.978014, -0.109121, 0.177714, 8.034555
  SetVSConstF start=76
    count=1
    data: 35.000046, 0.000000, 59.999893, 0.000000
  SetVSConstF start=77
    count=1
    data: 0.010000, 0.000000, 0.000000, 0.000000
  SetVSConstF start=72
    count=4
    c72-c75:
  row0: 0.763439, -0.000000, -0.250009, -57.159397
  row1: -0.158109, 1.334730, -0.482808, -43.445061
  row2: 0.290858, 0.355732, 0.888176, -17.138235
  row3: 0.290858, 0.355732, 0.888176, -12.838185
  SetVSConstF start=78
    count=1
    data: 67.985428, 32.997803, -21.025480, 0.000000
  SetVSConstF start=0
    count=72
    (large write, first 4x4):
      0.987180, 0.038312, -0.154944, 4.524668, -0.047517, 0.997291, -0.056149, -44.730873, 0.152373, 0.062792, 0.986326, -2.872083, 0.987180, 0.038317, -0.154943, 4.526732
  SetVSConstF start=0
    count=72
    (large write, first 4x4):
      0.994569, 0.073750, -0.073438, 1.708288, -0.079912, 0.993185, -0.084841, -44.393452, 0.066680, 0.090249, 0.993685, -5.019180, 0.987180, 0.038312, -0.154944, 4.524668
  SetVSConstF start=0
    count=72
    (large write, first 4x4):
      0.998601, 0.012563, 0.051371, 4.483043, -0.030163, 0.933187, 0.358122, -39.443562, -0.043439, -0.359171, 0.932260, 16.350033, 0.992704, 0.071252, 0.097273, 3.255827
  SetVSConstF start=0
    count=72
    (large write, first 4x4):
      0.987180, 0.038312, -0.154944, 4.524668, -0.047517, 0.997291, -0.056149, -44.730873, 0.152373, 0.062792, 0.986326, -2.872083, 0.992704, 0.071252, 0.097273, 3.255827
  SetVSConstF start=76
    count=1
    data: -57.094730, -1.453522, 34.527252, 0.000000
  SetVSConstF start=77
    count=1
    data: 0.010000, 0.000000, 0.000000, 0.000000
  SetVSConstF start=72
    count=4
    c72-c75:
  row0: 0.763075, -0.011722, -0.250844, 6.771844
  row1: -0.044843, 1.413015, -0.202442, -71.464096
  row2: 0.311014, 0.144452, 0.939363, 31.866001
  row3: 0.311014, 0.144452, 0.939363, 36.166050
  SetVSConstF start=78
    count=1
    data: -20.826847, 44.408382, -38.433891, 0.000000
  SetVSConstF start=0
    count=72
    (large write, first 4x4):
      0.982699, 0.085911, -0.164079, 0.903763, -0.054236, 0.980558, 0.188587, 1.682378, 0.177091, -0.176425, 0.968252, 1.892537, 0.982699, 0.085911, -0.164079, 0.903763
  SetVSConstF start=0
    count=72
    (large write, first 4x4):
      0.982699, 0.085911, -0.164079, 0.903763, -0.054236, 0.980558, 0.188587, 1.682378, 0.177091, -0.176425, 0.968252, 1.892537, 0.982699, 0.085911, -0.164079, 0.903763
  SetVS shader=0x2de7de80
  SetVSConstF start=0
    count=10
    (large write, first 4x4):
      0.763075, -0.011722, -0.250844, 6.771844, -0.044843, 1.413015, -0.202442, -71.464096, 0.311014, 0.144452, 0.939363, 31.866001, 0.311014, 0.144452, 0.939363, 36.166050
  SetVSConstF start=7
    count=1
    data: -0.000198, 79.999634, 59.999405, 0.000000
  SetVSConstF start=8
    count=1
    data: 0.010000, 0.000000, 0.000000, 0.000000
  SetVSConstF start=4
    count=3
  SetVSConstF start=0
    count=4
    c0-c3:
  row0: 0.763439, -0.000000, -0.250009, -30.439026
  row1: -0.158109, 1.334730, -0.482808, -155.757263
  row2: 0.290858, 0.355732, 0.888176, -35.416756
  row3: 0.290858, 0.355732, 0.888176, -31.116705
  SetVSConstF start=9
    count=1
    data: 32.985180, 112.997437, -21.025969, 0.000000
  SetVSConstF start=7
    count=1
    data: -84.000687, -0.000488, -62.001083, 0.000000
  SetVSConstF start=8
    count=1
    data: 0.010000, 0.000000, 0.000000, 0.000000
  SetVSConstF start=4
    count=3
  SetVSConstF start=0
    count=4
    c0-c3:
  row0: 0.763439, -0.000000, -0.250009, 3.188686
  row1: -0.158109, 1.334730, -0.482808, -121.162682
  row2: 0.290858, 0.355732, 0.888176, 125.831345
  row3: 0.290858, 0.355732, 0.888176, 130.131393
  SetVSConstF start=9
    count=1
    data: -51.015308, 32.997314, -143.026459, 0.000000
  SetVSConstF start=7
    count=1
    data: -0.000198, 79.999634, 59.999405, 0.000000
  SetVSConstF start=8
    count=1
    data: 0.010000, 0.000000, 0.000000, 0.000000
  SetVSConstF start=4
    count=3
  SetVSConstF start=0
    count=4
    c0-c3:
  row0: 0.763439, -0.000000, -0.250009, -30.439026
  row1: -0.158109, 1.334730, -0.482808, -155.757263
  row2: 0.290858, 0.355732, 0.888176, -35.416756
  row3: 0.290858, 0.355732, 0.888176, -31.116705
  SetVSConstF start=9
    count=1
    data: 32.985180, 112.997437, -21.025969, 0.000000
  SetVS shader=0x1c159a00
  SetVSConstF start=0
    count=10
    (large write, first 4x4):
      0.763439, -0.000000, -0.250009, -30.439026, -0.158109, 1.334730, -0.482808, -155.757263, 0.290858, 0.355732, 0.888176, -35.416756, 0.290858, 0.355732, 0.888176, -31.116705
  SetVSConstF start=7
    count=1
    data: -84.000687, -0.000488, -62.001083, 0.000000
  SetVSConstF start=8
    count=1
    data: 0.010000, 0.000000, 0.000000, 0.000000
  SetVSConstF start=4
    count=3
  SetVSConstF start=0
    count=4
    c0-c3:
  row0: 0.763439, -0.000000, -0.250009, 3.188686
  row1: -0.158109, 1.334730, -0.482808, -121.162682
  row2: 0.290858, 0.355732, 0.888176, 125.831345
  row3: 0.290858, 0.355732, 0.888176, 130.131393
  SetVSConstF start=9
    count=1
    data: -51.015308, 32.997314, -143.026459, 0.000000
  SetVS shader=0x0f7b58c0
  SetVSConstF start=0
    count=10
    (large write, first 4x4):
      0.763439, -0.000000, -0.250009, 3.188686, -0.158109, 1.334730, -0.482808, -121.162682, 0.290858, 0.355732, 0.888176, 125.831345, 0.290858, 0.355732, 0.888176, 130.131393
  SetVSConstF start=4
    count=3
  SetVSConstF start=7
    count=3
  SetVSConstF start=0
    count=4
    c0-c3:
  row0: 0.250010, -0.000000, 0.763439, 831.863159
  row1: 0.482808, 1.334730, -0.158109, -15.394992
  row2: -0.888176, 0.355732, 0.290858, 4024.229736
  row3: -0.888176, 0.355732, 0.290858, 4028.529785
  SetVSConstF start=4
    count=3
  SetVSConstF start=7
    count=3
  SetVSConstF start=0
    count=4
    c0-c3:
  row0: 0.763439, -0.000000, -0.250009, -30.439026
  row1: -0.158109, 1.334730, -0.482808, -155.757263
  row2: 0.290858, 0.355732, 0.888176, -35.416756
  row3: 0.290858, 0.355732, 0.888176, -31.116705
  SetVS shader=0x0fb3d5c0
  SetVSConstF start=0
    count=10
    (large write, first 4x4):
      0.763439, -0.000000, -0.250009, -30.439026, -0.158109, 1.334730, -0.482808, -155.757263, 0.290858, 0.355732, 0.888176, -35.416756, 0.290858, 0.355732, 0.888176, -31.116705
  SetVSConstF start=4
    count=3
  SetVSConstF start=7
    count=3
  SetVSConstF start=0
    count=4
    c0-c3:
  row0: 0.250010, -0.000000, 0.763439, 831.863159
  row1: 0.482808, 1.334730, -0.158109, -15.394992
  row2: -0.888176, 0.355732, 0.290858, 4024.229736
  row3: -0.888176, 0.355732, 0.290858, 4028.529785
  SetVSConstF start=4
    count=3
  SetVSConstF start=7
    count=3
  SetVSConstF start=0
    count=4
    c0-c3:
  row0: 0.763439, -0.000000, -0.250009, -30.439026
  row1: -0.158109, 1.334730, -0.482808, -155.757263
  row2: 0.290858, 0.355732, 0.888176, -35.416756
  row3: 0.290858, 0.355732, 0.888176, -31.116705
  SetVSConstF start=4
    count=3
  SetVSConstF start=7
    count=3
  SetVSConstF start=0
    count=4
    c0-c3:
  row0: 0.763439, -0.000000, -0.250009, 3.188686
  row1: -0.158109, 1.334730, -0.482808, -121.162682
  row2: 0.290858, 0.355732, 0.888176, 125.831345
  row3: 0.290858, 0.355732, 0.888176, 130.131393
  SetVSConstF start=4
    count=3
  SetVSConstF start=7
    count=3
  SetVSConstF start=0
    count=4
    c0-c3:
  row0: 0.763439, -0.000000, -0.250009, -30.439026
  row1: -0.158109, 1.334730, -0.482808, -155.757263
  row2: 0.290858, 0.355732, 0.888176, -35.416756
  row3: 0.290858, 0.355732, 0.888176, -31.116705
  SetVS shader=0x2d327b20
  SetVSConstF start=0
    count=86
    (large write, first 4x4):
      0.982699, 0.085911, -0.164079, 0.903763, -0.054236, 0.980558, 0.188587, 1.682378, 0.177091, -0.176425, 0.968252, 1.892537, 0.982699, 0.085911, -0.164079, 0.903763
  SetVSConstF start=76
    count=3
  SetVSConstF start=79
    count=3
  SetVSConstF start=82
    count=3
  SetVSConstF start=72
    count=4
    c72-c75:
  row0: 0.763439, -0.000000, -0.250009, -6.218753
  row1: -0.158109, 1.334730, -0.482808, -32.646194
  row2: 0.290858, 0.355732, 0.888176, 19.218239
  row3: 0.290858, 0.355732, 0.888176, 23.518288
  SetVSConstF start=85
    count=1
    data: -2.014575, 12.997803, -31.025480, 0.000000
  SetVSConstF start=0
    count=72
    (large write, first 4x4):
      0.994808, 0.031301, -0.096840, -3.958796, 0.044068, 0.725221, 0.687104, -52.929920, 0.091738, -0.687804, 0.720076, 10.709129, 0.989212, 0.051125, -0.137282, -5.497545
  SetVS shader=0x1bc1e880
  SetVSConstF start=0
    count=82
    (large write, first 4x4):
      0.994808, 0.031301, -0.096840, -3.958796, 0.044068, 0.725221, 0.687104, -52.929920, 0.091738, -0.687804, 0.720076, 10.709129, 0.989212, 0.051125, -0.137282, -5.497545
  SetVSConstF start=76
    count=3
  SetVSConstF start=79
    count=3
  SetVSConstF start=72
    count=4
    c72-c75:
  row0: 0.763439, -0.000000, -0.250009, -57.159397
  row1: -0.158109, 1.334730, -0.482808, -43.445061
  row2: 0.290858, 0.355732, 0.888176, -17.138235
  row3: 0.290858, 0.355732, 0.888176, -12.838185
  SetVSConstF start=0
    count=72
    (large write, first 4x4):
      0.873509, -0.424685, -0.237958, 14.568457, 0.356646, 0.225583, 0.906596, -0.348387, -0.331339, -0.876787, 0.348511, 38.226685, 0.833701, -0.447984, 0.322882, 4.665695
  SetVSConstF start=76
    count=3
  SetVSConstF start=79
    count=3
  SetVSConstF start=72
    count=4
    c72-c75:
  row0: 0.763439, -0.000000, -0.250009, -6.218753
  row1: -0.158109, 1.334730, -0.482808, -32.646194
  row2: 0.290858, 0.355732, 0.888176, 19.218239
  row3: 0.290858, 0.355732, 0.888176, 23.518288
  SetVSConstF start=0
    count=72
    (large write, first 4x4):
      0.998751, -0.046274, 0.018850, -0.659320, 0.025584, 0.797654, 0.602573, -58.044285, -0.042919, -0.601338, 0.797841, 6.151352, 0.996424, 0.027762, 0.079807, -2.377270
  SetVSConstF start=0
    count=72
    (large write, first 4x4):
      0.997155, 0.075352, 0.001837, -10.199343, -0.019335, 0.232158, 0.972486, -37.931057, 0.072852, -0.969755, 0.232955, 6.078182, 0.980233, 0.072168, -0.184217, -8.416931
  SetVSConstF start=0
    count=72
    (large write, first 4x4):
      0.206503, -0.632371, -0.746635, -12.144632, 0.755207, -0.382165, 0.532553, 2.030582, -0.622108, -0.673837, 0.398653, -18.002548, 0.978014, -0.109121, 0.177714, 8.034555
  SetVSConstF start=76
    count=3
  SetVSConstF start=79
    count=3
  SetVSConstF start=72
    count=4
    c72-c75:
  row0: 0.763439, -0.000000, -0.250009, -57.159397
  row1: -0.158109, 1.334730, -0.482808, -43.445061
  row2: 0.290858, 0.355732, 0.888176, -17.138235
  row3: 0.290858, 0.355732, 0.888176, -12.838185
  SetVSConstF start=0
    count=72
    (large write, first 4x4):
      0.987180, 0.038312, -0.154944, 4.524668, -0.047517, 0.997291, -0.056149, -44.730873, 0.152373, 0.062792, 0.986326, -2.872083, 0.987180, 0.038317, -0.154943, 4.526732
  SetVSConstF start=0
    count=72
    (large write, first 4x4):
      0.994569, 0.073750, -0.073438, 1.708288, -0.079912, 0.993185, -0.084841, -44.393452, 0.066680, 0.090249, 0.993685, -5.019180, 0.987180, 0.038312, -0.154944, 4.524668
  SetVSConstF start=0
    count=72
    (large write, first 4x4):
      0.998601, 0.012563, 0.051371, 4.483043, -0.030163, 0.933187, 0.358122, -39.443562, -0.043439, -0.359171, 0.932260, 16.350033, 0.992704, 0.071252, 0.097273, 3.255827
  SetVSConstF start=0
    count=72
    (large write, first 4x4):
      0.987180, 0.038312, -0.154944, 4.524668, -0.047517, 0.997291, -0.056149, -44.730873, 0.152373, 0.062792, 0.986326, -2.872083, 0.992704, 0.071252, 0.097273, 3.255827
  SetVSConstF start=76
    count=3
  SetVSConstF start=79
    count=3
  SetVSConstF start=72
    count=4
    c72-c75:
  row0: 0.763075, -0.011722, -0.250844, 6.771844
  row1: -0.044843, 1.413015, -0.202442, -71.464096
  row2: 0.311014, 0.144452, 0.939363, 31.866001
  row3: 0.311014, 0.144452, 0.939363, 36.166050
  SetVSConstF start=0
    count=72
    (large write, first 4x4):
      0.982699, 0.085911, -0.164079, 0.903763, -0.054236, 0.980558, 0.188587, 1.682378, 0.177091, -0.176425, 0.968252, 1.892537, 0.982699, 0.085911, -0.164079, 0.903763
  SetVSConstF start=0
    count=72
    (large write, first 4x4):
      0.982699, 0.085911, -0.164079, 0.903763, -0.054236, 0.980558, 0.188587, 1.682378, 0.177091, -0.176425, 0.968252, 1.892537, 0.982699, 0.085911, -0.164079, 0.903763
  SetVS shader=0x2de7c020
  SetVSConstF start=0
    count=14
    (large write, first 4x4):
      0.763075, -0.011722, -0.250844, 6.771844, -0.044843, 1.413015, -0.202442, -71.464096, 0.311014, 0.144452, 0.939363, 31.866001, 0.311014, 0.144452, 0.939363, 36.166050
  SetVSConstF start=4
    count=3
  SetVSConstF start=7
    count=3
  SetVSConstF start=10
    count=3
  SetVSConstF start=0
    count=4
    c0-c3:
  row0: 0.763439, -0.000000, -0.250009, -30.439026
  row1: -0.158109, 1.334730, -0.482808, -155.757263
  row2: 0.290858, 0.355732, 0.888176, -35.416756
  row3: 0.290858, 0.355732, 0.888176, -31.116705
  SetVSConstF start=13
    count=1
    data: 32.985180, 112.997437, -21.025969, 0.000000
  SetVSConstF start=4
    count=3
  SetVSConstF start=7
    count=3
  SetVSConstF start=10
    count=3
  SetVSConstF start=0
    count=4
    c0-c3:
  row0: 0.763439, -0.000000, -0.250009, 3.188686
  row1: -0.158109, 1.334730, -0.482808, -121.162682
  row2: 0.290858, 0.355732, 0.888176, 125.831345
  row3: 0.290858, 0.355732, 0.888176, 130.131393
  SetVSConstF start=13
    count=1
    data: -51.015308, 32.997314, -143.026459, 0.000000
  SetVSConstF start=4
    count=3
  SetVSConstF start=7
    count=3
  SetVSConstF start=10
    count=3
  SetVSConstF start=0
    count=4
    c0-c3:
  row0: 0.763439, -0.000000, -0.250009, -30.439026
  row1: -0.158109, 1.334730, -0.482808, -155.757263
  row2: 0.290858, 0.355732, 0.888176, -35.416756
  row3: 0.290858, 0.355732, 0.888176, -31.116705
  SetVSConstF start=13
    count=1
    data: 32.985180, 112.997437, -21.025969, 0.000000
  SetVS shader=0x1c15a1a0
  SetVSConstF start=0
    count=14
    (large write, first 4x4):
      0.763439, -0.000000, -0.250009, -30.439026, -0.158109, 1.334730, -0.482808, -155.757263, 0.290858, 0.355732, 0.888176, -35.416756, 0.290858, 0.355732, 0.888176, -31.116705
  SetVSConstF start=4
    count=3
  SetVSConstF start=7
    count=3
  SetVSConstF start=10
    count=3
  SetVSConstF start=0
    count=4
    c0-c3:
  row0: 0.763439, -0.000000, -0.250009, 3.188686
  row1: -0.158109, 1.334730, -0.482808, -121.162682
  row2: 0.290858, 0.355732, 0.888176, 125.831345
  row3: 0.290858, 0.355732, 0.888176, 130.131393
  SetVSConstF start=13
    count=1
    data: -51.015308, 32.997314, -143.026459, 0.000000
  SetVS shader=0x28da8160
  SetVSConstF start=0
    count=4
    c0-c3:
  row0: 0.763439, -0.000000, -0.250009, 3.188686
  row1: -0.158109, 1.334730, -0.482808, -121.162682
  row2: 0.290858, 0.355732, 0.888176, 125.831345
  row3: 0.290858, 0.355732, 0.888176, 130.131393
  SetVSConstF start=0
    count=4
    c0-c3:
  row0: 0.250010, -0.000000, 0.763439, 831.863159
  row1: 0.482808, 1.334730, -0.158109, -15.394992
  row2: -0.888176, 0.355732, 0.290858, 4024.229736
  row3: -0.888176, 0.355732, 0.290858, 4028.529785
  SetVS shader=0x28da7740
  SetVSConstF start=0
    count=4
    c0-c3:
  row0: 0.250010, -0.000000, 0.763439, 831.863159
  row1: 0.482808, 1.334730, -0.158109, -15.394992
  row2: -0.888176, 0.355732, 0.290858, 4024.229736
  row3: -0.888176, 0.355732, 0.290858, 4028.529785
  SetVSConstF start=0
    count=4
    c0-c3:
  row0: 0.763439, -0.000000, -0.250009, -308.836517
  row1: -0.158109, 1.334730, -0.482808, -1137.219238
  row2: 0.290858, 0.355732, 0.888176, 2107.416260
  row3: 0.290858, 0.355732, 0.888176, 2111.716309
  SetVS shader=0x36660140
  SetVSConstF start=0
    count=4
    c0-c3:
  row0: 0.000521, 0.000000, 0.000000, -1.000000
  row1: 0.000000, -0.000926, 0.000000, 1.000000
  row2: 0.000000, 0.000000, 1.000000, 0.000000
  row3: 0.000000, 0.000000, 0.000000, 1.000000
  SetVS shader=0x36660140
  SetVSConstF start=0
    count=4
    c0-c3:
  row0: 0.000521, 0.000000, 0.000000, -1.000000
  row1: 0.000000, -0.000926, 0.000000, 1.000000
  row2: 0.000000, 0.000000, 1.000000, 0.000000
  row3: 0.000000, 0.000000, 0.000000, 1.000000
  SetVS shader=0x00000000
==== PRESENT frame 7983
  diagFrame: 1
  drawCalls: 376
  scenes: 1
  VS regs written: c0
c1
c2
c3
c4
c5
c6
c7
c8
c9
c10
c11
c12
c13
c14
c15
c16
c17
c18
c19
c20
c21
c22
c23
c24
c25
c26
c27
c28
c29
c30
c31
c32
c33
c34
c35
c36
c37
c38
c39
c40
c41
c42
c43
c44
c45
c46
c47
c48
c49
c50
c51
c52
c53
c54
c55
c56
c57
c58
c59
c60
c61
c62
c63
c64
c65
c66
c67
c68
c69
c70
c71
c72
c73
c74
c75
c76
c77
c78
c79
c80
c81
c82
c83
c84
c85

  Unique textures per stage:
    stage 0
      unique=32
    stage 1
      unique=32
    stage 2
      unique=32
    stage 3
      unique=32
    stage 4
      unique=30
    stage 5
      unique=13
    stage 6
      unique=1
    stage 7
      unique=1
-- BeginScene #1
  SetVS shader=0x1b70fea0
  SetVSConstF start=0
    count=4
    c0-c3:
  row0: 0.763439, -0.000000, -0.250009, -308.836517
  row1: -0.158109, 1.334730, -0.482808, -1137.219238
  row2: 0.290858, 0.355732, 0.888176, 2107.416260
  row3: 0.290858, 0.355732, 0.888176, 2111.716309
  SetVSConstF start=0
    count=4
    c0-c3:
  row0: 0.243681, 0.000000, -0.765483, 0.000226
  row1: -0.446880, 1.348951, -0.142258, 0.000048
  row2: 0.900041, 0.328381, 0.286516, -0.009940
  row3: 0.900041, 0.328381, 0.286516, 0.000069
  DIP #1
    decl=0x32acce80
    type=4
    baseVtx=481846
    numVerts=24
    primCount=12
    stride0=32
    hasNormal=1
    hasTexcoord=1
    tcType=1
    tex0
     =0x0fc0cb40
    tex1
     =0x2be41220
    tex2
     =0x4a6207e0
    tex3
     =0x4a620900
    tex4
     =0x4a620900
    tex5
     =0x4a6207e0
    tex6
     =0x4a620900
    tex7
     =0x32aa49a0
    vtx0 raw (32
 bytes):
      00 00 FA C3 00 00 FA 43 00 00 FA 43 | 3D CD 13 3F | 34 CD 13 BF | 3D CD 13 BF | 00 00 00 00 | 00 00 00 00 | 
      pos: -500.000000, 500.000000, 500.000000
    c0-c3:
  row0: 0.243681, 0.000000, -0.765483, 0.000226
  row1: -0.446880, 1.348951, -0.142258, 0.000048
  row2: 0.900041, 0.328381, 0.286516, -0.009940
  row3: 0.900041, 0.328381, 0.286516, 0.000069
    c4-c7:
  row0: -84.000587, -20.000488, -332.002045, 0.000000
  row1: 2105.998047, 1455.999512, 3116.392822, 0.000000
  row2: 2105.998047, 1455.999512, 3116.392822, 0.000000
  row3: 0.003333, 0.000000, 0.000000, 0.000000
    c8-c11:
  row0: 1.000000, 0.000000, 0.000000, 0.000000
  row1: 1.000000, 0.000000, 0.000000, 0.000000
  row2: 0.000000, -0.000000, -1.000000, 3116.393311
  row3: 0.000000, 1.000000, -0.000000, -1456.000000
    c12-c15:
  row0: 1.000000, 0.000000, 0.000000, -2106.000000
  row1: -51.015308, 32.997314, -143.026459, 0.000000
  row2: 0.167068, -0.185945, 0.968252, 1.947453
  row3: 0.982699, 0.085911, -0.164079, 0.903763
    c16-c19:
  row0: -0.054236, 0.980558, 0.188587, 1.682378
  row1: 0.177091, -0.176425, 0.968252, 1.892537
  row2: 0.982699, 0.085911, -0.164079, 0.903763
  row3: -0.054236, 0.980558, 0.188587, 1.682378
    c20-c23:
  row0: 0.177091, -0.176425, 0.968252, 1.892536
  row1: 0.982699, 0.085911, -0.164079, 0.903763
  row2: -0.054236, 0.980558, 0.188587, 1.682378
  row3: 0.177091, -0.176425, 0.968252, 1.892537
  SetVS shader=0x3665c480
  SetVSConstF start=0
    count=4
    c0-c3:
  row0: 0.243681, 0.000000, -0.765483, 0.000226
  row1: -0.446880, 1.348951, -0.142258, 0.000048
  row2: 0.900041, 0.328381, 0.286516, -0.009940
  row3: 0.900041, 0.328381, 0.286516, 0.000069
  SetVSConstF start=0
    count=4
    c0-c3:
  row0: 0.243681, 0.000000, -0.765483, -1855.651367
  row1: -0.446880, 1.348951, -0.142258, -177.757111
  row2: 0.900041, 0.328381, 0.286516, 3512.877930
  row3: 0.900041, 0.328381, 0.286516, 3512.887939
  DIP #2
    decl=0x04a5c8e0
    type=4
    baseVtx=0
    numVerts=8
    primCount=4
    stride0=60
    hasNormal=1
    hasTexcoord=1
    tcType=1
    tex0
     =0x1c165b20
    tex1
     =0x2be41220
    tex2
     =0x4a6207e0
    tex3
     =0x4a620900
    tex4
     =0x4a620900
    tex5
     =0x4a6207e0
    tex6
     =0x4a620900
    tex7
     =0x32aa49a0
    vtx0 raw (60
 bytes):
      23 3D 35 C5 7A 12 62 C4 05 B4 42 C5 | FF FF FF 7F | 00 00 00 00 | 00 00 00 00 | D2 4F DD 3A | 84 EC 81 BE | C7 9E 77 BF E8 FF 7F 3F E2 91 93 2D 0A CD E4 3A 68 3D E8 B9 DE 9E 77 BF 76 EC 81 3E 
      pos: -2899.821045, -904.288696, -3115.251221
    c0-c3:
  row0: 0.243681, 0.000000, -0.765483, -1855.651367
  row1: -0.446880, 1.348951, -0.142258, -177.757111
  row2: 0.900041, 0.328381, 0.286516, 3512.877930
  row3: 0.900041, 0.328381, 0.286516, 3512.887939
    c4-c7:
  row0: -84.000587, -20.000488, -332.002045, 0.000000
  row1: 2105.998047, 1455.999512, 3116.392822, 0.000000
  row2: 2105.998047, 1455.999512, 3116.392822, 0.000000
  row3: 0.003333, 0.000000, 0.000000, 0.000000
    c8-c11:
  row0: 1.000000, 0.000000, 0.000000, 0.000000
  row1: 1.000000, 0.000000, 0.000000, 0.000000
  row2: 0.000000, -0.000000, -1.000000, 3116.393311
  row3: 0.000000, 1.000000, -0.000000, -1456.000000
    c12-c15:
  row0: 1.000000, 0.000000, 0.000000, -2106.000000
  row1: -51.015308, 32.997314, -143.026459, 0.000000
  row2: 0.167068, -0.185945, 0.968252, 1.947453
  row3: 0.982699, 0.085911, -0.164079, 0.903763
    c16-c19:
  row0: -0.054236, 0.980558, 0.188587, 1.682378
  row1: 0.177091, -0.176425, 0.968252, 1.892537
  row2: 0.982699, 0.085911, -0.164079, 0.903763
  row3: -0.054236, 0.980558, 0.188587, 1.682378
    c20-c23:
  row0: 0.177091, -0.176425, 0.968252, 1.892536
  row1: 0.982699, 0.085911, -0.164079, 0.903763
  row2: -0.054236, 0.980558, 0.188587, 1.682378
  row3: 0.177091, -0.176425, 0.968252, 1.892537
  SetVS shader=0x1b711800
  SetVSConstF start=0
    count=7
    (large write, first 4x4):
      0.243681, 0.000000, -0.765483, -1855.651367, -0.446880, 1.348951, -0.142258, -177.757111, 0.900041, 0.328381, 0.286516, 3512.877930, 0.900041, 0.328381, 0.286516, 3512.887939
  SetVSConstF start=0
    count=4
    c0-c3:
  row0: 0.243681, 0.000000, -0.765483, -0.742365
  row1: -0.446880, 1.348951, -0.142258, 84.937363
  row2: 0.900041, 0.328381, 0.286516, 15.422956
  row3: 0.900041, 0.328381, 0.286516, 15.432966
  SetVSConstF start=6
    count=1
    data: 0.151770, 0.015177, 0.000000, 0.000000
  SetVSConstF start=5
    count=1
    data: 1.000000, 1.000000, 1.000000, 1.000000
  SetVSConstF start=4
    count=1
    data: 1.000000, 1.000000, 1.000000, 1.000000
  DIP #3
    decl=0x32acc140
    type=4
    baseVtx=481878
    numVerts=4
    primCount=2
    stride0=32
    hasNormal=0
    hasTexcoord=1
    tcType=1
    tex0
     =0x1b830ca0
    tex1
     =0x1b831140
    tex2
     =0x4a6207e0
    tex3
     =0x4a620900
    tex4
     =0x4a620900
    tex5
     =0x4a6207e0
    tex6
     =0x4a620900
    tex7
     =0x32aa49a0
    vtx0 raw (32
 bytes):
      00 80 93 C3 00 2C 9F BF 90 4F 96 43 | FF FF FF FF | 00 00 00 BF | 00 00 00 BF | 00 00 00 00 | 00 00 00 00 | 
      pos: -295.000000, -1.243530, 300.621582
    c0-c3:
  row0: 0.243681, 0.000000, -0.765483, -0.742365
  row1: -0.446880, 1.348951, -0.142258, 84.937363
  row2: 0.900041, 0.328381, 0.286516, 15.422956
  row3: 0.900041, 0.328381, 0.286516, 15.432966
    c4-c7:
  row0: 1.000000, 1.000000, 1.000000, 1.000000
  row1: 1.000000, 1.000000, 1.000000, 1.000000
  row2: 0.151770, 0.015177, 0.000000, 0.000000
  row3: 0.003333, 0.000000, 0.000000, 0.000000
    c8-c11:
  row0: 1.000000, 0.000000, 0.000000, 0.000000
  row1: 1.000000, 0.000000, 0.000000, 0.000000
  row2: 0.000000, -0.000000, -1.000000, 3116.393311
  row3: 0.000000, 1.000000, -0.000000, -1456.000000
    c12-c15:
  row0: 1.000000, 0.000000, 0.000000, -2106.000000
  row1: -51.015308, 32.997314, -143.026459, 0.000000
  row2: 0.167068, -0.185945, 0.968252, 1.947453
  row3: 0.982699, 0.085911, -0.164079, 0.903763
    c16-c19:
  row0: -0.054236, 0.980558, 0.188587, 1.682378
  row1: 0.177091, -0.176425, 0.968252, 1.892537
  row2: 0.982699, 0.085911, -0.164079, 0.903763
  row3: -0.054236, 0.980558, 0.188587, 1.682378
    c20-c23:
  row0: 0.177091, -0.176425, 0.968252, 1.892536
  row1: 0.982699, 0.085911, -0.164079, 0.903763
  row2: -0.054236, 0.980558, 0.188587, 1.682378
  row3: 0.177091, -0.176425, 0.968252, 1.892537
  SetVS shader=0x0f7b37e0
  SetVSConstF start=0
    count=4
    c0-c3:
  row0: 0.243681, 0.000000, -0.765483, -0.742365
  row1: -0.446880, 1.348951, -0.142258, 84.937363
  row2: 0.900041, 0.328381, 0.286516, 15.422956
  row3: 0.900041, 0.328381, 0.286516, 15.432966
  SetVSConstF start=0
    count=4
    c0-c3:
  row0: 0.243681, 0.000000, -0.765483, -2410.171387
  row1: -0.446880, 1.348951, -0.142258, 3004.221924
  row2: 0.900041, 0.328381, 0.286516, -1722.258301
  row3: 0.900041, 0.328381, 0.286516, -1717.958252
  DIP #4
    decl=0x32acc4a0
    type=4
    baseVtx=146967
    numVerts=42
    primCount=28
    stride0=56
    hasNormal=1
    hasTexcoord=1
    tcType=1
    tex0
     =0x0fcb51a0
    tex1
     =0x32a9f660
    tex2
     =0x4a6207e0
    tex3
     =0x4a620900
    tex4
     =0x4a620900
    tex5
     =0x4a6207e0
    tex6
     =0x4a620900
    tex7
     =0x32aa49a0
    vtx0 raw (56
 bytes):
      00 00 48 C3 00 80 FE C4 00 F0 96 45 | 00 00 00 00 | AC C5 A7 36 | 00 00 80 BF | AB AA 2A BF | 00 00 80 3F | 00 00 80 3F 00 00 00 00 00 00 00 00 00 00 00 00 00 00 80 BF AC C5 A7 B6 
      pos: -200.000000, -2036.000000, 4830.000000
    c0-c3:
  row0: 0.243681, 0.000000, -0.765483, -2410.171387
  row1: -0.446880, 1.348951, -0.142258, 3004.221924
  row2: 0.900041, 0.328381, 0.286516, -1722.258301
  row3: 0.900041, 0.328381, 0.286516, -1717.958252
    c4-c7:
  row0: 1.000000, 1.000000, 1.000000, 1.000000
  row1: 1.000000, 1.000000, 1.000000, 1.000000
  row2: 0.151770, 0.015177, 0.000000, 0.000000
  row3: 0.003333, 0.000000, 0.000000, 0.000000
    c8-c11:
  row0: 1.000000, 0.000000, 0.000000, 0.000000
  row1: 1.000000, 0.000000, 0.000000, 0.000000
  row2: 0.000000, -0.000000, -1.000000, 3116.393311
  row3: 0.000000, 1.000000, -0.000000, -1456.000000
    c12-c15:
  row0: 1.000000, 0.000000, 0.000000, -2106.000000
  row1: -51.015308, 32.997314, -143.026459, 0.000000
  row2: 0.167068, -0.185945, 0.968252, 1.947453
  row3: 0.982699, 0.085911, -0.164079, 0.903763
    c16-c19:
  row0: -0.054236, 0.980558, 0.188587, 1.682378
  row1: 0.177091, -0.176425, 0.968252, 1.892537
  row2: 0.982699, 0.085911, -0.164079, 0.903763
  row3: -0.054236, 0.980558, 0.188587, 1.682378
    c20-c23:
  row0: 0.177091, -0.176425, 0.968252, 1.892536
  row1: 0.982699, 0.085911, -0.164079, 0.903763
  row2: -0.054236, 0.980558, 0.188587, 1.682378
  row3: 0.177091, -0.176425, 0.968252, 1.892537
  DIP #5
    decl=0x32acc4a0
    type=4
    baseVtx=146967
    numVerts=4
    primCount=2
    stride0=56
    hasNormal=1
    hasTexcoord=1
    tcType=1
    tex0
     =0x0fcb51a0
    tex1
     =0x32a9f660
    tex2
     =0x4a6207e0
    tex3
     =0x4a620900
    tex4
     =0x4a620900
    tex5
     =0x4a6207e0
    tex6
     =0x4a620900
    tex7
     =0x32aa49a0
    vtx0 raw (56
 bytes):
      00 00 48 C3 00 80 FE C4 00 F0 96 45 | 00 00 00 00 | AC C5 A7 36 | 00 00 80 BF | AB AA 2A BF | 00 00 80 3F | 00 00 80 3F 00 00 00 00 00 00 00 00 00 00 00 00 00 00 80 BF AC C5 A7 B6 
      pos: -200.000000, -2036.000000, 4830.000000
    c0-c3:
  row0: 0.243681, 0.000000, -0.765483, -2410.171387
  row1: -0.446880, 1.348951, -0.142258, 3004.221924
  row2: 0.900041, 0.328381, 0.286516, -1722.258301
  row3: 0.900041, 0.328381, 0.286516, -1717.958252
    c4-c7:
  row0: 1.000000, 1.000000, 1.000000, 1.000000
  row1: 1.000000, 1.000000, 1.000000, 1.000000
  row2: 0.151770, 0.015177, 0.000000, 0.000000
  row3: 0.003333, 0.000000, 0.000000, 0.000000
    c8-c11:
  row0: 1.000000, 0.000000, 0.000000, 0.000000
  row1: 1.000000, 0.000000, 0.000000, 0.000000
  row2: 0.000000, -0.000000, -1.000000, 3116.393311
  row3: 0.000000, 1.000000, -0.000000, -1456.000000
    c12-c15:
  row0: 1.000000, 0.000000, 0.000000, -2106.000000
  row1: -51.015308, 32.997314, -143.026459, 0.000000
  row2: 0.167068, -0.185945, 0.968252, 1.947453
  row3: 0.982699, 0.085911, -0.164079, 0.903763
    c16-c19:
  row0: -0.054236, 0.980558, 0.188587, 1.682378
  row1: 0.177091, -0.176425, 0.968252, 1.892537
  row2: 0.982699, 0.085911, -0.164079, 0.903763
  row3: -0.054236, 0.980558, 0.188587, 1.682378
    c20-c23:
  row0: 0.177091, -0.176425, 0.968252, 1.892536
  row1: 0.982699, 0.085911, -0.164079, 0.903763
  row2: -0.054236, 0.980558, 0.188587, 1.682378
  row3: 0.177091, -0.176425, 0.968252, 1.892537
  DIP #6
    decl=0x32acc4a0
    type=4
    baseVtx=110727
    numVerts=33
    primCount=17
    stride0=56
    hasNormal=1
    hasTexcoord=1
    tcType=1
    tex0
     =0x0fcb51a0
    tex1
     =0x2de80dc0
    tex2
     =0x4a6207e0
    tex3
     =0x4a620900
    tex4
     =0x4a620900
    tex5
     =0x4a6207e0
    tex6
     =0x4a620900
    tex7
     =0x32aa49a0
    vtx0 raw (56
 bytes):
      00 00 FA 45 00 00 A7 C4 00 C0 0A C5 | 00 00 00 00 | 00 00 80 3F | 00 00 00 00 | FF FF 1F 42 | FF FF 8B 41 | 00 00 80 3F 00 00 00 00 00 00 00 00 00 00 00 00 00 00 00 00 00 00 80 BF 
      pos: 8000.000000, -1336.000000, -2220.000000
  DIP #7
    decl=0x32acc4a0
    type=4
    baseVtx=110760
    numVerts=20
    primCount=12
    stride0=56
    hasNormal=1
    hasTexcoord=1
    tcType=1
    tex0
     =0x2de824e0
    tex1
     =0x2de80dc0
    tex2
     =0x4a6207e0
    tex3
     =0x4a620900
    tex4
     =0x4a620900
    tex5
     =0x4a6207e0
    tex6
     =0x4a620900
    tex7
     =0x32aa49a0
    vtx0 raw (56
 bytes):
      00 60 F9 45 00 00 A7 C4 00 80 09 C5 | 00 00 00 00 | 00 00 80 3F | 00 00 00 00 | FF FF 01 42 | 00 00 8C 41 | 00 00 00 00 00 00 00 00 00 00 80 BF 00 00 80 BF 00 00 00 00 00 00 00 00 
      pos: 7980.000000, -1336.000000, -2200.000000
  DIP #8
    decl=0x32acc4a0
    type=4
    baseVtx=110797
    numVerts=377
    primCount=257
    stride0=56
    hasNormal=1
    hasTexcoord=1
    tcType=1
    tex0
     =0x0fcb51a0
    tex1
     =0x2de82bc0
    tex2
     =0x4a6207e0
    tex3
     =0x4a620900
    tex4
     =0x4a620900
    tex5
     =0x4a6207e0
    tex6
     =0x4a620900
    tex7
     =0x32aa49a0
    vtx0 raw (56
 bytes):
      00 AA CD 46 00 00 8F C3 00 30 45 C6 | 00 00 80 BF | BA C0 5C 38 | 00 00 00 00 | AB AA 32 C2 | FE FF 5F C0 | 00 00 00 00 00 00 00 00 00 00 80 BF BA C0 5C B8 00 00 80 BF 00 00 00 80 
      pos: 26325.000000, -286.000000, -12620.000000
  DIP #9
    decl=0x32acc4a0
    type=4
    baseVtx=110455
    numVerts=22
    primCount=18
    stride0=56
    hasNormal=1
    hasTexcoord=1
    tcType=1
    tex0
     =0x0fcb51a0
    tex1
     =0x2de82160
    tex2
     =0x4a6207e0
    tex3
     =0x4a620900
    tex4
     =0x4a620900
    tex5
     =0x4a6207e0
    tex6
     =0x4a620900
    tex7
     =0x32aa49a0
    vtx0 raw (56
 bytes):
      00 80 BB C4 00 80 FE C4 00 A0 8C 45 | 00 00 00 00 | 00 00 80 3F | 00 00 00 00 | 00 00 F0 BF | 99 99 75 C0 | 00 00 80 3F 00 00 00 00 00 00 00 00 00 00 00 00 00 00 00 00 00 00 80 BF 
      pos: -1500.000000, -2036.000000, 4500.000000
  DIP #10
    decl=0x32acc4a0
    type=4
    baseVtx=111858
    numVerts=367
    primCount=203
    stride0=56
    hasNormal=1
    hasTexcoord=1
    tcType=1
    tex0
     =0x0fcb51a0
    tex1
     =0x2de82e20
    tex2
     =0x4a6207e0
    tex3
     =0x4a620900
    tex4
     =0x4a620900
    tex5
     =0x4a6207e0
    tex6
     =0x4a620900
    tex7
     =0x32aa49a0
    vtx0 raw (56
 bytes):
      00 AA CD 46 00 80 9A C4 00 58 45 C6 | 00 00 80 BF | 6C F3 E5 38 | 00 00 00 00 | 89 88 32 C2 | 16 09 50 41 | 00 00 00 00 00 00 00 00 00 00 80 BF 6C F3 E5 B8 00 00 80 BF 00 00 00 80 
      pos: 26325.000000, -1236.000000, -12630.000000
  DIP #11
    decl=0x32acc4a0
    type=4
    baseVtx=138214
    numVerts=24
    primCount=12
    stride0=56
    hasNormal=1
    hasTexcoord=1
    tcType=1
    tex0
     =0x0fcb51a0
    tex1
     =0x2de7eb00
    tex2
     =0x4a6207e0
    tex3
     =0x4a620900
    tex4
     =0x4a620900
    tex5
     =0x4a6207e0
    tex6
     =0x4a620900
    tex7
     =0x32aa49a0
  DIP #12
    decl=0x32acc4a0
    type=4
    baseVtx=136110
    numVerts=408
    primCount=204
    stride0=56
    hasNormal=1
    hasTexcoord=1
    tcType=1
    tex0
     =0x0fcb51a0
    tex1
     =0x2de858e0
    tex2
     =0x4a6207e0
    tex3
     =0x4a620900
    tex4
     =0x4a620900
    tex5
     =0x4a6207e0
    tex6
     =0x4a620900
    tex7
     =0x32aa49a0
  DIP #13
    decl=0x32acc4a0
    type=4
    baseVtx=139094
    numVerts=69
    primCount=41
    stride0=56
    hasNormal=1
    hasTexcoord=1
    tcType=1
    tex0
     =0x0fcb51a0
    tex1
     =0x2de7e660
    tex2
     =0x4a6207e0
    tex3
     =0x4a620900
    tex4
     =0x4a620900
    tex5
     =0x4a6207e0
    tex6
     =0x4a620900
    tex7
     =0x32aa49a0
  DIP #14
    decl=0x32acc4a0
    type=4
    baseVtx=139035
    numVerts=12
    primCount=6
    stride0=56
    hasNormal=1
    hasTexcoord=1
    tcType=1
    tex0
     =0x0fcb51a0
    tex1
     =0x2de7e540
    tex2
     =0x4a6207e0
    tex3
     =0x4a620900
    tex4
     =0x4a620900
    tex5
     =0x4a6207e0
    tex6
     =0x4a620900
    tex7
     =0x32aa49a0
  DIP #15
    decl=0x32acc4a0
    type=4
    baseVtx=138482
    numVerts=40
    primCount=20
    stride0=56
    hasNormal=1
    hasTexcoord=1
    tcType=1
    tex0
     =0x0fcb51a0
    tex1
     =0x2de7f8e0
    tex2
     =0x4a6207e0
    tex3
     =0x4a620900
    tex4
     =0x4a620900
    tex5
     =0x4a6207e0
    tex6
     =0x4a620900
    tex7
     =0x32aa49a0
  DIP #16
    decl=0x32acc4a0
    type=4
    baseVtx=112827
    numVerts=7
    primCount=5
    stride0=56
    hasNormal=1
    hasTexcoord=1
    tcType=1
    tex0
     =0x0fcb51a0
    tex1
     =0x2de83880
    tex2
     =0x4a6207e0
    tex3
     =0x4a620900
    tex4
     =0x4a620900
    tex5
     =0x4a6207e0
    tex6
     =0x4a620900
    tex7
     =0x32aa49a0
  DIP #17
    decl=0x32acc4a0
    type=4
    baseVtx=142763
    numVerts=16
    primCount=8
    stride0=56
    hasNormal=1
    hasTexcoord=1
    tcType=1
    tex0
     =0x0fcb51a0
    tex1
     =0x32a9a7c0
    tex2
     =0x4a6207e0
    tex3
     =0x4a620900
    tex4
     =0x4a620900
    tex5
     =0x4a6207e0
    tex6
     =0x4a620900
    tex7
     =0x32aa49a0
  DIP #18
    decl=0x32acc4a0
    type=4
    baseVtx=122419
    numVerts=552
    primCount=288
    stride0=56
    hasNormal=1
    hasTexcoord=1
    tcType=1
    tex0
     =0x0fcb51a0
    tex1
     =0x32a9c4a0
    tex2
     =0x4a6207e0
    tex3
     =0x4a620900
    tex4
     =0x4a620900
    tex5
     =0x4a6207e0
    tex6
     =0x4a620900
    tex7
     =0x32aa49a0
  DIP #19
    decl=0x32acc4a0
    type=4
    baseVtx=139388
    numVerts=364
    primCount=182
    stride0=56
    hasNormal=1
    hasTexcoord=1
    tcType=1
    tex0
     =0x0fcb51a0
    tex1
     =0x32aa6ea0
    tex2
     =0x4a6207e0
    tex3
     =0x4a620900
    tex4
     =0x4a620900
    tex5
     =0x4a6207e0
    tex6
     =0x4a620900
    tex7
     =0x32aa49a0
  DIP #20
    decl=0x32acc4a0
    type=4
    baseVtx=194735
    numVerts=264
    primCount=144
    stride0=56
    hasNormal=1
    hasTexcoord=1
    tcType=1
    tex0
     =0x0fcb51a0
    tex1
     =0x42cf6b20
    tex2
     =0x4a6207e0
    tex3
     =0x4a620900
    tex4
     =0x4a620900
    tex5
     =0x4a6207e0
    tex6
     =0x4a620900
    tex7
     =0x32aa49a0
  SetVSConstF start=0
    count=4
    c0-c3:
  row0: -0.765483, 0.000000, -0.243681, 52.431316
  row1: -0.142258, 1.348951, 0.446880, -198.002167
  row2: 0.286516, 0.328381, -0.900041, 49.709488
  row3: 0.286516, 0.328381, -0.900041, 54.009537
  DIP #21
    decl=0x32acc4a0
    type=4
    baseVtx=245195
    numVerts=261
    primCount=244
    stride0=56
    hasNormal=1
    hasTexcoord=1
    tcType=1
    tex0
     =0x0fcb51a0
    tex1
     =0x4a623180
    tex2
     =0x4a6207e0
    tex3
     =0x4a620900
    tex4
     =0x4a620900
    tex5
     =0x4a6207e0
    tex6
     =0x4a620900
    tex7
     =0x32aa49a0
  DIP #22
    decl=0x32acc4a0
    type=4
    baseVtx=244936
    numVerts=259
    primCount=165
    stride0=56
    hasNormal=1
    hasTexcoord=1
    tcType=1
    tex0
     =0x0fcb51a0
    tex1
     =0x4a620460
    tex2
     =0x4a6207e0
    tex3
     =0x4a620900
    tex4
     =0x4a620900
    tex5
     =0x4a6207e0
    tex6
     =0x4a620900
    tex7
     =0x32aa49a0
  DIP #23
    decl=0x32acc4a0
    type=4
    baseVtx=245456
    numVerts=4
    primCount=2
    stride0=56
    hasNormal=1
    hasTexcoord=1
    tcType=1
    tex0
     =0x4a622e00
    tex1
     =0x0fcb51a0
    tex2
     =0x4a6207e0
    tex3
     =0x4a620900
    tex4
     =0x4a620900
    tex5
     =0x4a6207e0
    tex6
     =0x4a620900
    tex7
     =0x32aa49a0
  SetVS shader=0x0fb3dfe0
  SetVSConstF start=0
    count=4
    c0-c3:
  row0: -0.765483, 0.000000, -0.243681, 52.431316
  row1: -0.142258, 1.348951, 0.446880, -198.002167
  row2: 0.286516, 0.328381, -0.900041, 49.709488
  row3: 0.286516, 0.328381, -0.900041, 54.009537
  SetVSConstF start=0
    count=4
    c0-c3:
  row0: 0.243681, 0.000000, -0.765483, -2410.171387
  row1: -0.446880, 1.348951, -0.142258, 3004.221924
  row2: 0.900041, 0.328381, 0.286516, -1722.258301
  row3: 0.900041, 0.328381, 0.286516, -1717.958252
  DIP #24
    decl=0x32acc4a0
    type=4
    baseVtx=44654
    numVerts=65
    primCount=35
    stride0=56
    hasNormal=1
    hasTexcoord=1
    tcType=1
    tex0
     =0x0f79a620
    tex1
     =0x0fcb51a0
    tex2
     =0x4a6207e0
    tex3
     =0x4a620900
    tex4
     =0x4a620900
    tex5
     =0x4a6207e0
    tex6
     =0x4a620900
    tex7
     =0x32aa49a0
  DIP #25
    decl=0x32acc4a0
    type=4
    baseVtx=66114
    numVerts=724
    primCount=356
    stride0=56
    hasNormal=1
    hasTexcoord=1
    tcType=1
    tex0
     =0x39e27840
    tex1
     =0x0fcb51a0
    tex2
     =0x4a6207e0
    tex3
     =0x4a620900
    tex4
     =0x4a620900
    tex5
     =0x4a6207e0
    tex6
     =0x4a620900
    tex7
     =0x32aa49a0
  SetVSConstF start=0
    count=4
    c0-c3:
  row0: -0.765483, 0.000000, -0.243681, 52.431316
  row1: -0.142258, 1.348951, 0.446880, -198.002167
  row2: 0.286516, 0.328381, -0.900041, 49.709488
  row3: 0.286516, 0.328381, -0.900041, 54.009537
  DIP #26
    decl=0x32acc4a0
    type=4
    baseVtx=105089
    numVerts=763
    primCount=616
    stride0=56
    hasNormal=1
    hasTexcoord=1
    tcType=1
    tex0
     =0x4a61e9c0
    tex1
     =0x4a61eb00
    tex2
     =0x4a6207e0
    tex3
     =0x4a620900
    tex4
     =0x4a620900
    tex5
     =0x4a6207e0
    tex6
     =0x4a620900
    tex7
     =0x32aa49a0
  SetVSConstF start=0
    count=4
    c0-c3:
  row0: -0.765483, 0.000000, -0.243681, -41.598320
  row1: -0.142258, 1.348951, 0.446880, -47.516487
  row2: 0.286516, 0.328381, -0.900041, -9.757758
  row3: 0.286516, 0.328381, -0.900041, -5.457709
  DIP #27
    decl=0x32acc4a0
    type=4
    baseVtx=105089
    numVerts=29
    primCount=22
    stride0=56
    hasNormal=1
    hasTexcoord=1
    tcType=1
    tex0
     =0x4a61e9c0
    tex1
     =0x4a61eb00
    tex2
     =0x4a6207e0
    tex3
     =0x4a620900
    tex4
     =0x4a620900
    tex5
     =0x4a6207e0
    tex6
     =0x4a620900
    tex7
     =0x32aa49a0
  SetVSConstF start=0
    count=4
    c0-c3:
  row0: -0.765483, 0.000000, -0.243681, 52.431316
  row1: -0.142258, 1.348951, 0.446880, -198.002167
  row2: 0.286516, 0.328381, -0.900041, 49.709488
  row3: 0.286516, 0.328381, -0.900041, 54.009537
  DIP #28
    decl=0x32acc4a0
    type=4
    baseVtx=105881
    numVerts=352
    primCount=288
    stride0=56
    hasNormal=1
    hasTexcoord=1
    tcType=1
    tex0
     =0x4a6215c0
    tex1
     =0x0fcb51a0
    tex2
     =0x4a6207e0
    tex3
     =0x4a620900
    tex4
     =0x4a620900
    tex5
     =0x4a6207e0
    tex6
     =0x4a620900
    tex7
     =0x32aa49a0
  SetVS shader=0x2d329ea0
  SetVSConstF start=0
    count=80
    (large write, first 4x4):
      0.982699, 0.085911, -0.164079, 0.903763, -0.054236, 0.980558, 0.188587, 1.682378, 0.177091, -0.176425, 0.968252, 1.892537, 0.982699, 0.085911, -0.164079, 0.903763
  SetVSConstF start=76
    count=3
  SetVSConstF start=72
    count=4
    c72-c75:
  row0: -0.765483, 0.000000, -0.243681, 23.202618
  row1: -0.142258, 1.348951, 0.446880, -63.617352
  row2: 0.286516, 0.328381, -0.900041, 83.575211
  row3: 0.286516, 0.328381, -0.900041, 87.875259
  SetVSConstF start=79
    count=1
    data: -2.092752, 13.218750, 101.791161, 0.000000
  SetVSConstF start=0
    count=72
    (large write, first 4x4):
      0.994728, 0.029964, -0.098072, -3.915786, 0.043220, 0.744766, 0.665925, -53.885868, 0.092994, -0.666653, 0.739544, 10.028957, 0.989146, 0.049622, -0.138307, -5.442350
  DIP #29
    decl=0x0fc25260
    type=4
    baseVtx=0
    numVerts=240
    primCount=394
    stride0=64
    [SKINNED]
    boneStart=0
    numBones=0
    hasNormal=1
    hasTexcoord=1
    tcType=1
    tex0
     =0x1c143a00
    tex1
     =0x0fcb51a0
    tex2
     =0x1c145000
    tex3
     =0x0fc0dda0
    tex4
     =0x1c1445a0
    tex5
     =0x4a6207e0
    tex6
     =0x4a620900
    tex7
     =0x32aa49a0
  SetVS shader=0x1bc1eb00
  SetVSConstF start=0
    count=76
    (large write, first 4x4):
      0.994728, 0.029964, -0.098072, -3.915786, 0.043220, 0.744766, 0.665925, -53.885868, 0.092994, -0.666653, 0.739544, 10.028957, 0.989146, 0.049622, -0.138307, -5.442350
  SetVSConstF start=72
    count=4
    c72-c75:
  row0: -0.765483, 0.000000, -0.243681, 79.223221
  row1: -0.142258, 1.348951, 0.446880, -85.107101
  row2: 0.286516, 0.328381, -0.900041, 65.951889
  row3: 0.286516, 0.328381, -0.900041, 70.251938
  SetVSConstF start=0
    count=72
    (large write, first 4x4):
      0.873425, -0.424797, -0.238069, 14.570072, 0.356803, 0.225570, 0.906537, -0.337081, -0.331393, -0.876736, 0.348587, 38.218582, 0.833703, -0.448086, 0.322735, 4.670359
  DIP #30
    decl=0x0fc25260
    type=4
    baseVtx=0
    numVerts=376
    primCount=488
    stride0=64
    [SKINNED]
    boneStart=0
    numBones=0
    hasNormal=1
    hasTexcoord=1
    tcType=1
    tex0
     =0x0fcb51a0
    tex1
     =0x1bb6f000
    tex2
     =0x1c145000
    tex3
     =0x0fc0dda0
    tex4
     =0x1c1445a0
    tex5
     =0x4a6207e0
    tex6
     =0x4a620900
    tex7
     =0x32aa49a0
  SetVSConstF start=72
    count=4
    c72-c75:
  row0: -0.765483, 0.000000, -0.243681, 23.202618
  row1: -0.142258, 1.348951, 0.446880, -63.617352
  row2: 0.286516, 0.328381, -0.900041, 83.575211
  row3: 0.286516, 0.328381, -0.900041, 87.875259
  SetVSConstF start=0
    count=72
    (large write, first 4x4):
      0.998751, -0.046274, 0.018850, -0.659320, 0.025584, 0.797654, 0.602573, -58.044285, -0.042919, -0.601338, 0.797841, 6.151352, 0.996472, 0.027151, 0.079415, -2.362486
  DIP #31
    decl=0x0fc25260
    type=4
    baseVtx=0
    numVerts=1000
    primCount=1312
    stride0=64
    [SKINNED]
    boneStart=0
    numBones=0
    hasNormal=1
    hasTexcoord=1
    tcType=1
    tex0
     =0x1b831840
    tex1
     =0x1c144b60
    tex2
     =0x1c145000
    tex3
     =0x0fc0dda0
    tex4
     =0x1c1445a0
    tex5
     =0x4a6207e0
    tex6
     =0x4a620900
    tex7
     =0x32aa49a0
  SetVSConstF start=0
    count=72
    (large write, first 4x4):
      0.997191, 0.074904, 0.000073, -10.183733, -0.019608, 0.260100, 0.965383, -38.771358, 0.072292, -0.962672, 0.260838, 5.831299, 0.979897, 0.072142, -0.186005, -8.390448
  DIP #32
    decl=0x0fc25260
    type=4
    baseVtx=0
    numVerts=172
    primCount=242
    stride0=64
    [SKINNED]
    boneStart=0
    numBones=0
    hasNormal=1
    hasTexcoord=1
    tcType=1
    tex0
     =0x1b831840
    tex1
     =0x1c144b60
    tex2
     =0x1c145000
    tex3
     =0x0fc0dda0
    tex4
     =0x1c1445a0
    tex5
     =0x4a6207e0
    tex6
     =0x4a620900
    tex7
     =0x32aa49a0
  SetVSConstF start=0
    count=72
    (large write, first 4x4):
      0.205112, -0.631692, -0.747592, -12.202362, 0.773168, -0.363769, 0.519503, 1.862961, -0.600117, -0.684570, 0.413791, -17.089764, 0.978294, -0.109463, 0.175949, 8.054398
  DIP #33
    decl=0x0fc25260
    type=4
    baseVtx=0
    numVerts=175
    primCount=242
    stride0=64
    [SKINNED]
    boneStart=0
    numBones=0
    hasNormal=1
    hasTexcoord=1
    tcType=1
    tex0
     =0x1b831840
    tex1
     =0x1c144b60
    tex2
     =0x1c145000
    tex3
     =0x0fc0dda0
    tex4
     =0x1c1445a0
    tex5
     =0x4a6207e0
    tex6
     =0x4a620900
    tex7
     =0x32aa49a0
  SetVSConstF start=72
    count=4
    c72-c75:
  row0: -0.765483, 0.000000, -0.243681, 79.223221
  row1: -0.142258, 1.348951, 0.446880, -85.107101
  row2: 0.286516, 0.328381, -0.900041, 65.951889
  row3: 0.286516, 0.328381, -0.900041, 70.251938
  SetVSConstF start=0
    count=72
    (large write, first 4x4):
      0.989429, 0.040145, -0.139350, 4.438351, -0.048290, 0.997286, -0.055567, -44.707729, 0.136741, 0.061709, 0.988683, -2.831694, 0.989429, 0.040149, -0.139349, 4.440299
  DIP #34
    decl=0x0fc25260
    type=4
    baseVtx=0
    numVerts=73
    primCount=90
    stride0=64
    [SKINNED]
    boneStart=0
    numBones=0
    hasNormal=1
    hasTexcoord=1
    tcType=1
    tex0
     =0x1b831840
    tex1
     =0x1c144900
    tex2
     =0x1c145000
    tex3
     =0x0fc0dda0
    tex4
     =0x1c1445a0
    tex5
     =0x4a6207e0
    tex6
     =0x4a620900
    tex7
     =0x32aa49a0
  SetVSConstF start=0
    count=72
    (large write, first 4x4):
      0.995035, 0.074182, -0.066352, 1.736666, -0.079497, 0.993505, -0.081410, -44.397118, 0.059882, 0.086280, 0.994470, -4.752554, 0.989429, 0.040145, -0.139350, 4.438351
  DIP #35
    decl=0x0fc25260
    type=4
    baseVtx=0
    numVerts=368
    primCount=594
    stride0=64
    [SKINNED]
    boneStart=0
    numBones=0
    hasNormal=1
    hasTexcoord=1
    tcType=1
    tex0
     =0x1b831840
    tex1
     =0x1c144900
    tex2
     =0x1c145000
    tex3
     =0x0fc0dda0
    tex4
     =0x1c1445a0
    tex5
     =0x4a6207e0
    tex6
     =0x4a620900
    tex7
     =0x32aa49a0
  SetVSConstF start=0
    count=72
    (large write, first 4x4):
      0.998601, 0.012563, 0.051371, 4.483043, -0.030163, 0.933187, 0.358122, -39.443562, -0.043439, -0.359171, 0.932260, 16.350033, 0.992662, 0.071338, 0.097639, 3.255592
  DIP #36
    decl=0x0fc25260
    type=4
    baseVtx=0
    numVerts=866
    primCount=1132
    stride0=64
    [SKINNED]
    boneStart=0
    numBones=0
    hasNormal=1
    hasTexcoord=1
    tcType=1
    tex0
     =0x1b831840
    tex1
     =0x1c143d80
    tex2
     =0x1c145000
    tex3
     =0x0fc0dda0
    tex4
     =0x1c1445a0
    tex5
     =0x4a6207e0
    tex6
     =0x4a620900
    tex7
     =0x32aa49a0
  SetVSConstF start=0
    count=72
    (large write, first 4x4):
      0.989429, 0.040145, -0.139350, 4.438351, -0.048290, 0.997286, -0.055567, -44.707729, 0.136741, 0.061709, 0.988683, -2.831694, 0.992662, 0.071338, 0.097639, 3.255592
  DIP #37
    decl=0x0fc25260
    type=4
    baseVtx=0
    numVerts=104
    primCount=126
    stride0=64
    [SKINNED]
    boneStart=0
    numBones=0
    hasNormal=1
    hasTexcoord=1
    tcType=1
    tex0
     =0x1b831840
    tex1
     =0x1c143d80
    tex2
     =0x1c145000
    tex3
     =0x0fc0dda0
    tex4
     =0x1c1445a0
    tex5
     =0x4a6207e0
    tex6
     =0x4a620900
    tex7
     =0x32aa49a0
  SetVSConstF start=72
    count=4
    c72-c75:
  row0: -0.761245, 0.105939, -0.233724, 2.522454
  row1: -0.032220, 1.258058, 0.675173, -89.391151
  row2: 0.318636, 0.454556, -0.831775, 68.611298
  row3: 0.318636, 0.454556, -0.831775, 72.911346
  SetVSConstF start=0
    count=72
    (large write, first 4x4):
      0.982699, 0.085911, -0.164079, 0.903763, -0.054236, 0.980558, 0.188587, 1.682378, 0.177091, -0.176425, 0.968252, 1.892537, 0.982699, 0.085911, -0.164079, 0.903763
  DIP #38
    decl=0x0fc25260
    type=4
    baseVtx=0
    numVerts=505
    primCount=530
    stride0=64
    [SKINNED]
    boneStart=0
    numBones=0
    hasNormal=1
    hasTexcoord=1
    tcType=1
    tex0
     =0x1b831840
    tex1
     =0x1c160ee0
    tex2
     =0x1c145000
    tex3
     =0x0fc0dda0
    tex4
     =0x1c1445a0
    tex5
     =0x4a6207e0
    tex6
     =0x4a620900
    tex7
     =0x32aa49a0
  SetVSConstF start=0
    count=72
    (large write, first 4x4):
      0.982699, 0.085911, -0.164079, 0.903763, -0.054236, 0.980558, 0.188587, 1.682378, 0.177091, -0.176425, 0.968252, 1.892537, 0.982699, 0.085911, -0.164079, 0.903763
  DIP #39
    decl=0x0fc25260
    type=4
    baseVtx=0
    numVerts=554
    primCount=566
    stride0=64
    [SKINNED]
    boneStart=0
    numBones=0
    hasNormal=1
    hasTexcoord=1
    tcType=1
    tex0
     =0x1b831840
    tex1
     =0x1c160ee0
    tex2
     =0x1c145000
    tex3
     =0x0fc0dda0
    tex4
     =0x1c1445a0
    tex5
     =0x4a6207e0
    tex6
     =0x4a620900
    tex7
     =0x32aa49a0
  SetVS shader=0x2de7bb20
  SetVSConstF start=0
    count=8
    (large write, first 4x4):
      -0.761245, 0.105939, -0.233724, 2.522454, -0.032220, 1.258058, 0.675173, -89.391151, 0.318636, 0.454556, -0.831775, 68.611298, 0.318636, 0.454556, -0.831775, 72.911346
  SetVSConstF start=4
    count=3
  SetVSConstF start=0
    count=4
    c0-c3:
  row0: -0.765483, 0.000000, -0.243681, 52.431316
  row1: -0.142258, 1.348951, 0.446880, -198.002167
  row2: 0.286516, 0.328381, -0.900041, 49.709488
  row3: 0.286516, 0.328381, -0.900041, 54.009537
  SetVSConstF start=7
    count=1
    data: 32.907005, 113.218384, 111.790672, 0.000000
  DIP #40
    decl=0x32acc4a0
    type=4
    baseVtx=40563
    numVerts=264
    primCount=198
    stride0=56
    hasNormal=1
    hasTexcoord=1
    tcType=1
    tex0
     =0x4a620580
    tex1
     =0x4a620340
    tex2
     =0x4a6206c0
    tex3
     =0x2be41220
    tex4
     =0x4a620900
    tex5
     =0x4a6207e0
    tex6
     =0x4a620900
    tex7
     =0x32aa49a0
  SetVSConstF start=4
    count=3
  SetVSConstF start=0
    count=4
    c0-c3:
  row0: -0.765483, 0.000000, -0.243681, -41.598320
  row1: -0.142258, 1.348951, 0.446880, -47.516487
  row2: 0.286516, 0.328381, -0.900041, -9.757758
  row3: 0.286516, 0.328381, -0.900041, -5.457709
  SetVSConstF start=7
    count=1
    data: -51.093239, 33.218262, -10.209814, 0.000000
  DIP #41
    decl=0x32acc4a0
    type=4
    baseVtx=40563
    numVerts=114
    primCount=94
    stride0=56
    hasNormal=1
    hasTexcoord=1
    tcType=1
    tex0
     =0x4a620580
    tex1
     =0x4a620340
    tex2
     =0x4a6206c0
    tex3
     =0x2be41220
    tex4
     =0x4a620900
    tex5
     =0x4a6207e0
    tex6
     =0x4a620900
    tex7
     =0x32aa49a0
  SetVSConstF start=4
    count=3
  SetVSConstF start=0
    count=4
    c0-c3:
  row0: -0.765483, 0.000000, -0.243681, 52.431316
  row1: -0.142258, 1.348951, 0.446880, -198.002167
  row2: 0.286516, 0.328381, -0.900041, 49.709488
  row3: 0.286516, 0.328381, -0.900041, 54.009537
  SetVSConstF start=7
    count=1
    data: 32.907005, 113.218384, 111.790672, 0.000000
  DIP #42
    decl=0x32acc4a0
    type=4
    baseVtx=40941
    numVerts=409
    primCount=352
    stride0=56
    hasNormal=1
    hasTexcoord=1
    tcType=1
    tex0
     =0x4a620580
    tex1
     =0x0fcb51a0
    tex2
     =0x4a6206c0
    tex3
     =0x2be41220
    tex4
     =0x4a620900
    tex5
     =0x4a6207e0
    tex6
     =0x4a620900
    tex7
     =0x32aa49a0
  SetVS shader=0x1c15eb00
  SetVSConstF start=0
    count=4
    c0-c3:
  row0: -0.765483, 0.000000, -0.243681, 52.431316
  row1: -0.142258, 1.348951, 0.446880, -198.002167
  row2: 0.286516, 0.328381, -0.900041, 49.709488
  row3: 0.286516, 0.328381, -0.900041, 54.009537
  SetVSConstF start=0
    count=4
    c0-c3:
  row0: 0.243681, 0.000000, -0.765483, -2410.171387
  row1: -0.446880, 1.348951, -0.142258, 3004.221924
  row2: 0.900041, 0.328381, 0.286516, -1722.258301
  row3: 0.900041, 0.328381, 0.286516, -1717.958252
  DIP #43
    decl=0x32acc4a0
    type=4
    baseVtx=252223
    numVerts=18
    primCount=12
    stride0=56
    hasNormal=1
    hasTexcoord=1
    tcType=1
    tex0
     =0x32aa4f60
    tex1
     =0x0fcb51a0
    tex2
     =0x4a6206c0
    tex3
     =0x2be41220
    tex4
     =0x4a620900
    tex5
     =0x4a6207e0
    tex6
     =0x4a620900
    tex7
     =0x32aa49a0
  DIP #44
    decl=0x32acc4a0
    type=4
    baseVtx=250219
    numVerts=120
    primCount=90
    stride0=56
    hasNormal=1
    hasTexcoord=1
    tcType=1
    tex0
     =0x0fcb51a0
    tex1
     =0x0fcb51a0
    tex2
     =0x4a6206c0
    tex3
     =0x2be41220
    tex4
     =0x4a620900
    tex5
     =0x4a6207e0
    tex6
     =0x4a620900
    tex7
     =0x32aa49a0
  SetVS shader=0x1c159ca0
  SetVSConstF start=0
    count=4
    c0-c3:
  row0: 0.243681, 0.000000, -0.765483, -2410.171387
  row1: -0.446880, 1.348951, -0.142258, 3004.221924
  row2: 0.900041, 0.328381, 0.286516, -1722.258301
  row3: 0.900041, 0.328381, 0.286516, -1717.958252
  DIP #45
    decl=0x32acd040
    type=4
    baseVtx=404900
    numVerts=142
    primCount=71
    stride0=36
    hasNormal=1
    hasTexcoord=1
    tcType=1
    tex0
     =0x39e24200
    tex1
     =0x0fcb51a0
    tex2
     =0x4a6206c0
    tex3
     =0x2be41220
    tex4
     =0x4a620900
    tex5
     =0x4a6207e0
    tex6
     =0x4a620900
    tex7
     =0x32aa49a0
  DIP #46
    decl=0x32acd040
    type=4
    baseVtx=401348
    numVerts=8
    primCount=4
    stride0=36
    hasNormal=1
    hasTexcoord=1
    tcType=1
    tex0
     =0x39e255a0
    tex1
     =0x0fcb51a0
    tex2
     =0x4a6206c0
    tex3
     =0x2be41220
    tex4
     =0x4a620900
    tex5
     =0x4a6207e0
    tex6
     =0x4a620900
    tex7
     =0x32aa49a0
  DIP #47
    decl=0x32acd040
    type=4
    baseVtx=392688
    numVerts=1717
    primCount=951
    stride0=36
    hasNormal=1
    hasTexcoord=1
    tcType=1
    tex0
     =0x39e25220
    tex1
     =0x0fcb51a0
    tex2
     =0x4a6206c0
    tex3
     =0x2be41220
    tex4
     =0x4a620900
    tex5
     =0x4a6207e0
    tex6
     =0x4a620900
    tex7
     =0x32aa49a0
  DIP #48
    decl=0x32acd040
    type=4
    baseVtx=399299
    numVerts=518
    primCount=276
    stride0=36
    hasNormal=1
    hasTexcoord=1
    tcType=1
    tex0
     =0x39e240c0
    tex1
     =0x0fcb51a0
    tex2
     =0x4a6206c0
    tex3
     =0x2be41220
    tex4
     =0x4a620900
    tex5
     =0x4a6207e0
    tex6
     =0x4a620900
    tex7
     =0x32aa49a0
  DIP #49
    decl=0x32acd040
    type=4
    baseVtx=401305
    numVerts=8
    primCount=6
    stride0=36
    hasNormal=1
    hasTexcoord=1
    tcType=1
    tex0
     =0x39e24d80
    tex1
     =0x0fcb51a0
    tex2
     =0x4a6206c0
    tex3
     =0x2be41220
    tex4
     =0x4a620900
    tex5
     =0x4a6207e0
    tex6
     =0x4a620900
    tex7
     =0x32aa49a0
  DIP #50
    decl=0x32acd040
    type=4
    baseVtx=401424
    numVerts=4
    primCount=2
    stride0=36
    hasNormal=1
    hasTexcoord=1
    tcType=1
    tex0
     =0x39e24ea0
    tex1
     =0x0fcb51a0
    tex2
     =0x4a6206c0
    tex3
     =0x2be41220
    tex4
     =0x4a620900
    tex5
     =0x4a6207e0
    tex6
     =0x4a620900
    tex7
     =0x32aa49a0
  DIP #51
    decl=0x32acd040
    type=4
    baseVtx=401424
    numVerts=19
    primCount=11
    stride0=36
    hasNormal=1
    hasTexcoord=1
    tcType=1
    tex0
     =0x39e24ea0
    tex1
     =0x0fcb51a0
    tex2
     =0x4a6206c0
    tex3
     =0x2be41220
    tex4
     =0x4a620900
    tex5
     =0x4a6207e0
    tex6
     =0x4a620900
    tex7
     =0x32aa49a0
  DIP #52
    decl=0x32acd040
    type=4
    baseVtx=401486
    numVerts=15
    primCount=11
    stride0=36
    hasNormal=1
    hasTexcoord=1
    tcType=1
    tex0
     =0x39e25ee0
    tex1
     =0x0fcb51a0
    tex2
     =0x4a6206c0
    tex3
     =0x2be41220
    tex4
     =0x4a620900
    tex5
     =0x4a6207e0
    tex6
     =0x4a620900
    tex7
     =0x32aa49a0
  DIP #53
    decl=0x32acd040
    type=4
    baseVtx=401530
    numVerts=1070
    primCount=538
    stride0=36
    hasNormal=1
    hasTexcoord=1
    tcType=1
    tex0
     =0x39e23b00
    tex1
     =0x0fcb51a0
    tex2
     =0x4a6206c0
    tex3
     =0x2be41220
    tex4
     =0x4a620900
    tex5
     =0x4a6207e0
    tex6
     =0x4a620900
    tex7
     =0x32aa49a0
  DIP #54
    decl=0x32acd040
    type=4
    baseVtx=407406
    numVerts=43
    primCount=23
    stride0=36
    hasNormal=1
    hasTexcoord=1
    tcType=1
    tex0
     =0x39e24560
    tex1
     =0x0fcb51a0
    tex2
     =0x4a6206c0
    tex3
     =0x2be41220
    tex4
     =0x4a620900
    tex5
     =0x4a6207e0
    tex6
     =0x4a620900
    tex7
     =0x32aa49a0
  DIP #55
    decl=0x32acd040
    type=4
    baseVtx=392512
    numVerts=40
    primCount=24
    stride0=36
    hasNormal=1
    hasTexcoord=1
    tcType=1
    tex0
     =0x39e24b40
    tex1
     =0x0fcb51a0
    tex2
     =0x4a6206c0
    tex3
     =0x2be41220
    tex4
     =0x4a620900
    tex5
     =0x4a6207e0
    tex6
     =0x4a620900
    tex7
     =0x32aa49a0
  DIP #56
    decl=0x32acd040
    type=4
    baseVtx=421173
    numVerts=598
    primCount=452
    stride0=36
    hasNormal=1
    hasTexcoord=1
    tcType=1
    tex0
     =0x4a624640
    tex1
     =0x0fcb51a0
    tex2
     =0x4a6206c0
    tex3
     =0x2be41220
    tex4
     =0x4a620900
    tex5
     =0x4a6207e0
    tex6
     =0x4a620900
    tex7
     =0x32aa49a0
  DIP #57
    decl=0x32acd040
    type=4
    baseVtx=422924
    numVerts=594
    primCount=456
    stride0=36
    hasNormal=1
    hasTexcoord=1
    tcType=1
    tex0
     =0x4a624d40
    tex1
     =0x0fcb51a0
    tex2
     =0x4a6206c0
    tex3
     =0x2be41220
    tex4
     =0x4a620900
    tex5
     =0x4a6207e0
    tex6
     =0x4a620900
    tex7
     =0x32aa49a0
  DIP #58
    decl=0x32acd040
    type=4
    baseVtx=425672
    numVerts=637
    primCount=418
    stride0=36
    hasNormal=1
    hasTexcoord=1
    tcType=1
    tex0
     =0x4a623ac0
    tex1
     =0x0fcb51a0
    tex2
     =0x4a6206c0
    tex3
     =0x2be41220
    tex4
     =0x4a620900
    tex5
     =0x4a6207e0
    tex6
     =0x4a620900
    tex7
     =0x32aa49a0
  SetVS shader=0x2de76f20
  SetVSConstF start=0
    count=5
    (large write, first 4x4):
      0.243681, 0.000000, -0.765483, -2410.171387, -0.446880, 1.348951, -0.142258, 3004.221924, 0.900041, 0.328381, 0.286516, -1722.258301, 0.900041, 0.328381, 0.286516, -1717.958252
  DIP #59
    decl=0x32acc4a0
    type=4
    baseVtx=3403
    numVerts=3125
    primCount=1589
    stride0=56
    hasNormal=1
    hasTexcoord=1
    tcType=1
    tex0
     =0x2de7f0e0
    tex1
     =0x0fcb51a0
    tex2
     =0x2de80100
    tex3
     =0x2be41220
    tex4
     =0x4a620900
    tex5
     =0x4a6207e0
    tex6
     =0x4a620900
    tex7
     =0x32aa49a0
  DIP #60
    decl=0x32acc4a0
    type=4
    baseVtx=22695
    numVerts=8
    primCount=4
    stride0=56
    hasNormal=1
    hasTexcoord=1
    tcType=1
    tex0
     =0x32aa7460
    tex1
     =0x0fcb51a0
    tex2
     =0x32aa84a0
    tex3
     =0x2be41220
    tex4
     =0x4a620900
    tex5
     =0x4a6207e0
    tex6
     =0x4a620900
    tex7
     =0x32aa49a0
  DIP #61
    decl=0x32acc4a0
    type=4
    baseVtx=22079
    numVerts=55
    primCount=37
    stride0=56
    hasNormal=1
    hasTexcoord=1
    tcType=1
    tex0
     =0x32aa7da0
    tex1
     =0x0fcb51a0
    tex2
     =0x32aa7580
    tex3
     =0x2be41220
    tex4
     =0x4a620900
    tex5
     =0x4a6207e0
    tex6
     =0x4a620900
    tex7
     =0x32aa49a0
  DIP #62
    decl=0x32acc4a0
    type=4
    baseVtx=22743
    numVerts=306
    primCount=239
    stride0=56
    hasNormal=1
    hasTexcoord=1
    tcType=1
    tex0
     =0x32a9eac0
    tex1
     =0x0fcb51a0
    tex2
     =0x32a9e3e0
    tex3
     =0x2be41220
    tex4
     =0x4a620900
    tex5
     =0x4a6207e0
    tex6
     =0x4a620900
    tex7
     =0x32aa49a0
  SetVS shader=0x2de7a960
  SetVSConstF start=4
    count=1
    data: 0.500488, 0.500488, 0.000000, 0.000000
  SetVSConstF start=6
    count=2
    data: 0.500977, 0.499023, 0.000000, 0.000000, 0.000000, 0.000000, 0.000000, 0.000000
  SetVSConstF start=0
    count=4
    c0-c3:
  row0: 0.243681, 0.000000, -0.765483, -2410.171387
  row1: -0.446880, 1.348951, -0.142258, 3004.221924
  row2: 0.900041, 0.328381, 0.286516, -1722.258301
  row3: 0.900041, 0.328381, 0.286516, -1717.958252
  SetVSConstF start=0
    count=4
    c0-c3:
  row0: -0.765483, 0.000000, -0.243681, 52.431316
  row1: -0.142258, 1.348951, 0.446880, -198.002167
  row2: 0.286516, 0.328381, -0.900041, 49.709488
  row3: 0.286516, 0.328381, -0.900041, 54.009537
  SetVSConstF start=4
    count=1
    data: 0.500488, 0.500488, 0.000000, 0.000000
  SetVSConstF start=6
    count=2
    data: 0.500977, 0.499023, 0.000000, 0.000000, 0.000000, 0.000000, 0.000000, 0.000000
  DIP #63
    decl=0x32acc4a0
    type=4
    baseVtx=25520
    numVerts=31
    primCount=27
    stride0=56
    hasNormal=1
    hasTexcoord=1
    tcType=1
    tex0
     =0x04d4dbe0
    tex1
     =0x1bf502a0
    tex2
     =0x32a9e3e0
    tex3
     =0x2be41220
    tex4
     =0x4a620900
    tex5
     =0x4a6207e0
    tex6
     =0x4a620900
    tex7
     =0x32aa49a0
  SetVSConstF start=0
    count=4
    c0-c3:
  row0: -0.765483, 0.000000, -0.243681, -41.598320
  row1: -0.142258, 1.348951, 0.446880, -47.516487
  row2: 0.286516, 0.328381, -0.900041, -9.757758
  row3: 0.286516, 0.328381, -0.900041, -5.457709
  DIP #64
    decl=0x32acc4a0
    type=4
    baseVtx=25520
    numVerts=16
    primCount=14
    stride0=56
    hasNormal=1
    hasTexcoord=1
    tcType=1
    tex0
     =0x04d4dbe0
    tex1
     =0x1bf502a0
    tex2
     =0x32a9e3e0
    tex3
     =0x2be41220
    tex4
     =0x4a620900
    tex5
     =0x4a6207e0
    tex6
     =0x4a620900
    tex7
     =0x32aa49a0
  SetVS shader=0x0f7b3540
  SetVSConstF start=0
    count=7
    (large write, first 4x4):
      -0.765483, 0.000000, -0.243681, -41.598320, -0.142258, 1.348951, 0.446880, -47.516487, 0.286516, 0.328381, -0.900041, -9.757758, 0.286516, 0.328381, -0.900041, -5.457709
  SetVSConstF start=4
    count=1
    data: 3166.330078, -1456.000000, -2190.000000, 0.000000
  SetVSConstF start=5
    count=1
    data: 0.010000, 0.000000, 0.000000, 0.000000
  SetVSConstF start=0
    count=4
    c0-c3:
  row0: 0.243681, 0.000000, -0.765483, -2410.171387
  row1: -0.446880, 1.348951, -0.142258, 3004.221924
  row2: 0.900041, 0.328381, 0.286516, -1722.258301
  row3: 0.900041, 0.328381, 0.286516, -1717.958252
  SetVSConstF start=6
    count=1
    data: 3114.538818, -1422.781250, -2157.092773, 0.000000
  DIP #65
    decl=0x32acc4a0
    type=4
    baseVtx=110797
    numVerts=329
    primCount=233
    stride0=56
    hasNormal=1
    hasTexcoord=1
    tcType=1
    tex0
     =0x2de82bc0
    tex1
     =0x2de84660
    tex2
     =0x2de840a0
    tex3
     =0x2be41220
    tex4
     =0x4a620900
    tex5
     =0x4a6207e0
    tex6
     =0x4a620900
    tex7
     =0x32aa49a0
  DIP #66
    decl=0x32acc4a0
    type=4
    baseVtx=110455
    numVerts=13
    primCount=11
    stride0=56
    hasNormal=1
    hasTexcoord=1
    tcType=1
    tex0
     =0x2de82160
    tex1
     =0x2de80920
    tex2
     =0x2de81cc0
    tex3
     =0x2be41220
    tex4
     =0x4a620900
    tex5
     =0x4a6207e0
    tex6
     =0x4a620900
    tex7
     =0x32aa49a0
  DIP #67
    decl=0x32acc4a0
    type=4
    baseVtx=111858
    numVerts=359
    primCount=199
    stride0=56
    hasNormal=1
    hasTexcoord=1
    tcType=1
    tex0
     =0x2de82e20
    tex1
     =0x2de84b00
    tex2
     =0x2de840a0
    tex3
     =0x2be41220
    tex4
     =0x4a620900
    tex5
     =0x4a6207e0
    tex6
     =0x4a620900
    tex7
     =0x32aa49a0
  DIP #68
    decl=0x32acc4a0
    type=4
    baseVtx=139094
    numVerts=21
    primCount=13
    stride0=56
    hasNormal=1
    hasTexcoord=1
    tcType=1
    tex0
     =0x2de7e660
    tex1
     =0x2de7f320
    tex2
     =0x2de7e8c0
    tex3
     =0x2be41220
    tex4
     =0x4a620900
    tex5
     =0x4a6207e0
    tex6
     =0x4a620900
    tex7
     =0x32aa49a0
  SetVSConstF start=4
    count=1
    data: -0.000202, 79.999634, 59.999405, 0.000000
  SetVSConstF start=5
    count=1
    data: 0.010000, 0.000000, 0.000000, 0.000000
  SetVSConstF start=0
    count=4
    c0-c3:
  row0: -0.765483, 0.000000, -0.243681, 52.431316
  row1: -0.142258, 1.348951, 0.446880, -198.002167
  row2: 0.286516, 0.328381, -0.900041, 49.709488
  row3: 0.286516, 0.328381, -0.900041, 54.009537
  SetVSConstF start=6
    count=1
    data: 32.907005, 113.218384, 111.790672, 0.000000
  DIP #69
    decl=0x32acc4a0
    type=4
    baseVtx=245195
    numVerts=261
    primCount=244
    stride0=56
    hasNormal=1
    hasTexcoord=1
    tcType=1
    tex0
     =0x4a623180
    tex1
     =0x4a6224c0
    tex2
     =0x4a622960
    tex3
     =0x2be41220
    tex4
     =0x4a620900
    tex5
     =0x4a6207e0
    tex6
     =0x4a620900
    tex7
     =0x32aa49a0
  DIP #70
    decl=0x32acc4a0
    type=4
    baseVtx=244936
    numVerts=259
    primCount=165
    stride0=56
    hasNormal=1
    hasTexcoord=1
    tcType=1
    tex0
     =0x4a620460
    tex1
     =0x4a61ffc0
    tex2
     =0x4a620da0
    tex3
     =0x2be41220
    tex4
     =0x4a620900
    tex5
     =0x4a6207e0
    tex6
     =0x4a620900
    tex7
     =0x32aa49a0
  DIP #71
    decl=0x32acc4a0
    type=4
    baseVtx=245456
    numVerts=4
    primCount=2
    stride0=56
    hasNormal=1
    hasTexcoord=1
    tcType=1
    tex0
     =0x0fcb51a0
    tex1
     =0x1bf959e0
    tex2
     =0x0f79a860
    tex3
     =0x2be41220
    tex4
     =0x4a620900
    tex5
     =0x4a6207e0
    tex6
     =0x4a620900
    tex7
     =0x32aa49a0
  SetVS shader=0x0fb3dd60
  SetVSConstF start=0
    count=7
    (large write, first 4x4):
      -0.765483, 0.000000, -0.243681, 52.431316, -0.142258, 1.348951, 0.446880, -198.002167, 0.286516, 0.328381, -0.900041, 49.709488, 0.286516, 0.328381, -0.900041, 54.009537
  SetVSConstF start=4
    count=1
    data: 3166.330078, -1456.000000, -2190.000000, 0.000000
  SetVSConstF start=5
    count=1
    data: 0.010000, 0.000000, 0.000000, 0.000000
  SetVSConstF start=0
    count=4
    c0-c3:
  row0: 0.243681, 0.000000, -0.765483, -2410.171387
  row1: -0.446880, 1.348951, -0.142258, 3004.221924
  row2: 0.900041, 0.328381, 0.286516, -1722.258301
  row3: 0.900041, 0.328381, 0.286516, -1717.958252
  SetVSConstF start=6
    count=1
    data: 3114.538818, -1422.781250, -2157.092773, 0.000000
  DIP #72
    decl=0x32acc4a0
    type=4
    baseVtx=44654
    numVerts=39
    primCount=21
    stride0=56
    hasNormal=1
    hasTexcoord=1
    tcType=1
    tex0
     =0x0f79a620
    tex1
     =0x0fcb51a0
    tex2
     =0x0f79a860
    tex3
     =0x2be41220
    tex4
     =0x4a620900
    tex5
     =0x4a6207e0
    tex6
     =0x4a620900
    tex7
     =0x32aa49a0
  SetVSConstF start=4
    count=1
    data: -0.000202, 79.999634, 59.999405, 0.000000
  SetVSConstF start=5
    count=1
    data: 0.010000, 0.000000, 0.000000, 0.000000
  SetVSConstF start=0
    count=4
    c0-c3:
  row0: -0.765483, 0.000000, -0.243681, 52.431316
  row1: -0.142258, 1.348951, 0.446880, -198.002167
  row2: 0.286516, 0.328381, -0.900041, 49.709488
  row3: 0.286516, 0.328381, -0.900041, 54.009537
  SetVSConstF start=6
    count=1
    data: 32.907005, 113.218384, 111.790672, 0.000000
  DIP #73
    decl=0x32acc4a0
    type=4
    baseVtx=105089
    numVerts=763
    primCount=616
    stride0=56
    hasNormal=1
    hasTexcoord=1
    tcType=1
    tex0
     =0x4a61e9c0
    tex1
     =0x4a61efa0
    tex2
     =0x4a61f1e0
    tex3
     =0x2be41220
    tex4
     =0x4a620900
    tex5
     =0x4a6207e0
    tex6
     =0x4a620900
    tex7
     =0x32aa49a0
  SetVSConstF start=4
    count=1
    data: -84.000443, -0.000488, -62.001083, 0.000000
  SetVSConstF start=5
    count=1
    data: 0.010000, 0.000000, 0.000000, 0.000000
  SetVSConstF start=0
    count=4
    c0-c3:
  row0: -0.765483, 0.000000, -0.243681, -41.598320
  row1: -0.142258, 1.348951, 0.446880, -47.516487
  row2: 0.286516, 0.328381, -0.900041, -9.757758
  row3: 0.286516, 0.328381, -0.900041, -5.457709
  SetVSConstF start=6
    count=1
    data: -51.093239, 33.218262, -10.209814, 0.000000
  DIP #74
    decl=0x32acc4a0
    type=4
    baseVtx=105089
    numVerts=29
    primCount=22
    stride0=56
    hasNormal=1
    hasTexcoord=1
    tcType=1
    tex0
     =0x4a61e9c0
    tex1
     =0x4a61efa0
    tex2
     =0x4a61f1e0
    tex3
     =0x2be41220
    tex4
     =0x4a620900
    tex5
     =0x4a6207e0
    tex6
     =0x4a620900
    tex7
     =0x32aa49a0
  SetVSConstF start=4
    count=1
    data: -0.000202, 79.999634, 59.999405, 0.000000
  SetVSConstF start=5
    count=1
    data: 0.010000, 0.000000, 0.000000, 0.000000
  SetVSConstF start=0
    count=4
    c0-c3:
  row0: -0.765483, 0.000000, -0.243681, 52.431316
  row1: -0.142258, 1.348951, 0.446880, -198.002167
  row2: 0.286516, 0.328381, -0.900041, 49.709488
  row3: 0.286516, 0.328381, -0.900041, 54.009537
  SetVSConstF start=6
    count=1
    data: 32.907005, 113.218384, 111.790672, 0.000000
  DIP #75
    decl=0x32acc4a0
    type=4
    baseVtx=105881
    numVerts=352
    primCount=288
    stride0=56
    hasNormal=1
    hasTexcoord=1
    tcType=1
    tex0
     =0x4a6215c0
    tex1
     =0x4a6225e0
    tex2
     =0x4a622f20
    tex3
     =0x2be41220
    tex4
     =0x4a620900
    tex5
     =0x4a6207e0
    tex6
     =0x4a620900
    tex7
     =0x32aa49a0
  SetVS shader=0x2d32ba80
  SetVSConstF start=0
    count=82
    (large write, first 4x4):
      0.982699, 0.085911, -0.164079, 0.903763, -0.054236, 0.980558, 0.188587, 1.682378, 0.177091, -0.176425, 0.968252, 1.892537, 0.982699, 0.085911, -0.164079, 0.903763
  SetVSConstF start=79
    count=1
    data: -34.999958, -20.000000, 49.999893, 0.000000
  SetVSConstF start=80
    count=1
    data: 0.010000, 0.000000, 0.000000, 0.000000
  SetVSConstF start=76
    count=3
  SetVSConstF start=72
    count=4
    c72-c75:
  row0: -0.765483, 0.000000, -0.243681, 23.202618
  row1: -0.142258, 1.348951, 0.446880, -63.617352
  row2: 0.286516, 0.328381, -0.900041, 83.575211
  row3: 0.286516, 0.328381, -0.900041, 87.875259
  SetVSConstF start=81
    count=1
    data: -2.092752, 13.218750, 101.791161, 0.000000
  SetVSConstF start=0
    count=72
    (large write, first 4x4):
      0.994728, 0.029964, -0.098072, -3.915786, 0.043220, 0.744766, 0.665925, -53.885868, 0.092994, -0.666653, 0.739544, 10.028957, 0.989146, 0.049622, -0.138307, -5.442350
  DIP #76
    decl=0x0fc25260
    type=4
    baseVtx=0
    numVerts=240
    primCount=394
    stride0=64
    [SKINNED]
    boneStart=0
    numBones=0
    hasNormal=1
    hasTexcoord=1
    tcType=1
    tex0
     =0x1c143a00
    tex1
     =0x1c144220
    tex2
     =0x1c145000
    tex3
     =0x0fc0dda0
    tex4
     =0x1c1445a0
    tex5
     =0x4a6207e0
    tex6
     =0x4a620900
    tex7
     =0x32aa49a0
  SetVS shader=0x1bc1d6c0
  SetVSConstF start=0
    count=79
    (large write, first 4x4):
      0.994728, 0.029964, -0.098072, -3.915786, 0.043220, 0.744766, 0.665925, -53.885868, 0.092994, -0.666653, 0.739544, 10.028957, 0.989146, 0.049622, -0.138307, -5.442350
  SetVSConstF start=76
    count=1
    data: 35.000042, 0.000000, 59.999893, 0.000000
  SetVSConstF start=77
    count=1
    data: 0.010000, 0.000000, 0.000000, 0.000000
  SetVSConstF start=72
    count=4
    c72-c75:
  row0: -0.765483, 0.000000, -0.243681, 79.223221
  row1: -0.142258, 1.348951, 0.446880, -85.107101
  row2: 0.286516, 0.328381, -0.900041, 65.951889
  row3: 0.286516, 0.328381, -0.900041, 70.251938
  SetVSConstF start=78
    count=1
    data: 67.907249, 33.218750, 111.791161, 0.000000
  SetVSConstF start=0
    count=72
    (large write, first 4x4):
      0.873425, -0.424797, -0.238069, 14.570072, 0.356803, 0.225570, 0.906537, -0.337081, -0.331393, -0.876736, 0.348587, 38.218582, 0.833703, -0.448086, 0.322735, 4.670359
  DIP #77
    decl=0x0fc25260
    type=4
    baseVtx=0
    numVerts=376
    primCount=488
    stride0=64
    [SKINNED]
    boneStart=0
    numBones=0
    hasNormal=1
    hasTexcoord=1
    tcType=1
    tex0
     =0x1bb6f000
    tex1
     =0x1bb6ff20
    tex2
     =0x1bb6e6c0
    tex3
     =0x0fc0dda0
    tex4
     =0x1c1445a0
    tex5
     =0x4a6207e0
    tex6
     =0x4a620900
    tex7
     =0x32aa49a0
  SetVSConstF start=76
    count=1
    data: -34.999958, -20.000000, 49.999893, 0.000000
  SetVSConstF start=77
    count=1
    data: 0.010000, 0.000000, 0.000000, 0.000000
  SetVSConstF start=72
    count=4
    c72-c75:
  row0: -0.765483, 0.000000, -0.243681, 23.202618
  row1: -0.142258, 1.348951, 0.446880, -63.617352
  row2: 0.286516, 0.328381, -0.900041, 83.575211
  row3: 0.286516, 0.328381, -0.900041, 87.875259
  SetVSConstF start=78
    count=1
    data: -2.092752, 13.218750, 101.791161, 0.000000
  SetVSConstF start=0
    count=72
    (large write, first 4x4):
      0.998751, -0.046274, 0.018850, -0.659320, 0.025584, 0.797654, 0.602573, -58.044285, -0.042919, -0.601338, 0.797841, 6.151352, 0.996472, 0.027151, 0.079415, -2.362486
  DIP #78
    decl=0x0fc25260
    type=4
    baseVtx=0
    numVerts=1000
    primCount=1312
    stride0=64
    [SKINNED]
    boneStart=0
    numBones=0
    hasNormal=1
    hasTexcoord=1
    tcType=1
    tex0
     =0x1c144b60
    tex1
     =0x1c144340
    tex2
     =0x1c143ea0
    tex3
     =0x0fc0dda0
    tex4
     =0x1c1445a0
    tex5
     =0x4a6207e0
    tex6
     =0x4a620900
    tex7
     =0x32aa49a0
  SetVSConstF start=0
    count=72
    (large write, first 4x4):
      0.997191, 0.074904, 0.000073, -10.183733, -0.019608, 0.260100, 0.965383, -38.771358, 0.072292, -0.962672, 0.260838, 5.831299, 0.979897, 0.072142, -0.186005, -8.390448
  DIP #79
    decl=0x0fc25260
    type=4
    baseVtx=0
    numVerts=172
    primCount=242
    stride0=64
    [SKINNED]
    boneStart=0
    numBones=0
    hasNormal=1
    hasTexcoord=1
    tcType=1
    tex0
     =0x1c144b60
    tex1
     =0x1c144340
    tex2
     =0x1c143ea0
    tex3
     =0x0fc0dda0
    tex4
     =0x1c1445a0
    tex5
     =0x4a6207e0
    tex6
     =0x4a620900
    tex7
     =0x32aa49a0
  SetVSConstF start=0
    count=72
    (large write, first 4x4):
      0.205112, -0.631692, -0.747592, -12.202362, 0.773168, -0.363769, 0.519503, 1.862961, -0.600117, -0.684570, 0.413791, -17.089764, 0.978294, -0.109463, 0.175949, 8.054398
  DIP #80
    decl=0x0fc25260
    type=4
    baseVtx=0
    numVerts=175
    primCount=242
    stride0=64
    [SKINNED]
    boneStart=0
    numBones=0
    hasNormal=1
    hasTexcoord=1
    tcType=1
    tex0
     =0x1c144b60
    tex1
     =0x1c144340
    tex2
     =0x1c143ea0
    tex3
     =0x0fc0dda0
    tex4
     =0x1c1445a0
    tex5
     =0x4a6207e0
    tex6
     =0x4a620900
    tex7
     =0x32aa49a0
  SetVSConstF start=76
    count=1
    data: 35.000042, 0.000000, 59.999893, 0.000000
  SetVSConstF start=77
    count=1
    data: 0.010000, 0.000000, 0.000000, 0.000000
  SetVSConstF start=72
    count=4
    c72-c75:
  row0: -0.765483, 0.000000, -0.243681, 79.223221
  row1: -0.142258, 1.348951, 0.446880, -85.107101
  row2: 0.286516, 0.328381, -0.900041, 65.951889
  row3: 0.286516, 0.328381, -0.900041, 70.251938
  SetVSConstF start=78
    count=1
    data: 67.907249, 33.218750, 111.791161, 0.000000
  SetVSConstF start=0
    count=72
    (large write, first 4x4):
      0.989429, 0.040145, -0.139350, 4.438351, -0.048290, 0.997286, -0.055567, -44.707729, 0.136741, 0.061709, 0.988683, -2.831694, 0.989429, 0.040149, -0.139349, 4.440299
  DIP #81
    decl=0x0fc25260
    type=4
    baseVtx=0
    numVerts=73
    primCount=90
    stride0=64
    [SKINNED]
    boneStart=0
    numBones=0
    hasNormal=1
    hasTexcoord=1
    tcType=1
    tex0
     =0x1c144900
    tex1
     =0x1c143c60
    tex2
     =0x1c144c80
    tex3
     =0x0fc0dda0
    tex4
     =0x1c1445a0
    tex5
     =0x4a6207e0
    tex6
     =0x4a620900
    tex7
     =0x32aa49a0
  SetVSConstF start=0
    count=72
    (large write, first 4x4):
      0.995035, 0.074182, -0.066352, 1.736666, -0.079497, 0.993505, -0.081410, -44.397118, 0.059882, 0.086280, 0.994470, -4.752554, 0.989429, 0.040145, -0.139350, 4.438351
  DIP #82
    decl=0x0fc25260
    type=4
    baseVtx=0
    numVerts=368
    primCount=594
    stride0=64
    [SKINNED]
    boneStart=0
    numBones=0
    hasNormal=1
    hasTexcoord=1
    tcType=1
    tex0
     =0x1c144900
    tex1
     =0x1c143c60
    tex2
     =0x1c144c80
    tex3
     =0x0fc0dda0
    tex4
     =0x1c1445a0
    tex5
     =0x4a6207e0
    tex6
     =0x4a620900
    tex7
     =0x32aa49a0
  SetVSConstF start=0
    count=72
    (large write, first 4x4):
      0.998601, 0.012563, 0.051371, 4.483043, -0.030163, 0.933187, 0.358122, -39.443562, -0.043439, -0.359171, 0.932260, 16.350033, 0.992662, 0.071338, 0.097639, 3.255592
  DIP #83
    decl=0x0fc25260
    type=4
    baseVtx=0
    numVerts=866
    primCount=1132
    stride0=64
    [SKINNED]
    boneStart=0
    numBones=0
    hasNormal=1
    hasTexcoord=1
    tcType=1
    tex0
     =0x1c143d80
    tex1
     =0x1c144460
    tex2
     =0x1bd108a0
    tex3
     =0x0fc0dda0
    tex4
     =0x1c1445a0
    tex5
     =0x4a6207e0
    tex6
     =0x4a620900
    tex7
     =0x32aa49a0
  SetVSConstF start=0
    count=72
    (large write, first 4x4):
      0.989429, 0.040145, -0.139350, 4.438351, -0.048290, 0.997286, -0.055567, -44.707729, 0.136741, 0.061709, 0.988683, -2.831694, 0.992662, 0.071338, 0.097639, 3.255592
  DIP #84
    decl=0x0fc25260
    type=4
    baseVtx=0
    numVerts=104
    primCount=126
    stride0=64
    [SKINNED]
    boneStart=0
    numBones=0
    hasNormal=1
    hasTexcoord=1
    tcType=1
    tex0
     =0x1c143d80
    tex1
     =0x1c144460
    tex2
     =0x1bd108a0
    tex3
     =0x0fc0dda0
    tex4
     =0x1c1445a0
    tex5
     =0x4a6207e0
    tex6
     =0x4a620900
    tex7
     =0x32aa49a0
  SetVSConstF start=76
    count=1
    data: -56.897495, 0.704948, 34.654442, 0.000000
  SetVSConstF start=77
    count=1
    data: 0.010000, 0.000000, 0.000000, 0.000000
  SetVSConstF start=72
    count=4
    c72-c75:
  row0: -0.761245, 0.105939, -0.233724, 2.522454
  row1: -0.032220, 1.258058, 0.675173, -89.391151
  row2: 0.318636, 0.454556, -0.831775, 68.611298
  row3: 0.318636, 0.454556, -0.831775, 72.911346
  SetVSConstF start=78
    count=1
    data: -21.668905, 21.581522, 91.150642, 0.000000
  SetVSConstF start=0
    count=72
    (large write, first 4x4):
      0.982699, 0.085911, -0.164079, 0.903763, -0.054236, 0.980558, 0.188587, 1.682378, 0.177091, -0.176425, 0.968252, 1.892537, 0.982699, 0.085911, -0.164079, 0.903763
  DIP #85
    decl=0x0fc25260
    type=4
    baseVtx=0
    numVerts=505
    primCount=530
    stride0=64
    [SKINNED]
    boneStart=0
    numBones=0
    hasNormal=1
    hasTexcoord=1
    tcType=1
    tex0
     =0x1c160ee0
    tex1
     =0x1c1616e0
    tex2
     =0x1c160340
    tex3
     =0x0fc0dda0
    tex4
     =0x1c1445a0
    tex5
     =0x4a6207e0
    tex6
     =0x4a620900
    tex7
     =0x32aa49a0
  SetVSConstF start=0
    count=72
    (large write, first 4x4):
      0.982699, 0.085911, -0.164079, 0.903763, -0.054236, 0.980558, 0.188587, 1.682378, 0.177091, -0.176425, 0.968252, 1.892537, 0.982699, 0.085911, -0.164079, 0.903763
  DIP #86
    decl=0x0fc25260
    type=4
    baseVtx=0
    numVerts=554
    primCount=566
    stride0=64
    [SKINNED]
    boneStart=0
    numBones=0
    hasNormal=1
    hasTexcoord=1
    tcType=1
    tex0
     =0x1c160ee0
    tex1
     =0x1c1616e0
    tex2
     =0x1c160340
    tex3
     =0x0fc0dda0
    tex4
     =0x1c1445a0
    tex5
     =0x4a6207e0
    tex6
     =0x4a620900
    tex7
     =0x32aa49a0
  SetVS shader=0x2de7de80
  SetVSConstF start=0
    count=10
    (large write, first 4x4):
      -0.761245, 0.105939, -0.233724, 2.522454, -0.032220, 1.258058, 0.675173, -89.391151, 0.318636, 0.454556, -0.831775, 68.611298, 0.318636, 0.454556, -0.831775, 72.911346
  SetVSConstF start=7
    count=1
    data: -0.000202, 79.999634, 59.999405, 0.000000
  SetVSConstF start=8
    count=1
    data: 0.010000, 0.000000, 0.000000, 0.000000
  SetVSConstF start=4
    count=3
  SetVSConstF start=0
    count=4
    c0-c3:
  row0: -0.765483, 0.000000, -0.243681, 52.431316
  row1: -0.142258, 1.348951, 0.446880, -198.002167
  row2: 0.286516, 0.328381, -0.900041, 49.709488
  row3: 0.286516, 0.328381, -0.900041, 54.009537
  SetVSConstF start=9
    count=1
    data: 32.907005, 113.218384, 111.790672, 0.000000
  DIP #87
    decl=0x32acc4a0
    type=4
    baseVtx=40563
    numVerts=264
    primCount=198
    stride0=56
    hasNormal=1
    hasTexcoord=1
    tcType=1
    tex0
     =0x4a620580
    tex1
     =0x4a61f560
    tex2
     =0x4a6206c0
    tex3
     =0x2be41220
    tex4
     =0x4a620900
    tex5
     =0x4a6207e0
    tex6
     =0x4a620900
    tex7
     =0x32aa49a0
  SetVSConstF start=7
    count=1
    data: -84.000443, -0.000488, -62.001083, 0.000000
  SetVSConstF start=8
    count=1
    data: 0.010000, 0.000000, 0.000000, 0.000000
  SetVSConstF start=4
    count=3
  SetVSConstF start=0
    count=4
    c0-c3:
  row0: -0.765483, 0.000000, -0.243681, -41.598320
  row1: -0.142258, 1.348951, 0.446880, -47.516487
  row2: 0.286516, 0.328381, -0.900041, -9.757758
  row3: 0.286516, 0.328381, -0.900041, -5.457709
  SetVSConstF start=9
    count=1
    data: -51.093239, 33.218262, -10.209814, 0.000000
  DIP #88
    decl=0x32acc4a0
    type=4
    baseVtx=40563
    numVerts=114
    primCount=94
    stride0=56
    hasNormal=1
    hasTexcoord=1
    tcType=1
    tex0
     =0x4a620580
    tex1
     =0x4a61f560
    tex2
     =0x4a6206c0
    tex3
     =0x2be41220
    tex4
     =0x4a620900
    tex5
     =0x4a6207e0
    tex6
     =0x4a620900
    tex7
     =0x32aa49a0
  SetVSConstF start=7
    count=1
    data: -0.000202, 79.999634, 59.999405, 0.000000
  SetVSConstF start=8
    count=1
    data: 0.010000, 0.000000, 0.000000, 0.000000
  SetVSConstF start=4
    count=3
  SetVSConstF start=0
    count=4
    c0-c3:
  row0: -0.765483, 0.000000, -0.243681, 52.431316
  row1: -0.142258, 1.348951, 0.446880, -198.002167
  row2: 0.286516, 0.328381, -0.900041, 49.709488
  row3: 0.286516, 0.328381, -0.900041, 54.009537
  SetVSConstF start=9
    count=1
    data: 32.907005, 113.218384, 111.790672, 0.000000
  DIP #89
    decl=0x32acc4a0
    type=4
    baseVtx=40941
    numVerts=409
    primCount=352
    stride0=56
    hasNormal=1
    hasTexcoord=1
    tcType=1
    tex0
     =0x4a620580
    tex1
     =0x4a61f560
    tex2
     =0x4a6206c0
    tex3
     =0x2be41220
    tex4
     =0x4a620900
    tex5
     =0x4a6207e0
    tex6
     =0x4a620900
    tex7
     =0x32aa49a0
  SetVS shader=0x1c159a00
  SetVSConstF start=0
    count=10
    (large write, first 4x4):
      -0.765483, 0.000000, -0.243681, 52.431316, -0.142258, 1.348951, 0.446880, -198.002167, 0.286516, 0.328381, -0.900041, 49.709488, 0.286516, 0.328381, -0.900041, 54.009537
  DIP #90
    decl=0x32acc4a0
    type=4
    baseVtx=25611
    numVerts=46
    primCount=32
    stride0=56
    hasNormal=1
    hasTexcoord=1
    tcType=1
    tex0
     =0x0fcb51a0
    tex1
     =0x0fcb51a0
    tex2
     =0x2be41220
    tex3
     =0x4a6207e0
    tex4
     =0x4a620900
    tex5
     =0x4a6207e0
    tex6
     =0x4a620900
    tex7
     =0x32aa49a0
  SetVSConstF start=7
    count=1
    data: -84.000443, -0.000488, -62.001083, 0.000000
  SetVSConstF start=8
    count=1
    data: 0.010000, 0.000000, 0.000000, 0.000000
  SetVSConstF start=4
    count=3
  SetVSConstF start=0
    count=4
    c0-c3:
  row0: -0.765483, 0.000000, -0.243681, -41.598320
  row1: -0.142258, 1.348951, 0.446880, -47.516487
  row2: 0.286516, 0.328381, -0.900041, -9.757758
  row3: 0.286516, 0.328381, -0.900041, -5.457709
  SetVSConstF start=9
    count=1
    data: -51.093239, 33.218262, -10.209814, 0.000000
  DIP #91
    decl=0x32acc4a0
    type=4
    baseVtx=25611
    numVerts=12
    primCount=8
    stride0=56
    hasNormal=1
    hasTexcoord=1
    tcType=1
    tex0
     =0x0fcb51a0
    tex1
     =0x0fcb51a0
    tex2
     =0x2be41220
    tex3
     =0x4a6207e0
    tex4
     =0x4a620900
    tex5
     =0x4a6207e0
    tex6
     =0x4a620900
    tex7
     =0x32aa49a0
  SetVS shader=0x0f7b53a0
  SetVSConstF start=0
    count=12
    (large write, first 4x4):
      -0.471408, -0.166932, 0.499908, 2255.636230, -0.316642, -0.632175, -0.009598, -6.281494, -0.000887, -0.000295, 0.000000, 2.183692, -0.948876, -0.315649, 0.000000, 2366.550293
  SetVSConstF start=8
    count=1
    data: 2971.330078, -1471.000000, -2190.000000, 0.000000
  SetVSConstF start=10
    count=1
    data: 0.000909, 0.000000, 0.000000, 0.000000
  SetVSConstF start=0
    count=4
    c0-c3:
  row0: -0.471408, -0.166932, 0.499908, 2249.949707
  row1: -0.316642, -0.632175, -0.009598, -10.101196
  row2: -0.000887, -0.000295, 0.000000, 2.172994
  row3: -0.948876, -0.315649, 0.000000, 2355.103760
  SetVSConstF start=9
    count=1
    data: -0.000887, -0.000295, 0.000000, 2.172994
  SetVSConstF start=4
    count=4
    c4-c7:
  row0: 0.243681, 0.000000, -0.765483, -2410.171387
  row1: -0.446880, 1.348951, -0.142258, 3004.221924
  row2: 0.900041, 0.328381, 0.286516, -1722.258301
  row3: 0.900041, 0.328381, 0.286516, -1717.958252
  SetVSConstF start=11
    count=1
    data: 3114.538818, -1422.781250, -2157.092773, 0.000000
  DIP #92
    decl=0x32acc4a0
    type=4
    baseVtx=146967
    numVerts=4
    primCount=2
    stride0=56
    hasNormal=1
    hasTexcoord=1
    tcType=1
    tex0
     =0x4a629180
    tex1
     =0x04d4d180
    tex2
     =0x32a9f660
    tex3
     =0x32a9f780
    tex4
     =0x32aa0440
    tex5
     =0x4a6207e0
    tex6
     =0x4a620900
    tex7
     =0x32aa49a0
  DIP #93
    decl=0x32acc4a0
    type=4
    baseVtx=110797
    numVerts=329
    primCount=233
    stride0=56
    hasNormal=1
    hasTexcoord=1
    tcType=1
    tex0
     =0x4a629180
    tex1
     =0x04d4d180
    tex2
     =0x2de82bc0
    tex3
     =0x2de84660
    tex4
     =0x2de840a0
    tex5
     =0x4a6207e0
    tex6
     =0x4a620900
    tex7
     =0x32aa49a0
  DIP #94
    decl=0x32acc4a0
    type=4
    baseVtx=110455
    numVerts=13
    primCount=11
    stride0=56
    hasNormal=1
    hasTexcoord=1
    tcType=1
    tex0
     =0x4a629180
    tex1
     =0x04d4d180
    tex2
     =0x2de82160
    tex3
     =0x2de80920
    tex4
     =0x2de81cc0
    tex5
     =0x4a6207e0
    tex6
     =0x4a620900
    tex7
     =0x32aa49a0
  DIP #95
    decl=0x32acc4a0
    type=4
    baseVtx=111858
    numVerts=359
    primCount=199
    stride0=56
    hasNormal=1
    hasTexcoord=1
    tcType=1
    tex0
     =0x4a629180
    tex1
     =0x04d4d180
    tex2
     =0x2de82e20
    tex3
     =0x2de84b00
    tex4
     =0x2de840a0
    tex5
     =0x4a6207e0
    tex6
     =0x4a620900
    tex7
     =0x32aa49a0
  DIP #96
    decl=0x32acc4a0
    type=4
    baseVtx=138214
    numVerts=24
    primCount=12
    stride0=56
    hasNormal=1
    hasTexcoord=1
    tcType=1
    tex0
     =0x4a629180
    tex1
     =0x04d4d180
    tex2
     =0x2de7eb00
    tex3
     =0x2de7e9e0
    tex4
     =0x2de85d80
    tex5
     =0x4a6207e0
    tex6
     =0x4a620900
    tex7
     =0x32aa49a0
  DIP #97
    decl=0x32acc4a0
    type=4
    baseVtx=139094
    numVerts=21
    primCount=13
    stride0=56
    hasNormal=1
    hasTexcoord=1
    tcType=1
    tex0
     =0x4a629180
    tex1
     =0x04d4d180
    tex2
     =0x2de7e660
    tex3
     =0x2de7f320
    tex4
     =0x2de7e8c0
    tex5
     =0x4a6207e0
    tex6
     =0x4a620900
    tex7
     =0x32aa49a0
  DIP #98
    decl=0x32acc4a0
    type=4
    baseVtx=139035
    numVerts=4
    primCount=2
    stride0=56
    hasNormal=1
    hasTexcoord=1
    tcType=1
    tex0
     =0x4a629180
    tex1
     =0x04d4d180
    tex2
     =0x2de7e540
    tex3
     =0x2de7f200
    tex4
     =0x2de7e7a0
    tex5
     =0x4a6207e0
    tex6
     =0x4a620900
    tex7
     =0x32aa49a0
  DIP #99
    decl=0x32acc4a0
    type=4
    baseVtx=138482
    numVerts=40
    primCount=20
    stride0=56
    hasNormal=1
    hasTexcoord=1
    tcType=1
    tex0
     =0x4a629180
    tex1
     =0x04d4d180
    tex2
     =0x2de7f8e0
    tex3
     =0x2de7e9e0
    tex4
     =0x2de85d80
    tex5
     =0x4a6207e0
    tex6
     =0x4a620900
    tex7
     =0x32aa49a0
  DIP #100
    decl=0x32acc4a0
    type=4
    baseVtx=112827
    numVerts=7
    primCount=5
    stride0=56
    hasNormal=1
    hasTexcoord=1
    tcType=1
    tex0
     =0x4a629180
    tex1
     =0x04d4d180
    tex2
     =0x2de83880
    tex3
     =0x2de84c20
    tex4
     =0x2de84fa0
    tex5
     =0x4a6207e0
    tex6
     =0x4a620900
    tex7
     =0x32aa49a0
  DIP #101
    decl=0x32acc4a0
    type=4
    baseVtx=122419
    numVerts=552
    primCount=288
    stride0=56
    hasNormal=1
    hasTexcoord=1
    tcType=1
    tex0
     =0x4a629180
    tex1
     =0x04d4d180
    tex2
     =0x32a9c4a0
    tex3
     =0x32a9bc80
    tex4
     =0x32a9bb60
    tex5
     =0x4a6207e0
    tex6
     =0x4a620900
    tex7
     =0x32aa49a0
  SetVSConstF start=8
    count=1
    data: -0.000272, 64.999634, 254.999390, 0.000000
  SetVSConstF start=10
    count=1
    data: 0.000909, 0.000000, 0.000000, 0.000000
  SetVSConstF start=0
    count=4
    c0-c3:
  row0: 0.499908, -0.166932, 0.471408, -109.358444
  row1: -0.009598, -0.632175, 0.316642, -39.652409
  row2: -0.000000, -0.000295, 0.000887, -0.234997
  row3: -0.000000, -0.315649, 0.948876, -221.446198
  SetVSConstF start=9
    count=1
    data: -0.000000, -0.000295, 0.000887, -0.234997
  SetVSConstF start=4
    count=4
    c4-c7:
  row0: -0.765483, 0.000000, -0.243681, 52.431316
  row1: -0.142258, 1.348951, 0.446880, -198.002167
  row2: 0.286516, 0.328381, -0.900041, 49.709488
  row3: 0.286516, 0.328381, -0.900041, 54.009537
  SetVSConstF start=11
    count=1
    data: 32.907005, 113.218384, 111.790672, 0.000000
  DIP #102
    decl=0x32acc4a0
    type=4
    baseVtx=245195
    numVerts=261
    primCount=244
    stride0=56
    hasNormal=1
    hasTexcoord=1
    tcType=1
    tex0
     =0x4a629180
    tex1
     =0x04d4d180
    tex2
     =0x4a623180
    tex3
     =0x4a6224c0
    tex4
     =0x4a622960
    tex5
     =0x4a6207e0
    tex6
     =0x4a620900
    tex7
     =0x32aa49a0
  DIP #103
    decl=0x32acc4a0
    type=4
    baseVtx=244936
    numVerts=259
    primCount=165
    stride0=56
    hasNormal=1
    hasTexcoord=1
    tcType=1
    tex0
     =0x4a629180
    tex1
     =0x04d4d180
    tex2
     =0x4a620460
    tex3
     =0x4a61ffc0
    tex4
     =0x4a620da0
    tex5
     =0x4a6207e0
    tex6
     =0x4a620900
    tex7
     =0x32aa49a0
  DIP #104
    decl=0x32acc4a0
    type=4
    baseVtx=245456
    numVerts=4
    primCount=2
    stride0=56
    hasNormal=1
    hasTexcoord=1
    tcType=1
    tex0
     =0x4a629180
    tex1
     =0x04d4d180
    tex2
     =0x0fcb51a0
    tex3
     =0x1bf959e0
    tex4
     =0x0f79a860
    tex5
     =0x4a6207e0
    tex6
     =0x4a620900
    tex7
     =0x32aa49a0
  SetVS shader=0x0fb3c920
  SetVSConstF start=0
    count=12
    (large write, first 4x4):
      0.499908, -0.166932, 0.471408, -109.358444, -0.009598, -0.632175, 0.316642, -39.652409, -0.000000, -0.000295, 0.000887, -0.234997, -0.000000, -0.315649, 0.948876, -221.446198
  SetVSConstF start=8
    count=1
    data: 2971.330078, -1471.000000, -2190.000000, 0.000000
  SetVSConstF start=10
    count=1
    data: 0.000909, 0.000000, 0.000000, 0.000000
  SetVSConstF start=0
    count=4
    c0-c3:
  row0: -0.471408, -0.166932, 0.499908, 2249.949707
  row1: -0.316642, -0.632175, -0.009598, -10.101196
  row2: -0.000887, -0.000295, 0.000000, 2.172994
  row3: -0.948876, -0.315649, 0.000000, 2355.103760
  SetVSConstF start=9
    count=1
    data: -0.000887, -0.000295, 0.000000, 2.172994
  SetVSConstF start=4
    count=4
    c4-c7:
  row0: 0.243681, 0.000000, -0.765483, -2410.171387
  row1: -0.446880, 1.348951, -0.142258, 3004.221924
  row2: 0.900041, 0.328381, 0.286516, -1722.258301
  row3: 0.900041, 0.328381, 0.286516, -1717.958252
  SetVSConstF start=11
    count=1
    data: 3114.538818, -1422.781250, -2157.092773, 0.000000
  DIP #105
    decl=0x32acc4a0
    type=4
    baseVtx=44654
    numVerts=39
    primCount=21
    stride0=56
    hasNormal=1
    hasTexcoord=1
    tcType=1
    tex0
     =0x4a629180
    tex1
     =0x04d4d180
    tex2
     =0x0f79a620
    tex3
     =0x0fcb51a0
    tex4
     =0x0f79a860
    tex5
     =0x4a6207e0
    tex6
     =0x4a620900
    tex7
     =0x32aa49a0
  SetVSConstF start=8
    count=1
    data: -0.000272, 64.999634, 254.999390, 0.000000
  SetVSConstF start=10
    count=1
    data: 0.000909, 0.000000, 0.000000, 0.000000
  SetVSConstF start=0
    count=4
    c0-c3:
  row0: 0.499908, -0.166932, 0.471408, -109.358444
  row1: -0.009598, -0.632175, 0.316642, -39.652409
  row2: -0.000000, -0.000295, 0.000887, -0.234997
  row3: -0.000000, -0.315649, 0.948876, -221.446198
  SetVSConstF start=9
    count=1
    data: -0.000000, -0.000295, 0.000887, -0.234997
  SetVSConstF start=4
    count=4
    c4-c7:
  row0: -0.765483, 0.000000, -0.243681, 52.431316
  row1: -0.142258, 1.348951, 0.446880, -198.002167
  row2: 0.286516, 0.328381, -0.900041, 49.709488
  row3: 0.286516, 0.328381, -0.900041, 54.009537
  SetVSConstF start=11
    count=1
    data: 32.907005, 113.218384, 111.790672, 0.000000
  DIP #106
    decl=0x32acc4a0
    type=4
    baseVtx=105089
    numVerts=763
    primCount=616
    stride0=56
    hasNormal=1
    hasTexcoord=1
    tcType=1
    tex0
     =0x4a629180
    tex1
     =0x04d4d180
    tex2
     =0x4a61e9c0
    tex3
     =0x4a61efa0
    tex4
     =0x4a61f1e0
    tex5
     =0x4a6207e0
    tex6
     =0x4a620900
    tex7
     =0x32aa49a0
  DIP #107
    decl=0x32acc4a0
    type=4
    baseVtx=105881
    numVerts=352
    primCount=288
    stride0=56
    hasNormal=1
    hasTexcoord=1
    tcType=1
    tex0
     =0x4a629180
    tex1
     =0x04d4d180
    tex2
     =0x4a6215c0
    tex3
     =0x4a6225e0
    tex4
     =0x4a622f20
    tex5
     =0x4a6207e0
    tex6
     =0x4a620900
    tex7
     =0x32aa49a0
  SetVS shader=0x2de7b600
  SetVSConstF start=0
    count=15
    (large write, first 4x4):
      0.499908, -0.166932, 0.471408, -109.358444, -0.009598, -0.632175, 0.316642, -39.652409, -0.000000, -0.000295, 0.000887, -0.234997, -0.000000, -0.315649, 0.948876, -221.446198
  DIP #108
    decl=0x32acc4a0
    type=4
    baseVtx=40563
    numVerts=264
    primCount=198
    stride0=56
    hasNormal=1
    hasTexcoord=1
    tcType=1
    tex0
     =0x4a629180
    tex1
     =0x04d4d180
    tex2
     =0x4a620580
    tex3
     =0x4a61f560
    tex4
     =0x4a6206c0
    tex5
     =0x2be41220
    tex6
     =0x4a620900
    tex7
     =0x32aa49a0
  DIP #109
    decl=0x32acc4a0
    type=4
    baseVtx=40941
    numVerts=409
    primCount=352
    stride0=56
    hasNormal=1
    hasTexcoord=1
    tcType=1
    tex0
     =0x4a629180
    tex1
     =0x04d4d180
    tex2
     =0x4a620580
    tex3
     =0x4a61f560
    tex4
     =0x4a6206c0
    tex5
     =0x2be41220
    tex6
     =0x4a620900
    tex7
     =0x32aa49a0
  SetVS shader=0x1c158340
  SetVSConstF start=0
    count=15
    (large write, first 4x4):
      0.499908, -0.166932, 0.471408, -109.358444, -0.009598, -0.632175, 0.316642, -39.652409, -0.000000, -0.000295, 0.000887, -0.234997, -0.000000, -0.315649, 0.948876, -221.446198
  DIP #110
    decl=0x32acc4a0
    type=4
    baseVtx=25611
    numVerts=46
    primCount=32
    stride0=56
    hasNormal=1
    hasTexcoord=1
    tcType=1
    tex0
     =0x4a629180
    tex1
     =0x04d4d180
    tex2
     =0x0fcb51a0
    tex3
     =0x0fcb51a0
    tex4
     =0x2be41220
    tex5
     =0x4a6207e0
    tex6
     =0x4a620900
    tex7
     =0x32aa49a0
  SetVS shader=0x2de771c0
  SetVSConstF start=0
    count=12
    (large write, first 4x4):
      0.499908, -0.166932, 0.471408, -109.358444, -0.009598, -0.632175, 0.316642, -39.652409, -0.000000, -0.000295, 0.000887, -0.234997, -0.000000, -0.315649, 0.948876, -221.446198
  SetVSConstF start=8
    count=1
    data: 2971.330078, -1471.000000, -2190.000000, 0.000000
  SetVSConstF start=10
    count=1
    data: 0.000909, 0.000000, 0.000000, 0.000000
  SetVSConstF start=0
    count=4
    c0-c3:
  row0: -0.471408, -0.166932, 0.499908, 2249.949707
  row1: -0.316642, -0.632175, -0.009598, -10.101196
  row2: -0.000887, -0.000295, 0.000000, 2.172994
  row3: -0.948876, -0.315649, 0.000000, 2355.103760
  SetVSConstF start=9
    count=1
    data: -0.000887, -0.000295, 0.000000, 2.172994
  SetVSConstF start=4
    count=4
    c4-c7:
  row0: 0.243681, 0.000000, -0.765483, -2410.171387
  row1: -0.446880, 1.348951, -0.142258, 3004.221924
  row2: 0.900041, 0.328381, 0.286516, -1722.258301
  row3: 0.900041, 0.328381, 0.286516, -1717.958252
  SetVSConstF start=11
    count=1
    data: 3114.538818, -1422.781250, -2157.092773, 0.000000
  DIP #111
    decl=0x32acc4a0
    type=4
    baseVtx=3403
    numVerts=297
    primCount=153
    stride0=56
    hasNormal=1
    hasTexcoord=1
    tcType=1
    tex0
     =0x4a629180
    tex1
     =0x04d4d180
    tex2
     =0x2de7f0e0
    tex3
     =0x2de7f440
    tex4
     =0x2de80100
    tex5
     =0x4a6207e0
    tex6
     =0x4a620900
    tex7
     =0x32aa49a0
  SetVS shader=0x0f7b3ce0
  SetVSConstF start=0
    count=9
    (large write, first 4x4):
      0.243681, 0.000000, -0.765483, -2410.171387, -0.446880, 1.348951, -0.142258, 3004.221924, 0.900041, 0.328381, 0.286516, -1722.258301, 0.900041, 0.328381, 0.286516, -1717.958252
  SetVSConstF start=7
    count=1
    data: -0.128598, -0.811064, -0.570644, 0.000000
  SetVSConstF start=4
    count=3
  SetVSConstF start=0
    count=4
    c0-c3:
  row0: 0.243681, 0.000000, -0.765483, -2410.171387
  row1: -0.446880, 1.348951, -0.142258, 3004.221924
  row2: 0.900041, 0.328381, 0.286516, -1722.258301
  row3: 0.900041, 0.328381, 0.286516, -1717.958252
  SetVSConstF start=8
    count=1
    data: 3114.538818, -1422.781250, -2157.092773, 0.000000
  DIP #112
    decl=0x32acc4a0
    type=4
    baseVtx=146967
    numVerts=4
    primCount=2
    stride0=56
    hasNormal=1
    hasTexcoord=1
    tcType=1
    tex0
     =0x1bf502a0
    tex1
     =0x1bf502a0
    tex2
     =0x0fb51b20
    tex3
     =0x32a9f660
    tex4
     =0x32a9f780
    tex5
     =0x32aa0440
    tex6
     =0x4a620900
    tex7
     =0x32aa49a0
  DIP #113
    decl=0x32acc4a0
    type=4
    baseVtx=110797
    numVerts=329
    primCount=233
    stride0=56
    hasNormal=1
    hasTexcoord=1
    tcType=1
    tex0
     =0x1bf502a0
    tex1
     =0x1bf502a0
    tex2
     =0x0fb51b20
    tex3
     =0x2de82bc0
    tex4
     =0x2de84660
    tex5
     =0x2de840a0
    tex6
     =0x4a620900
    tex7
     =0x32aa49a0
  DIP #114
    decl=0x32acc4a0
    type=4
    baseVtx=110455
    numVerts=13
    primCount=11
    stride0=56
    hasNormal=1
    hasTexcoord=1
    tcType=1
    tex0
     =0x1bf502a0
    tex1
     =0x1bf502a0
    tex2
     =0x0fb51b20
    tex3
     =0x2de82160
    tex4
     =0x2de80920
    tex5
     =0x2de81cc0
    tex6
     =0x4a620900
    tex7
     =0x32aa49a0
  DIP #115
    decl=0x32acc4a0
    type=4
    baseVtx=111858
    numVerts=359
    primCount=199
    stride0=56
    hasNormal=1
    hasTexcoord=1
    tcType=1
    tex0
     =0x1bf502a0
    tex1
     =0x1bf502a0
    tex2
     =0x0fb51b20
    tex3
     =0x2de82e20
    tex4
     =0x2de84b00
    tex5
     =0x2de840a0
    tex6
     =0x4a620900
    tex7
     =0x32aa49a0
  DIP #116
    decl=0x32acc4a0
    type=4
    baseVtx=138214
    numVerts=24
    primCount=12
    stride0=56
    hasNormal=1
    hasTexcoord=1
    tcType=1
    tex0
     =0x1bf502a0
    tex1
     =0x1bf502a0
    tex2
     =0x0fb51b20
    tex3
     =0x2de7eb00
    tex4
     =0x2de7e9e0
    tex5
     =0x2de85d80
    tex6
     =0x4a620900
    tex7
     =0x32aa49a0
  DIP #117
    decl=0x32acc4a0
    type=4
    baseVtx=139094
    numVerts=21
    primCount=13
    stride0=56
    hasNormal=1
    hasTexcoord=1
    tcType=1
    tex0
     =0x1bf502a0
    tex1
     =0x1bf502a0
    tex2
     =0x0fb51b20
    tex3
     =0x2de7e660
    tex4
     =0x2de7f320
    tex5
     =0x2de7e8c0
    tex6
     =0x4a620900
    tex7
     =0x32aa49a0
  DIP #118
    decl=0x32acc4a0
    type=4
    baseVtx=139035
    numVerts=4
    primCount=2
    stride0=56
    hasNormal=1
    hasTexcoord=1
    tcType=1
    tex0
     =0x1bf502a0
    tex1
     =0x1bf502a0
    tex2
     =0x0fb51b20
    tex3
     =0x2de7e540
    tex4
     =0x2de7f200
    tex5
     =0x2de7e7a0
    tex6
     =0x4a620900
    tex7
     =0x32aa49a0
  DIP #119
    decl=0x32acc4a0
    type=4
    baseVtx=138482
    numVerts=40
    primCount=20
    stride0=56
    hasNormal=1
    hasTexcoord=1
    tcType=1
    tex0
     =0x1bf502a0
    tex1
     =0x1bf502a0
    tex2
     =0x0fb51b20
    tex3
     =0x2de7f8e0
    tex4
     =0x2de7e9e0
    tex5
     =0x2de85d80
    tex6
     =0x4a620900
    tex7
     =0x32aa49a0
  DIP #120
    decl=0x32acc4a0
    type=4
    baseVtx=112827
    numVerts=7
    primCount=5
    stride0=56
    hasNormal=1
    hasTexcoord=1
    tcType=1
    tex0
     =0x1bf502a0
    tex1
     =0x1bf502a0
    tex2
     =0x0fb51b20
    tex3
     =0x2de83880
    tex4
     =0x2de84c20
    tex5
     =0x2de84fa0
    tex6
     =0x4a620900
    tex7
     =0x32aa49a0
  DIP #121
    decl=0x32acc4a0
    type=4
    baseVtx=142763
    numVerts=16
    primCount=8
    stride0=56
    hasNormal=1
    hasTexcoord=1
    tcType=1
    tex0
     =0x1bf502a0
    tex1
     =0x1bf502a0
    tex2
     =0x0fb51b20
    tex3
     =0x32a9a7c0
    tex4
     =0x32a98ae0
    tex5
     =0x32a9a320
    tex6
     =0x4a620900
    tex7
     =0x32aa49a0
  DIP #122
    decl=0x32acc4a0
    type=4
    baseVtx=122419
    numVerts=552
    primCount=288
    stride0=56
    hasNormal=1
    hasTexcoord=1
    tcType=1
    tex0
     =0x1bf502a0
    tex1
     =0x1bf502a0
    tex2
     =0x0fb51b20
    tex3
     =0x32a9c4a0
    tex4
     =0x32a9bc80
    tex5
     =0x32a9bb60
    tex6
     =0x4a620900
    tex7
     =0x32aa49a0
  SetVS shader=0x0fb3c400
  SetVSConstF start=0
    count=9
    (large write, first 4x4):
      0.243681, 0.000000, -0.765483, -2410.171387, -0.446880, 1.348951, -0.142258, 3004.221924, 0.900041, 0.328381, 0.286516, -1722.258301, 0.900041, 0.328381, 0.286516, -1717.958252
  DIP #123
    decl=0x32acc4a0
    type=4
    baseVtx=44654
    numVerts=39
    primCount=21
    stride0=56
    hasNormal=1
    hasTexcoord=1
    tcType=1
    tex0
     =0x1bf502a0
    tex1
     =0x1bf502a0
    tex2
     =0x0fb51b20
    tex3
     =0x0f79a620
    tex4
     =0x0fcb51a0
    tex5
     =0x0f79a860
    tex6
     =0x4a620900
    tex7
     =0x32aa49a0
  SetVS shader=0x2de780e0
  SetVSConstF start=0
    count=9
    (large write, first 4x4):
      0.243681, 0.000000, -0.765483, -2410.171387, -0.446880, 1.348951, -0.142258, 3004.221924, 0.900041, 0.328381, 0.286516, -1722.258301, 0.900041, 0.328381, 0.286516, -1717.958252
  DIP #124
    decl=0x32acc4a0
    type=4
    baseVtx=3403
    numVerts=297
    primCount=153
    stride0=56
    hasNormal=1
    hasTexcoord=1
    tcType=1
    tex0
     =0x1bf502a0
    tex1
     =0x1bf502a0
    tex2
     =0x0fb51b20
    tex3
     =0x2de7f0e0
    tex4
     =0x2de7f440
    tex5
     =0x2de80100
    tex6
     =0x4a620900
    tex7
     =0x32aa49a0
  SetVS shader=0x0f7b58c0
  SetVSConstF start=0
    count=10
    (large write, first 4x4):
      0.243681, 0.000000, -0.765483, -2410.171387, -0.446880, 1.348951, -0.142258, 3004.221924, 0.900041, 0.328381, 0.286516, -1722.258301, 0.900041, 0.328381, 0.286516, -1717.958252
  SetVSConstF start=4
    count=3
  SetVSConstF start=7
    count=3
  SetVSConstF start=0
    count=4
    c0-c3:
  row0: 0.243681, 0.000000, -0.765483, -2410.171387
  row1: -0.446880, 1.348951, -0.142258, 3004.221924
  row2: 0.900041, 0.328381, 0.286516, -1722.258301
  row3: 0.900041, 0.328381, 0.286516, -1717.958252
  DIP #125
    decl=0x32acc4a0
    type=4
    baseVtx=146967
    numVerts=4
    primCount=2
    stride0=56
    hasNormal=1
    hasTexcoord=1
    tcType=1
    tex0
     =0x32a9f660
    tex1
     =0x32aa0440
    tex2
     =0x0fb51b20
    tex3
     =0x2de7f0e0
    tex4
     =0x2de7f440
    tex5
     =0x2de80100
    tex6
     =0x4a620900
    tex7
     =0x32aa49a0
  DIP #126
    decl=0x32acc4a0
    type=4
    baseVtx=110797
    numVerts=329
    primCount=233
    stride0=56
    hasNormal=1
    hasTexcoord=1
    tcType=1
    tex0
     =0x2de82bc0
    tex1
     =0x2de840a0
    tex2
     =0x0fb51b20
    tex3
     =0x2de7f0e0
    tex4
     =0x2de7f440
    tex5
     =0x2de80100
    tex6
     =0x4a620900
    tex7
     =0x32aa49a0
  DIP #127
    decl=0x32acc4a0
    type=4
    baseVtx=110455
    numVerts=13
    primCount=11
    stride0=56
    hasNormal=1
    hasTexcoord=1
    tcType=1
    tex0
     =0x2de82160
    tex1
     =0x2de81cc0
    tex2
     =0x0fb51b20
    tex3
     =0x2de7f0e0
    tex4
     =0x2de7f440
    tex5
     =0x2de80100
    tex6
     =0x4a620900
    tex7
     =0x32aa49a0
  DIP #128
    decl=0x32acc4a0
    type=4
    baseVtx=111858
    numVerts=359
    primCount=199
    stride0=56
    hasNormal=1
    hasTexcoord=1
    tcType=1
    tex0
     =0x2de82e20
    tex1
     =0x2de840a0
    tex2
     =0x0fb51b20
    tex3
     =0x2de7f0e0
    tex4
     =0x2de7f440
    tex5
     =0x2de80100
    tex6
     =0x4a620900
    tex7
     =0x32aa49a0
  DIP #129
    decl=0x32acc4a0
    type=4
    baseVtx=138214
    numVerts=24
    primCount=12
    stride0=56
    hasNormal=1
    hasTexcoord=1
    tcType=1
    tex0
     =0x2de7eb00
    tex1
     =0x2de85d80
    tex2
     =0x0fb51b20
    tex3
     =0x2de7f0e0
    tex4
     =0x2de7f440
    tex5
     =0x2de80100
    tex6
     =0x4a620900
    tex7
     =0x32aa49a0
  DIP #130
    decl=0x32acc4a0
    type=4
    baseVtx=139094
    numVerts=21
    primCount=13
    stride0=56
    hasNormal=1
    hasTexcoord=1
    tcType=1
    tex0
     =0x2de7e660
    tex1
     =0x2de7e8c0
    tex2
     =0x0fb51b20
    tex3
     =0x2de7f0e0
    tex4
     =0x2de7f440
    tex5
     =0x2de80100
    tex6
     =0x4a620900
    tex7
     =0x32aa49a0
  DIP #131
    decl=0x32acc4a0
    type=4
    baseVtx=139035
    numVerts=4
    primCount=2
    stride0=56
    hasNormal=1
    hasTexcoord=1
    tcType=1
    tex0
     =0x2de7e540
    tex1
     =0x2de7e7a0
    tex2
     =0x0fb51b20
    tex3
     =0x2de7f0e0
    tex4
     =0x2de7f440
    tex5
     =0x2de80100
    tex6
     =0x4a620900
    tex7
     =0x32aa49a0
  DIP #132
    decl=0x32acc4a0
    type=4
    baseVtx=138482
    numVerts=40
    primCount=20
    stride0=56
    hasNormal=1
    hasTexcoord=1
    tcType=1
    tex0
     =0x2de7f8e0
    tex1
     =0x2de85d80
    tex2
     =0x0fb51b20
    tex3
     =0x2de7f0e0
    tex4
     =0x2de7f440
    tex5
     =0x2de80100
    tex6
     =0x4a620900
    tex7
     =0x32aa49a0
  DIP #133
    decl=0x32acc4a0
    type=4
    baseVtx=112827
    numVerts=7
    primCount=5
    stride0=56
    hasNormal=1
    hasTexcoord=1
    tcType=1
    tex0
     =0x2de83880
    tex1
     =0x2de84fa0
    tex2
     =0x0fb51b20
    tex3
     =0x2de7f0e0
    tex4
     =0x2de7f440
    tex5
     =0x2de80100
    tex6
     =0x4a620900
    tex7
     =0x32aa49a0
  DIP #134
    decl=0x32acc4a0
    type=4
    baseVtx=122419
    numVerts=552
    primCount=288
    stride0=56
    hasNormal=1
    hasTexcoord=1
    tcType=1
    tex0
     =0x32a9c4a0
    tex1
     =0x32a9bb60
    tex2
     =0x0fb51b20
    tex3
     =0x2de7f0e0
    tex4
     =0x2de7f440
    tex5
     =0x2de80100
    tex6
     =0x4a620900
    tex7
     =0x32aa49a0
  DIP #135
    decl=0x32acc4a0
    type=4
    baseVtx=194735
    numVerts=264
    primCount=144
    stride0=56
    hasNormal=1
    hasTexcoord=1
    tcType=1
    tex0
     =0x42cf6b20
    tex1
     =0x42cf67a0
    tex2
     =0x0fb51b20
    tex3
     =0x2de7f0e0
    tex4
     =0x2de7f440
    tex5
     =0x2de80100
    tex6
     =0x4a620900
    tex7
     =0x32aa49a0
  SetVSConstF start=4
    count=3
  SetVSConstF start=7
    count=3
  SetVSConstF start=0
    count=4
    c0-c3:
  row0: -0.765483, 0.000000, -0.243681, 52.431316
  row1: -0.142258, 1.348951, 0.446880, -198.002167
  row2: 0.286516, 0.328381, -0.900041, 49.709488
  row3: 0.286516, 0.328381, -0.900041, 54.009537
  DIP #136
    decl=0x32acc4a0
    type=4
    baseVtx=245195
    numVerts=261
    primCount=244
    stride0=56
    hasNormal=1
    hasTexcoord=1
    tcType=1
    tex0
     =0x4a623180
    tex1
     =0x4a622960
    tex2
     =0x0fb51b20
    tex3
     =0x2de7f0e0
    tex4
     =0x2de7f440
    tex5
     =0x2de80100
    tex6
     =0x4a620900
    tex7
     =0x32aa49a0
  DIP #137
    decl=0x32acc4a0
    type=4
    baseVtx=244936
    numVerts=259
    primCount=165
    stride0=56
    hasNormal=1
    hasTexcoord=1
    tcType=1
    tex0
     =0x4a620460
    tex1
     =0x4a620da0
    tex2
     =0x0fb51b20
    tex3
     =0x2de7f0e0
    tex4
     =0x2de7f440
    tex5
     =0x2de80100
    tex6
     =0x4a620900
    tex7
     =0x32aa49a0
  DIP #138
    decl=0x32acc4a0
    type=4
    baseVtx=245456
    numVerts=4
    primCount=2
    stride0=56
    hasNormal=1
    hasTexcoord=1
    tcType=1
    tex0
     =0x0fcb51a0
    tex1
     =0x0f79a860
    tex2
     =0x0fb51b20
    tex3
     =0x2de7f0e0
    tex4
     =0x2de7f440
    tex5
     =0x2de80100
    tex6
     =0x4a620900
    tex7
     =0x32aa49a0
  SetVS shader=0x0fb3d5c0
  SetVSConstF start=0
    count=10
    (large write, first 4x4):
      -0.765483, 0.000000, -0.243681, 52.431316, -0.142258, 1.348951, 0.446880, -198.002167, 0.286516, 0.328381, -0.900041, 49.709488, 0.286516, 0.328381, -0.900041, 54.009537
  SetVSConstF start=4
    count=3
  SetVSConstF start=7
    count=3
  SetVSConstF start=0
    count=4
    c0-c3:
  row0: 0.243681, 0.000000, -0.765483, -2410.171387
  row1: -0.446880, 1.348951, -0.142258, 3004.221924
  row2: 0.900041, 0.328381, 0.286516, -1722.258301
  row3: 0.900041, 0.328381, 0.286516, -1717.958252
  DIP #139
    decl=0x32acc4a0
    type=4
    baseVtx=44654
    numVerts=39
    primCount=21
    stride0=56
    hasNormal=1
    hasTexcoord=1
    tcType=1
    tex0
     =0x0f79a620
    tex1
     =0x0f79a860
    tex2
     =0x0fb51b20
    tex3
     =0x2de7f0e0
    tex4
     =0x2de7f440
    tex5
     =0x2de80100
    tex6
     =0x4a620900
    tex7
     =0x32aa49a0
  SetVSConstF start=4
    count=3
  SetVSConstF start=7
    count=3
  SetVSConstF start=0
    count=4
    c0-c3:
  row0: -0.765483, 0.000000, -0.243681, 52.431316
  row1: -0.142258, 1.348951, 0.446880, -198.002167
  row2: 0.286516, 0.328381, -0.900041, 49.709488
  row3: 0.286516, 0.328381, -0.900041, 54.009537
  DIP #140
    decl=0x32acc4a0
    type=4
    baseVtx=105089
    numVerts=763
    primCount=616
    stride0=56
    hasNormal=1
    hasTexcoord=1
    tcType=1
    tex0
     =0x4a61e9c0
    tex1
     =0x4a61f1e0
    tex2
     =0x0fb51b20
    tex3
     =0x2de7f0e0
    tex4
     =0x2de7f440
    tex5
     =0x2de80100
    tex6
     =0x4a620900
    tex7
     =0x32aa49a0
  SetVSConstF start=4
    count=3
  SetVSConstF start=7
    count=3
  SetVSConstF start=0
    count=4
    c0-c3:
  row0: -0.765483, 0.000000, -0.243681, -41.598320
  row1: -0.142258, 1.348951, 0.446880, -47.516487
  row2: 0.286516, 0.328381, -0.900041, -9.757758
  row3: 0.286516, 0.328381, -0.900041, -5.457709
  DIP #141
    decl=0x32acc4a0
    type=4
    baseVtx=105089
    numVerts=29
    primCount=22
    stride0=56
    hasNormal=1
    hasTexcoord=1
    tcType=1
    tex0
     =0x4a61e9c0
    tex1
     =0x4a61f1e0
    tex2
     =0x0fb51b20
    tex3
     =0x2de7f0e0
    tex4
     =0x2de7f440
    tex5
     =0x2de80100
    tex6
     =0x4a620900
    tex7
     =0x32aa49a0
  SetVSConstF start=4
    count=3
  SetVSConstF start=7
    count=3
  SetVSConstF start=0
    count=4
    c0-c3:
  row0: -0.765483, 0.000000, -0.243681, 52.431316
  row1: -0.142258, 1.348951, 0.446880, -198.002167
  row2: 0.286516, 0.328381, -0.900041, 49.709488
  row3: 0.286516, 0.328381, -0.900041, 54.009537
  DIP #142
    decl=0x32acc4a0
    type=4
    baseVtx=105881
    numVerts=352
    primCount=288
    stride0=56
    hasNormal=1
    hasTexcoord=1
    tcType=1
    tex0
     =0x4a6215c0
    tex1
     =0x4a622f20
    tex2
     =0x0fb51b20
    tex3
     =0x2de7f0e0
    tex4
     =0x2de7f440
    tex5
     =0x2de80100
    tex6
     =0x4a620900
    tex7
     =0x32aa49a0
  SetVS shader=0x2d327b20
  SetVSConstF start=0
    count=86
    (large write, first 4x4):
      0.982699, 0.085911, -0.164079, 0.903763, -0.054236, 0.980558, 0.188587, 1.682378, 0.177091, -0.176425, 0.968252, 1.892537, 0.982699, 0.085911, -0.164079, 0.903763
  SetVSConstF start=76
    count=3
  SetVSConstF start=79
    count=3
  SetVSConstF start=82
    count=3
  SetVSConstF start=72
    count=4
    c72-c75:
  row0: -0.765483, 0.000000, -0.243681, 23.202618
  row1: -0.142258, 1.348951, 0.446880, -63.617352
  row2: 0.286516, 0.328381, -0.900041, 83.575211
  row3: 0.286516, 0.328381, -0.900041, 87.875259
  SetVSConstF start=85
    count=1
    data: -2.092752, 13.218750, 101.791161, 0.000000
  SetVSConstF start=0
    count=72
    (large write, first 4x4):
      0.994728, 0.029964, -0.098072, -3.915786, 0.043220, 0.744766, 0.665925, -53.885868, 0.092994, -0.666653, 0.739544, 10.028957, 0.989146, 0.049622, -0.138307, -5.442350
  DIP #143
    decl=0x0fc25260
    type=4
    baseVtx=0
    numVerts=240
    primCount=394
    stride0=64
    [SKINNED]
    boneStart=0
    numBones=0
    hasNormal=1
    hasTexcoord=1
    tcType=1
    tex0
     =0x1c143a00
    tex1
     =0x1c145000
    tex2
     =0x0fc0dda0
    tex3
     =0x1c1445a0
    tex4
     =0x2de7f440
    tex5
     =0x2de80100
    tex6
     =0x4a620900
    tex7
     =0x32aa49a0
  SetVS shader=0x1bc1e880
  SetVSConstF start=0
    count=82
    (large write, first 4x4):
      0.994728, 0.029964, -0.098072, -3.915786, 0.043220, 0.744766, 0.665925, -53.885868, 0.092994, -0.666653, 0.739544, 10.028957, 0.989146, 0.049622, -0.138307, -5.442350
  SetVSConstF start=76
    count=3
  SetVSConstF start=79
    count=3
  SetVSConstF start=72
    count=4
    c72-c75:
  row0: -0.765483, 0.000000, -0.243681, 79.223221
  row1: -0.142258, 1.348951, 0.446880, -85.107101
  row2: 0.286516, 0.328381, -0.900041, 65.951889
  row3: 0.286516, 0.328381, -0.900041, 70.251938
  SetVSConstF start=0
    count=72
    (large write, first 4x4):
      0.873425, -0.424797, -0.238069, 14.570072, 0.356803, 0.225570, 0.906537, -0.337081, -0.331393, -0.876736, 0.348587, 38.218582, 0.833703, -0.448086, 0.322735, 4.670359
  DIP #144
    decl=0x0fc25260
    type=4
    baseVtx=0
    numVerts=376
    primCount=488
    stride0=64
    [SKINNED]
    boneStart=0
    numBones=0
    hasNormal=1
    hasTexcoord=1
    tcType=1
    tex0
     =0x1bb6f000
    tex1
     =0x1bb6e6c0
    tex2
     =0x0fc0dda0
    tex3
     =0x1c1445a0
    tex4
     =0x2de7f440
    tex5
     =0x2de80100
    tex6
     =0x4a620900
    tex7
     =0x32aa49a0
  SetVSConstF start=76
    count=3
  SetVSConstF start=79
    count=3
  SetVSConstF start=72
    count=4
    c72-c75:
  row0: -0.765483, 0.000000, -0.243681, 23.202618
  row1: -0.142258, 1.348951, 0.446880, -63.617352
  row2: 0.286516, 0.328381, -0.900041, 83.575211
  row3: 0.286516, 0.328381, -0.900041, 87.875259
  SetVSConstF start=0
    count=72
    (large write, first 4x4):
      0.998751, -0.046274, 0.018850, -0.659320, 0.025584, 0.797654, 0.602573, -58.044285, -0.042919, -0.601338, 0.797841, 6.151352, 0.996472, 0.027151, 0.079415, -2.362486
  DIP #145
    decl=0x0fc25260
    type=4
    baseVtx=0
    numVerts=1000
    primCount=1312
    stride0=64
    [SKINNED]
    boneStart=0
    numBones=0
    hasNormal=1
    hasTexcoord=1
    tcType=1
    tex0
     =0x1c144b60
    tex1
     =0x1c143ea0
    tex2
     =0x0fc0dda0
    tex3
     =0x1c1445a0
    tex4
     =0x2de7f440
    tex5
     =0x2de80100
    tex6
     =0x4a620900
    tex7
     =0x32aa49a0
  SetVSConstF start=0
    count=72
    (large write, first 4x4):
      0.997191, 0.074904, 0.000073, -10.183733, -0.019608, 0.260100, 0.965383, -38.771358, 0.072292, -0.962672, 0.260838, 5.831299, 0.979897, 0.072142, -0.186005, -8.390448
  DIP #146
    decl=0x0fc25260
    type=4
    baseVtx=0
    numVerts=172
    primCount=242
    stride0=64
    [SKINNED]
    boneStart=0
    numBones=0
    hasNormal=1
    hasTexcoord=1
    tcType=1
    tex0
     =0x1c144b60
    tex1
     =0x1c143ea0
    tex2
     =0x0fc0dda0
    tex3
     =0x1c1445a0
    tex4
     =0x2de7f440
    tex5
     =0x2de80100
    tex6
     =0x4a620900
    tex7
     =0x32aa49a0
  SetVSConstF start=0
    count=72
    (large write, first 4x4):
      0.205112, -0.631692, -0.747592, -12.202362, 0.773168, -0.363769, 0.519503, 1.862961, -0.600117, -0.684570, 0.413791, -17.089764, 0.978294, -0.109463, 0.175949, 8.054398
  DIP #147
    decl=0x0fc25260
    type=4
    baseVtx=0
    numVerts=175
    primCount=242
    stride0=64
    [SKINNED]
    boneStart=0
    numBones=0
    hasNormal=1
    hasTexcoord=1
    tcType=1
    tex0
     =0x1c144b60
    tex1
     =0x1c143ea0
    tex2
     =0x0fc0dda0
    tex3
     =0x1c1445a0
    tex4
     =0x2de7f440
    tex5
     =0x2de80100
    tex6
     =0x4a620900
    tex7
     =0x32aa49a0
  SetVSConstF start=76
    count=3
  SetVSConstF start=79
    count=3
  SetVSConstF start=72
    count=4
    c72-c75:
  row0: -0.765483, 0.000000, -0.243681, 79.223221
  row1: -0.142258, 1.348951, 0.446880, -85.107101
  row2: 0.286516, 0.328381, -0.900041, 65.951889
  row3: 0.286516, 0.328381, -0.900041, 70.251938
  SetVSConstF start=0
    count=72
    (large write, first 4x4):
      0.989429, 0.040145, -0.139350, 4.438351, -0.048290, 0.997286, -0.055567, -44.707729, 0.136741, 0.061709, 0.988683, -2.831694, 0.989429, 0.040149, -0.139349, 4.440299
  DIP #148
    decl=0x0fc25260
    type=4
    baseVtx=0
    numVerts=73
    primCount=90
    stride0=64
    [SKINNED]
    boneStart=0
    numBones=0
    hasNormal=1
    hasTexcoord=1
    tcType=1
    tex0
     =0x1c144900
    tex1
     =0x1c144c80
    tex2
     =0x0fc0dda0
    tex3
     =0x1c1445a0
    tex4
     =0x2de7f440
    tex5
     =0x2de80100
    tex6
     =0x4a620900
    tex7
     =0x32aa49a0
  SetVSConstF start=0
    count=72
    (large write, first 4x4):
      0.995035, 0.074182, -0.066352, 1.736666, -0.079497, 0.993505, -0.081410, -44.397118, 0.059882, 0.086280, 0.994470, -4.752554, 0.989429, 0.040145, -0.139350, 4.438351
  DIP #149
    decl=0x0fc25260
    type=4
    baseVtx=0
    numVerts=368
    primCount=594
    stride0=64
    [SKINNED]
    boneStart=0
    numBones=0
    hasNormal=1
    hasTexcoord=1
    tcType=1
    tex0
     =0x1c144900
    tex1
     =0x1c144c80
    tex2
     =0x0fc0dda0
    tex3
     =0x1c1445a0
    tex4
     =0x2de7f440
    tex5
     =0x2de80100
    tex6
     =0x4a620900
    tex7
     =0x32aa49a0
  SetVSConstF start=0
    count=72
    (large write, first 4x4):
      0.998601, 0.012563, 0.051371, 4.483043, -0.030163, 0.933187, 0.358122, -39.443562, -0.043439, -0.359171, 0.932260, 16.350033, 0.992662, 0.071338, 0.097639, 3.255592
  DIP #150
    decl=0x0fc25260
    type=4
    baseVtx=0
    numVerts=866
    primCount=1132
    stride0=64
    [SKINNED]
    boneStart=0
    numBones=0
    hasNormal=1
    hasTexcoord=1
    tcType=1
    tex0
     =0x1c143d80
    tex1
     =0x1bd108a0
    tex2
     =0x0fc0dda0
    tex3
     =0x1c1445a0
    tex4
     =0x2de7f440
    tex5
     =0x2de80100
    tex6
     =0x4a620900
    tex7
     =0x32aa49a0
  SetVSConstF start=0
    count=72
    (large write, first 4x4):
      0.989429, 0.040145, -0.139350, 4.438351, -0.048290, 0.997286, -0.055567, -44.707729, 0.136741, 0.061709, 0.988683, -2.831694, 0.992662, 0.071338, 0.097639, 3.255592
  DIP #151
    decl=0x0fc25260
    type=4
    baseVtx=0
    numVerts=104
    primCount=126
    stride0=64
    [SKINNED]
    boneStart=0
    numBones=0
    hasNormal=1
    hasTexcoord=1
    tcType=1
    tex0
     =0x1c143d80
    tex1
     =0x1bd108a0
    tex2
     =0x0fc0dda0
    tex3
     =0x1c1445a0
    tex4
     =0x2de7f440
    tex5
     =0x2de80100
    tex6
     =0x4a620900
    tex7
     =0x32aa49a0
  SetVSConstF start=76
    count=3
  SetVSConstF start=79
    count=3
  SetVSConstF start=72
    count=4
    c72-c75:
  row0: -0.761245, 0.105939, -0.233724, 2.522454
  row1: -0.032220, 1.258058, 0.675173, -89.391151
  row2: 0.318636, 0.454556, -0.831775, 68.611298
  row3: 0.318636, 0.454556, -0.831775, 72.911346
  SetVSConstF start=0
    count=72
    (large write, first 4x4):
      0.982699, 0.085911, -0.164079, 0.903763, -0.054236, 0.980558, 0.188587, 1.682378, 0.177091, -0.176425, 0.968252, 1.892537, 0.982699, 0.085911, -0.164079, 0.903763
  DIP #152
    decl=0x0fc25260
    type=4
    baseVtx=0
    numVerts=505
    primCount=530
    stride0=64
    [SKINNED]
    boneStart=0
    numBones=0
    hasNormal=1
    hasTexcoord=1
    tcType=1
    tex0
     =0x1c160ee0
    tex1
     =0x1c160340
    tex2
     =0x0fc0dda0
    tex3
     =0x1c1445a0
    tex4
     =0x2de7f440
    tex5
     =0x2de80100
    tex6
     =0x4a620900
    tex7
     =0x32aa49a0
  SetVSConstF start=0
    count=72
    (large write, first 4x4):
      0.982699, 0.085911, -0.164079, 0.903763, -0.054236, 0.980558, 0.188587, 1.682378, 0.177091, -0.176425, 0.968252, 1.892537, 0.982699, 0.085911, -0.164079, 0.903763
  DIP #153
    decl=0x0fc25260
    type=4
    baseVtx=0
    numVerts=554
    primCount=566
    stride0=64
    [SKINNED]
    boneStart=0
    numBones=0
    hasNormal=1
    hasTexcoord=1
    tcType=1
    tex0
     =0x1c160ee0
    tex1
     =0x1c160340
    tex2
     =0x0fc0dda0
    tex3
     =0x1c1445a0
    tex4
     =0x2de7f440
    tex5
     =0x2de80100
    tex6
     =0x4a620900
    tex7
     =0x32aa49a0
  SetVS shader=0x2de7c020
  SetVSConstF start=0
    count=14
    (large write, first 4x4):
      -0.761245, 0.105939, -0.233724, 2.522454, -0.032220, 1.258058, 0.675173, -89.391151, 0.318636, 0.454556, -0.831775, 68.611298, 0.318636, 0.454556, -0.831775, 72.911346
  SetVSConstF start=4
    count=3
  SetVSConstF start=7
    count=3
  SetVSConstF start=10
    count=3
  SetVSConstF start=0
    count=4
    c0-c3:
  row0: -0.765483, 0.000000, -0.243681, 52.431316
  row1: -0.142258, 1.348951, 0.446880, -198.002167
  row2: 0.286516, 0.328381, -0.900041, 49.709488
  row3: 0.286516, 0.328381, -0.900041, 54.009537
  SetVSConstF start=13
    count=1
    data: 32.907005, 113.218384, 111.790672, 0.000000
  DIP #154
    decl=0x32acc4a0
    type=4
    baseVtx=40563
    numVerts=264
    primCount=198
    stride0=56
    hasNormal=1
    hasTexcoord=1
    tcType=1
    tex0
     =0x4a620580
    tex1
     =0x4a6206c0
    tex2
     =0x2be41220
    tex3
     =0x4a620900
    tex4
     =0x2de7f440
    tex5
     =0x2de80100
    tex6
     =0x4a620900
    tex7
     =0x32aa49a0
  SetVSConstF start=4
    count=3
  SetVSConstF start=7
    count=3
  SetVSConstF start=10
    count=3
  SetVSConstF start=0
    count=4
    c0-c3:
  row0: -0.765483, 0.000000, -0.243681, -41.598320
  row1: -0.142258, 1.348951, 0.446880, -47.516487
  row2: 0.286516, 0.328381, -0.900041, -9.757758
  row3: 0.286516, 0.328381, -0.900041, -5.457709
  SetVSConstF start=13
    count=1
    data: -51.093239, 33.218262, -10.209814, 0.000000
  DIP #155
    decl=0x32acc4a0
    type=4
    baseVtx=40563
    numVerts=114
    primCount=94
    stride0=56
    hasNormal=1
    hasTexcoord=1
    tcType=1
    tex0
     =0x4a620580
    tex1
     =0x4a6206c0
    tex2
     =0x2be41220
    tex3
     =0x4a620900
    tex4
     =0x2de7f440
    tex5
     =0x2de80100
    tex6
     =0x4a620900
    tex7
     =0x32aa49a0
  SetVSConstF start=4
    count=3
  SetVSConstF start=7
    count=3
  SetVSConstF start=10
    count=3
  SetVSConstF start=0
    count=4
    c0-c3:
  row0: -0.765483, 0.000000, -0.243681, 52.431316
  row1: -0.142258, 1.348951, 0.446880, -198.002167
  row2: 0.286516, 0.328381, -0.900041, 49.709488
  row3: 0.286516, 0.328381, -0.900041, 54.009537
  SetVSConstF start=13
    count=1
    data: 32.907005, 113.218384, 111.790672, 0.000000
  DIP #156
    decl=0x32acc4a0
    type=4
    baseVtx=40941
    numVerts=409
    primCount=352
    stride0=56
    hasNormal=1
    hasTexcoord=1
    tcType=1
    tex0
     =0x4a620580
    tex1
     =0x4a6206c0
    tex2
     =0x2be41220
    tex3
     =0x4a620900
    tex4
     =0x2de7f440
    tex5
     =0x2de80100
    tex6
     =0x4a620900
    tex7
     =0x32aa49a0
  SetVS shader=0x1c15a1a0
  SetVSConstF start=0
    count=14
    (large write, first 4x4):
      -0.765483, 0.000000, -0.243681, 52.431316, -0.142258, 1.348951, 0.446880, -198.002167, 0.286516, 0.328381, -0.900041, 49.709488, 0.286516, 0.328381, -0.900041, 54.009537
  DIP #157
    decl=0x32acc4a0
    type=4
    baseVtx=25611
    numVerts=46
    primCount=32
    stride0=56
    hasNormal=1
    hasTexcoord=1
    tcType=1
    tex0
     =0x0fcb51a0
    tex1
     =0x2be41220
    tex2
     =0x4a6207e0
    tex3
     =0x4a620900
    tex4
     =0x2de7f440
    tex5
     =0x2de80100
    tex6
     =0x4a620900
    tex7
     =0x32aa49a0
  SetVSConstF start=4
    count=3
  SetVSConstF start=7
    count=3
  SetVSConstF start=10
    count=3
  SetVSConstF start=0
    count=4
    c0-c3:
  row0: -0.765483, 0.000000, -0.243681, -41.598320
  row1: -0.142258, 1.348951, 0.446880, -47.516487
  row2: 0.286516, 0.328381, -0.900041, -9.757758
  row3: 0.286516, 0.328381, -0.900041, -5.457709
  SetVSConstF start=13
    count=1
    data: -51.093239, 33.218262, -10.209814, 0.000000
  DIP #158
    decl=0x32acc4a0
    type=4
    baseVtx=25611
    numVerts=12
    primCount=8
    stride0=56
    hasNormal=1
    hasTexcoord=1
    tcType=1
    tex0
     =0x0fcb51a0
    tex1
     =0x2be41220
    tex2
     =0x4a6207e0
    tex3
     =0x4a620900
    tex4
     =0x2de7f440
    tex5
     =0x2de80100
    tex6
     =0x4a620900
    tex7
     =0x32aa49a0
  SetVS shader=0x28da7740
  SetVSConstF start=0
    count=4
    c0-c3:
  row0: -0.765483, 0.000000, -0.243681, -41.598320
  row1: -0.142258, 1.348951, 0.446880, -47.516487
  row2: 0.286516, 0.328381, -0.900041, -9.757758
  row3: 0.286516, 0.328381, -0.900041, -5.457709
  SetVSConstF start=0
    count=4
    c0-c3:
  row0: 0.243681, 0.000000, -0.765483, -2432.289307
  row1: -0.446880, 1.348951, -0.142258, -2581.417480
  row2: 0.900041, 0.328381, 0.286516, 4871.363281
  row3: 0.900041, 0.328381, 0.286516, 4875.663574
  DIP #159
    decl=0x32acd380
    type=4
    baseVtx=257171
    numVerts=112
    primCount=56
    stride0=24
    hasNormal=0
    hasTexcoord=1
    tcType=1
    tex0
     =0x4a621940
    tex1
     =0x2be41220
    tex2
     =0x4a6207e0
    tex3
     =0x4a620900
    tex4
     =0x2de7f440
    tex5
     =0x2de80100
    tex6
     =0x4a620900
    tex7
     =0x32aa49a0
  SetVS shader=0x1b70fea0
  SetVSConstF start=0
    count=4
    c0-c3:
  row0: 0.243681, 0.000000, -0.765483, -2432.289307
  row1: -0.446880, 1.348951, -0.142258, -2581.417480
  row2: 0.900041, 0.328381, 0.286516, 4871.363281
  row3: 0.900041, 0.328381, 0.286516, 4875.663574
  SetVSConstF start=0
    count=4
    c0-c3:
  row0: 0.720914, -0.137021, 0.965338, 0.000263
  row1: 2.282416, 2.739748, -0.726575, -0.000397
  row2: -0.900042, 0.328381, 0.286516, -0.009893
  row3: -0.900042, 0.328381, 0.286516, 0.000117
  DIP #160
    decl=0x32acce80
    type=4
    baseVtx=481846
    numVerts=24
    primCount=12
    stride0=32
    hasNormal=1
    hasTexcoord=1
    tcType=1
    tex0
     =0x0fc0cb40
    tex1
     =0x2be41220
    tex2
     =0x4a6207e0
    tex3
     =0x4a620900
    tex4
     =0x2de7f440
    tex5
     =0x2de80100
    tex6
     =0x4a620900
    tex7
     =0x32aa49a0
  SetVS shader=0x3665c480
  SetVSConstF start=0
    count=4
    c0-c3:
  row0: 0.720914, -0.137021, 0.965338, 0.000263
  row1: 2.282416, 2.739748, -0.726575, -0.000397
  row2: -0.900042, 0.328381, 0.286516, -0.009893
  row3: -0.900042, 0.328381, 0.286516, 0.000117
  SetVSConstF start=0
    count=4
    c0-c3:
  row0: 0.720914, -0.137021, 0.965338, 4768.720703
  row1: 2.282416, 2.739748, -0.726575, 6204.846191
  row2: -0.900042, 0.328381, 0.286516, -987.331177
  row3: -0.900042, 0.328381, 0.286516, -987.321167
  DIP #161
    decl=0x04a5c8e0
    type=4
    baseVtx=8
    numVerts=8
    primCount=4
    stride0=60
    hasNormal=1
    hasTexcoord=1
    tcType=1
    tex0
     =0x1c165b20
    tex1
     =0x2be41220
    tex2
     =0x4a6207e0
    tex3
     =0x4a620900
    tex4
     =0x2de7f440
    tex5
     =0x2de80100
    tex6
     =0x4a620900
    tex7
     =0x32aa49a0
  SetVS shader=0x1b711800
  SetVSConstF start=0
    count=7
    (large write, first 4x4):
      0.720914, -0.137021, 0.965338, 4768.720703, 2.282416, 2.739748, -0.726575, 6204.846191, -0.900042, 0.328381, 0.286516, -987.331177, -0.900042, 0.328381, 0.286516, -987.321167
  SetVSConstF start=0
    count=4
    c0-c3:
  row0: 0.720914, -0.137021, 0.965338, -12.596005
  row1: 2.282416, 2.739748, -0.726575, 156.830963
  row2: -0.900042, 0.328381, 0.286516, 24.423410
  row3: -0.900042, 0.328381, 0.286516, 24.433420
  SetVSConstF start=6
    count=1
    data: 0.151770, 0.015177, 0.000000, 0.000000
  SetVSConstF start=5
    count=1
    data: 1.000000, 1.000000, 1.000000, 1.000000
  SetVSConstF start=4
    count=1
    data: 1.000000, 1.000000, 1.000000, 1.000000
  DIP #162
    decl=0x32acc140
    type=4
    baseVtx=481878
    numVerts=4
    primCount=2
    stride0=32
    hasNormal=0
    hasTexcoord=1
    tcType=1
    tex0
     =0x1b830ca0
    tex1
     =0x1b831140
    tex2
     =0x4a6207e0
    tex3
     =0x4a620900
    tex4
     =0x2de7f440
    tex5
     =0x2de80100
    tex6
     =0x4a620900
    tex7
     =0x32aa49a0
  SetVS shader=0x0f7b37e0
  SetVSConstF start=0
    count=4
    c0-c3:
  row0: 0.720914, -0.137021, 0.965338, -12.596005
  row1: 2.282416, 2.739748, -0.726575, 156.830963
  row2: -0.900042, 0.328381, 0.286516, 24.423410
  row3: -0.900042, 0.328381, 0.286516, 24.433420
  SetVSConstF start=0
    count=4
    c0-c3:
  row0: 0.243681, 0.000000, 0.765483, 860.199951
  row1: 0.446879, 1.348951, -0.142258, 161.773178
  row2: -0.900042, 0.328381, 0.286516, 4002.599365
  row3: -0.900042, 0.328381, 0.286516, 4006.899414
  DIP #163
    decl=0x32acc4a0
    type=4
    baseVtx=146244
    numVerts=43
    primCount=31
    stride0=56
    hasNormal=1
    hasTexcoord=1
    tcType=1
    tex0
     =0x0fcb51a0
    tex1
     =0x32aa1340
    tex2
     =0x4a6207e0
    tex3
     =0x4a620900
    tex4
     =0x2de7f440
    tex5
     =0x2de80100
    tex6
     =0x4a620900
    tex7
     =0x32aa49a0
  DIP #164
    decl=0x32acc4a0
    type=4
    baseVtx=147179
    numVerts=64
    primCount=32
    stride0=56
    hasNormal=1
    hasTexcoord=1
    tcType=1
    tex0
     =0x0fcb51a0
    tex1
     =0x32aa0680
    tex2
     =0x4a6207e0
    tex3
     =0x4a620900
    tex4
     =0x2de7f440
    tex5
     =0x2de80100
    tex6
     =0x4a620900
    tex7
     =0x32aa49a0
  DIP #165
    decl=0x32acc4a0
    type=4
    baseVtx=150087
    numVerts=33
    primCount=17
    stride0=56
    hasNormal=1
    hasTexcoord=1
    tcType=1
    tex0
     =0x0fcb51a0
    tex1
     =0x32aa5e60
    tex2
     =0x4a6207e0
    tex3
     =0x4a620900
    tex4
     =0x2de7f440
    tex5
     =0x2de80100
    tex6
     =0x4a620900
    tex7
     =0x32aa49a0
  DIP #166
    decl=0x32acc4a0
    type=4
    baseVtx=146967
    numVerts=24
    primCount=12
    stride0=56
    hasNormal=1
    hasTexcoord=1
    tcType=1
    tex0
     =0x0fcb51a0
    tex1
     =0x32a9f660
    tex2
     =0x4a6207e0
    tex3
     =0x4a620900
    tex4
     =0x2de7f440
    tex5
     =0x2de80100
    tex6
     =0x4a620900
    tex7
     =0x32aa49a0
  DIP #167
    decl=0x32acc4a0
    type=4
    baseVtx=155857
    numVerts=4
    primCount=2
    stride0=56
    hasNormal=1
    hasTexcoord=1
    tcType=1
    tex0
     =0x0fcb51a0
    tex1
     =0x32aa58a0
    tex2
     =0x4a6207e0
    tex3
     =0x4a620900
    tex4
     =0x2de7f440
    tex5
     =0x2de80100
    tex6
     =0x4a620900
    tex7
     =0x32aa49a0
  DIP #168
    decl=0x32acc4a0
    type=4
    baseVtx=110797
    numVerts=426
    primCount=294
    stride0=56
    hasNormal=1
    hasTexcoord=1
    tcType=1
    tex0
     =0x0fcb51a0
    tex1
     =0x2de82bc0
    tex2
     =0x4a6207e0
    tex3
     =0x4a620900
    tex4
     =0x2de7f440
    tex5
     =0x2de80100
    tex6
     =0x4a620900
    tex7
     =0x32aa49a0
  DIP #169
    decl=0x32acc4a0
    type=4
    baseVtx=110455
    numVerts=27
    primCount=24
    stride0=56
    hasNormal=1
    hasTexcoord=1
    tcType=1
    tex0
     =0x0fcb51a0
    tex1
     =0x2de82160
    tex2
     =0x4a6207e0
    tex3
     =0x4a620900
    tex4
     =0x2de7f440
    tex5
     =0x2de80100
    tex6
     =0x4a620900
    tex7
     =0x32aa49a0
  DIP #170
    decl=0x32acc4a0
    type=4
    baseVtx=111858
    numVerts=439
    primCount=245
    stride0=56
    hasNormal=1
    hasTexcoord=1
    tcType=1
    tex0
     =0x0fcb51a0
    tex1
     =0x2de82e20
    tex2
     =0x4a6207e0
    tex3
     =0x4a620900
    tex4
     =0x2de7f440
    tex5
     =0x2de80100
    tex6
     =0x4a620900
    tex7
     =0x32aa49a0
  DIP #171
    decl=0x32acc4a0
    type=4
    baseVtx=113475
    numVerts=4
    primCount=2
    stride0=56
    hasNormal=1
    hasTexcoord=1
    tcType=1
    tex0
     =0x0fcb51a0
    tex1
     =0x2de842e0
    tex2
     =0x4a6207e0
    tex3
     =0x4a620900
    tex4
     =0x2de7f440
    tex5
     =0x2de80100
    tex6
     =0x4a620900
    tex7
     =0x32aa49a0
  DIP #172
    decl=0x32acc4a0
    type=4
    baseVtx=138214
    numVerts=36
    primCount=18
    stride0=56
    hasNormal=1
    hasTexcoord=1
    tcType=1
    tex0
     =0x0fcb51a0
    tex1
     =0x2de7eb00
    tex2
     =0x4a6207e0
    tex3
     =0x4a620900
    tex4
     =0x2de7f440
    tex5
     =0x2de80100
    tex6
     =0x4a620900
    tex7
     =0x32aa49a0
  DIP #173
    decl=0x32acc4a0
    type=4
    baseVtx=112801
    numVerts=8
    primCount=6
    stride0=56
    hasNormal=1
    hasTexcoord=1
    tcType=1
    tex0
     =0x0fcb51a0
    tex1
     =0x2de832c0
    tex2
     =0x4a6207e0
    tex3
     =0x4a620900
    tex4
     =0x2de7f440
    tex5
     =0x2de80100
    tex6
     =0x4a620900
    tex7
     =0x32aa49a0
  DIP #174
    decl=0x32acc4a0
    type=4
    baseVtx=136054
    numVerts=12
    primCount=6
    stride0=56
    hasNormal=1
    hasTexcoord=1
    tcType=1
    tex0
     =0x0fcb51a0
    tex1
     =0x2de856a0
    tex2
     =0x4a6207e0
    tex3
     =0x4a620900
    tex4
     =0x2de7f440
    tex5
     =0x2de80100
    tex6
     =0x4a620900
    tex7
     =0x32aa49a0
  DIP #175
    decl=0x32acc4a0
    type=4
    baseVtx=138410
    numVerts=8
    primCount=4
    stride0=56
    hasNormal=1
    hasTexcoord=1
    tcType=1
    tex0
     =0x0fcb51a0
    tex1
     =0x2de7ec40
    tex2
     =0x4a6207e0
    tex3
     =0x4a620900
    tex4
     =0x2de7f440
    tex5
     =0x2de80100
    tex6
     =0x4a620900
    tex7
     =0x32aa49a0
  DIP #176
    decl=0x32acc4a0
    type=4
    baseVtx=139094
    numVerts=67
    primCount=43
    stride0=56
    hasNormal=1
    hasTexcoord=1
    tcType=1
    tex0
     =0x0fcb51a0
    tex1
     =0x2de7e660
    tex2
     =0x4a6207e0
    tex3
     =0x4a620900
    tex4
     =0x2de7f440
    tex5
     =0x2de80100
    tex6
     =0x4a620900
    tex7
     =0x32aa49a0
  DIP #177
    decl=0x32acc4a0
    type=4
    baseVtx=139035
    numVerts=12
    primCount=6
    stride0=56
    hasNormal=1
    hasTexcoord=1
    tcType=1
    tex0
     =0x0fcb51a0
    tex1
     =0x2de7e540
    tex2
     =0x4a6207e0
    tex3
     =0x4a620900
    tex4
     =0x2de7f440
    tex5
     =0x2de80100
    tex6
     =0x4a620900
    tex7
     =0x32aa49a0
  DIP #178
    decl=0x32acc4a0
    type=4
    baseVtx=138482
    numVerts=84
    primCount=42
    stride0=56
    hasNormal=1
    hasTexcoord=1
    tcType=1
    tex0
     =0x0fcb51a0
    tex1
     =0x2de7f8e0
    tex2
     =0x4a6207e0
    tex3
     =0x4a620900
    tex4
     =0x2de7f440
    tex5
     =0x2de80100
    tex6
     =0x4a620900
    tex7
     =0x32aa49a0
  DIP #179
    decl=0x32acc4a0
    type=4
    baseVtx=112827
    numVerts=27
    primCount=15
    stride0=56
    hasNormal=1
    hasTexcoord=1
    tcType=1
    tex0
     =0x0fcb51a0
    tex1
     =0x2de83880
    tex2
     =0x4a6207e0
    tex3
     =0x4a620900
    tex4
     =0x2de7f440
    tex5
     =0x2de80100
    tex6
     =0x4a620900
    tex7
     =0x32aa49a0
  DIP #180
    decl=0x32acc4a0
    type=4
    baseVtx=142763
    numVerts=52
    primCount=26
    stride0=56
    hasNormal=1
    hasTexcoord=1
    tcType=1
    tex0
     =0x0fcb51a0
    tex1
     =0x32a9a7c0
    tex2
     =0x4a6207e0
    tex3
     =0x4a620900
    tex4
     =0x2de7f440
    tex5
     =0x2de80100
    tex6
     =0x4a620900
    tex7
     =0x32aa49a0
  DIP #181
    decl=0x32acc4a0
    type=4
    baseVtx=122419
    numVerts=1474
    primCount=768
    stride0=56
    hasNormal=1
    hasTexcoord=1
    tcType=1
    tex0
     =0x0fcb51a0
    tex1
     =0x32a9c4a0
    tex2
     =0x4a6207e0
    tex3
     =0x4a620900
    tex4
     =0x2de7f440
    tex5
     =0x2de80100
    tex6
     =0x4a620900
    tex7
     =0x32aa49a0
  DIP #182
    decl=0x32acc4a0
    type=4
    baseVtx=142063
    numVerts=5
    primCount=3
    stride0=56
    hasNormal=1
    hasTexcoord=1
    tcType=1
    tex0
     =0x0fcb51a0
    tex1
     =0x32aa7ec0
    tex2
     =0x4a6207e0
    tex3
     =0x4a620900
    tex4
     =0x2de7f440
    tex5
     =0x2de80100
    tex6
     =0x4a620900
    tex7
     =0x32aa49a0
  DIP #183
    decl=0x32acc4a0
    type=4
    baseVtx=139388
    numVerts=48
    primCount=24
    stride0=56
    hasNormal=1
    hasTexcoord=1
    tcType=1
    tex0
     =0x0fcb51a0
    tex1
     =0x32aa6ea0
    tex2
     =0x4a6207e0
    tex3
     =0x4a620900
    tex4
     =0x2de7f440
    tex5
     =0x2de80100
    tex6
     =0x4a620900
    tex7
     =0x32aa49a0
  DIP #184
    decl=0x32acc4a0
    type=4
    baseVtx=144888
    numVerts=13
    primCount=10
    stride0=56
    hasNormal=1
    hasTexcoord=1
    tcType=1
    tex0
     =0x0fcb51a0
    tex1
     =0x32a9ed20
    tex2
     =0x4a6207e0
    tex3
     =0x4a620900
    tex4
     =0x2de7f440
    tex5
     =0x2de80100
    tex6
     =0x4a620900
    tex7
     =0x32aa49a0
  DIP #185
    decl=0x32acc4a0
    type=4
    baseVtx=229042
    numVerts=1607
    primCount=940
    stride0=56
    hasNormal=1
    hasTexcoord=1
    tcType=1
    tex0
     =0x0fcb51a0
    tex1
     =0x478b5120
    tex2
     =0x4a6207e0
    tex3
     =0x4a620900
    tex4
     =0x2de7f440
    tex5
     =0x2de80100
    tex6
     =0x4a620900
    tex7
     =0x32aa49a0
  DIP #186
    decl=0x32acc4a0
    type=4
    baseVtx=172115
    numVerts=4
    primCount=2
    stride0=56
    hasNormal=1
    hasTexcoord=1
    tcType=1
    tex0
     =0x0fcb51a0
    tex1
     =0x39e28f60
    tex2
     =0x4a6207e0
    tex3
     =0x4a620900
    tex4
     =0x2de7f440
    tex5
     =0x2de80100
    tex6
     =0x4a620900
    tex7
     =0x32aa49a0
  DIP #187
    decl=0x32acc4a0
    type=4
    baseVtx=172355
    numVerts=228
    primCount=136
    stride0=56
    hasNormal=1
    hasTexcoord=1
    tcType=1
    tex0
     =0x0fcb51a0
    tex1
     =0x39e29400
    tex2
     =0x4a6207e0
    tex3
     =0x4a620900
    tex4
     =0x2de7f440
    tex5
     =0x2de80100
    tex6
     =0x4a620900
    tex7
     =0x32aa49a0
  DIP #188
    decl=0x32acc4a0
    type=4
    baseVtx=172123
    numVerts=44
    primCount=22
    stride0=56
    hasNormal=1
    hasTexcoord=1
    tcType=1
    tex0
     =0x0fcb51a0
    tex1
     =0x39e289a0
    tex2
     =0x4a6207e0
    tex3
     =0x4a620900
    tex4
     =0x2de7f440
    tex5
     =0x2de80100
    tex6
     =0x4a620900
    tex7
     =0x32aa49a0
  SetVSConstF start=0
    count=4
    c0-c3:
  row0: 0.245394, -0.002129, 0.764932, -599.193970
  row1: 0.446148, 1.349494, -0.139370, -1069.419800
  row2: -0.899498, 0.327273, 0.289474, 1801.817749
  row3: -0.899498, 0.327273, 0.289474, 1806.117798
  DIP #189
    decl=0x32acc4a0
    type=4
    baseVtx=178203
    numVerts=127
    primCount=92
    stride0=56
    hasNormal=1
    hasTexcoord=1
    tcType=1
    tex0
     =0x0fcb51a0
    tex1
     =0x39e2b6c0
    tex2
     =0x4a6207e0
    tex3
     =0x4a620900
    tex4
     =0x2de7f440
    tex5
     =0x2de80100
    tex6
     =0x4a620900
    tex7
     =0x32aa49a0
  SetVSConstF start=0
    count=4
    c0-c3:
  row0: 0.245432, -0.002187, 0.764920, -599.104431
  row1: 0.444839, 1.349978, -0.138871, -1070.801147
  row2: -0.899800, 0.326293, 0.289643, 1801.565063
  row3: -0.899800, 0.326293, 0.289643, 1805.865112
  DIP #190
    decl=0x32acc4a0
    type=4
    baseVtx=178203
    numVerts=208
    primCount=188
    stride0=56
    hasNormal=1
    hasTexcoord=1
    tcType=1
    tex0
     =0x0fcb51a0
    tex1
     =0x39e2b6c0
    tex2
     =0x4a6207e0
    tex3
     =0x4a620900
    tex4
     =0x2de7f440
    tex5
     =0x2de80100
    tex6
     =0x4a620900
    tex7
     =0x32aa49a0
  SetVSConstF start=0
    count=4
    c0-c3:
  row0: 0.243681, 0.000000, 0.765483, 860.199951
  row1: 0.446879, 1.348951, -0.142258, 161.773178
  row2: -0.900042, 0.328381, 0.286516, 4002.599365
  row3: -0.900042, 0.328381, 0.286516, 4006.899414
  DIP #191
    decl=0x32acc4a0
    type=4
    baseVtx=172211
    numVerts=72
    primCount=36
    stride0=56
    hasNormal=1
    hasTexcoord=1
    tcType=1
    tex0
     =0x0fcb51a0
    tex1
     =0x39e28880
    tex2
     =0x4a6207e0
    tex3
     =0x4a620900
    tex4
     =0x2de7f440
    tex5
     =0x2de80100
    tex6
     =0x4a620900
    tex7
     =0x32aa49a0
  DIP #192
    decl=0x32acc4a0
    type=4
    baseVtx=194735
    numVerts=264
    primCount=144
    stride0=56
    hasNormal=1
    hasTexcoord=1
    tcType=1
    tex0
     =0x0fcb51a0
    tex1
     =0x42cf6b20
    tex2
     =0x4a6207e0
    tex3
     =0x4a620900
    tex4
     =0x2de7f440
    tex5
     =0x2de80100
    tex6
     =0x4a620900
    tex7
     =0x32aa49a0
  DIP #193
    decl=0x32acc4a0
    type=4
    baseVtx=204369
    numVerts=588
    primCount=396
    stride0=56
    hasNormal=1
    hasTexcoord=1
    tcType=1
    tex0
     =0x0fcb51a0
    tex1
     =0x42cfb2c0
    tex2
     =0x4a6207e0
    tex3
     =0x4a620900
    tex4
     =0x2de7f440
    tex5
     =0x2de80100
    tex6
     =0x4a620900
    tex7
     =0x32aa49a0
  DIP #194
    decl=0x32acc4a0
    type=4
    baseVtx=202005
    numVerts=208
    primCount=126
    stride0=56
    hasNormal=1
    hasTexcoord=1
    tcType=1
    tex0
     =0x0fcb51a0
    tex1
     =0x42cfcd60
    tex2
     =0x4a6207e0
    tex3
     =0x4a620900
    tex4
     =0x2de7f440
    tex5
     =0x2de80100
    tex6
     =0x4a620900
    tex7
     =0x32aa49a0
  DIP #195
    decl=0x32acc4a0
    type=4
    baseVtx=216230
    numVerts=198
    primCount=126
    stride0=56
    hasNormal=1
    hasTexcoord=1
    tcType=1
    tex0
     =0x0fcb51a0
    tex1
     =0x478ba580
    tex2
     =0x4a6207e0
    tex3
     =0x4a620900
    tex4
     =0x2de7f440
    tex5
     =0x2de80100
    tex6
     =0x4a620900
    tex7
     =0x32aa49a0
  SetVSConstF start=0
    count=4
    c0-c3:
  row0: 0.765483, 0.000000, -0.243680, -30.012844
  row1: -0.142258, 1.348951, -0.446879, -156.889679
  row2: 0.286515, 0.328381, 0.900042, -33.094017
  row3: 0.286515, 0.328381, 0.900042, -28.793970
  DIP #196
    decl=0x32acc4a0
    type=4
    baseVtx=245195
    numVerts=261
    primCount=244
    stride0=56
    hasNormal=1
    hasTexcoord=1
    tcType=1
    tex0
     =0x0fcb51a0
    tex1
     =0x4a623180
    tex2
     =0x4a6207e0
    tex3
     =0x4a620900
    tex4
     =0x2de7f440
    tex5
     =0x2de80100
    tex6
     =0x4a620900
    tex7
     =0x32aa49a0
  DIP #197
    decl=0x32acc4a0
    type=4
    baseVtx=244936
    numVerts=259
    primCount=165
    stride0=56
    hasNormal=1
    hasTexcoord=1
    tcType=1
    tex0
     =0x0fcb51a0
    tex1
     =0x4a620460
    tex2
     =0x4a6207e0
    tex3
     =0x4a620900
    tex4
     =0x2de7f440
    tex5
     =0x2de80100
    tex6
     =0x4a620900
    tex7
     =0x32aa49a0
  DIP #198
    decl=0x32acc4a0
    type=4
    baseVtx=245456
    numVerts=4
    primCount=2
    stride0=56
    hasNormal=1
    hasTexcoord=1
    tcType=1
    tex0
     =0x4a622e00
    tex1
     =0x0fcb51a0
    tex2
     =0x4a6207e0
    tex3
     =0x4a620900
    tex4
     =0x2de7f440
    tex5
     =0x2de80100
    tex6
     =0x4a620900
    tex7
     =0x32aa49a0
  SetVS shader=0x0fb3dfe0
  SetVSConstF start=0
    count=4
    c0-c3:
  row0: 0.765483, 0.000000, -0.243680, -30.012844
  row1: -0.142258, 1.348951, -0.446879, -156.889679
  row2: 0.286515, 0.328381, 0.900042, -33.094017
  row3: 0.286515, 0.328381, 0.900042, -28.793970
  SetVSConstF start=0
    count=4
    c0-c3:
  row0: 0.243681, 0.000000, 0.765483, 860.199951
  row1: 0.446879, 1.348951, -0.142258, 161.773178
  row2: -0.900042, 0.328381, 0.286516, 4002.599365
  row3: -0.900042, 0.328381, 0.286516, 4006.899414
  DIP #199
    decl=0x32acc4a0
    type=4
    baseVtx=44654
    numVerts=67
    primCount=37
    stride0=56
    hasNormal=1
    hasTexcoord=1
    tcType=1
    tex0
     =0x0f79a620
    tex1
     =0x0fcb51a0
    tex2
     =0x4a6207e0
    tex3
     =0x4a620900
    tex4
     =0x2de7f440
    tex5
     =0x2de80100
    tex6
     =0x4a620900
    tex7
     =0x32aa49a0
  DIP #200
    decl=0x32acc4a0
    type=4
    baseVtx=70152
    numVerts=378
    primCount=228
    stride0=56
    hasNormal=1
    hasTexcoord=1
    tcType=1
    tex0
     =0x39e2b5a0
    tex1
     =0x0fcb51a0
    tex2
     =0x4a6207e0
    tex3
     =0x4a620900
    tex4
     =0x2de7f440
    tex5
     =0x2de80100
    tex6
     =0x4a620900
    tex7
     =0x32aa49a0
  SetVSConstF start=0
    count=4
    c0-c3:
  row0: 0.765483, 0.000000, -0.243680, -30.012844
  row1: -0.142258, 1.348951, -0.446879, -156.889679
  row2: 0.286515, 0.328381, 0.900042, -33.094017
  row3: 0.286515, 0.328381, 0.900042, -28.793970
  SetVSConstF start=0
    count=4
    c0-c3:
  row0: 0.765483, 0.000000, -0.243680, 4.558659
  row1: -0.142258, 1.348951, -0.446879, -115.442581
  row2: 0.286515, 0.328381, 0.900042, 127.048828
  row3: 0.286515, 0.328381, 0.900042, 131.348877
  SetVSConstF start=0
    count=4
    c0-c3:
  row0: 0.765483, 0.000000, -0.243680, -30.012844
  row1: -0.142258, 1.348951, -0.446879, -156.889679
  row2: 0.286515, 0.328381, 0.900042, -33.094017
  row3: 0.286515, 0.328381, 0.900042, -28.793970
  SetVS shader=0x1bc1eb00
  SetVSConstF start=0
    count=76
    (large write, first 4x4):
      0.982699, 0.085911, -0.164079, 0.903763, -0.054236, 0.980558, 0.188587, 1.682378, 0.177091, -0.176425, 0.968252, 1.892537, 0.982699, 0.085911, -0.164079, 0.903763
  SetVSConstF start=72
    count=4
    c72-c75:
  row0: 0.765483, 0.000000, -0.243680, -56.804741
  row1: -0.142258, 1.348951, -0.446879, -43.994606
  row2: 0.286515, 0.328381, 0.900042, -16.851618
  row3: 0.286515, 0.328381, 0.900042, -12.551569
  SetVSConstF start=0
    count=72
    (large write, first 4x4):
      0.873425, -0.424797, -0.238069, 14.570072, 0.356803, 0.225570, 0.906537, -0.337081, -0.331393, -0.876736, 0.348587, 38.218582, 0.833703, -0.448086, 0.322735, 4.670359
  SetVSConstF start=72
    count=4
    c72-c75:
  row0: 0.765483, 0.000000, -0.243680, -5.657753
  row1: -0.142258, 1.348951, -0.446879, -31.442438
  row2: 0.286515, 0.328381, 0.900042, 18.772509
  row3: 0.286515, 0.328381, 0.900042, 23.072557
  SetVSConstF start=0
    count=72
    (large write, first 4x4):
      0.998751, -0.046274, 0.018850, -0.659320, 0.025584, 0.797654, 0.602573, -58.044285, -0.042919, -0.601338, 0.797841, 6.151352, 0.996472, 0.027151, 0.079415, -2.362486
  SetVSConstF start=0
    count=72
    (large write, first 4x4):
      0.997191, 0.074904, 0.000073, -10.183733, -0.019608, 0.260100, 0.965383, -38.771358, 0.072292, -0.962672, 0.260838, 5.831299, 0.979897, 0.072142, -0.186005, -8.390448
  SetVSConstF start=0
    count=72
    (large write, first 4x4):
      0.205112, -0.631692, -0.747592, -12.202362, 0.773168, -0.363769, 0.519503, 1.862961, -0.600117, -0.684570, 0.413791, -17.089764, 0.978294, -0.109463, 0.175949, 8.054398
  SetVSConstF start=72
    count=4
    c72-c75:
  row0: 0.765483, 0.000000, -0.243680, -56.804741
  row1: -0.142258, 1.348951, -0.446879, -43.994606
  row2: 0.286515, 0.328381, 0.900042, -16.851618
  row3: 0.286515, 0.328381, 0.900042, -12.551569
  SetVSConstF start=0
    count=72
    (large write, first 4x4):
      0.989429, 0.040145, -0.139350, 4.438351, -0.048290, 0.997286, -0.055567, -44.707729, 0.136741, 0.061709, 0.988683, -2.831694, 0.989429, 0.040149, -0.139349, 4.440299
  SetVSConstF start=0
    count=72
    (large write, first 4x4):
      0.995035, 0.074182, -0.066352, 1.736666, -0.079497, 0.993505, -0.081410, -44.397118, 0.059882, 0.086280, 0.994470, -4.752554, 0.989429, 0.040145, -0.139350, 4.438351
  SetVSConstF start=0
    count=72
    (large write, first 4x4):
      0.998601, 0.012563, 0.051371, 4.483043, -0.030163, 0.933187, 0.358122, -39.443562, -0.043439, -0.359171, 0.932260, 16.350033, 0.992662, 0.071338, 0.097639, 3.255592
  SetVSConstF start=0
    count=72
    (large write, first 4x4):
      0.989429, 0.040145, -0.139350, 4.438351, -0.048290, 0.997286, -0.055567, -44.707729, 0.136741, 0.061709, 0.988683, -2.831694, 0.992662, 0.071338, 0.097639, 3.255592
  SetVSConstF start=72
    count=4
    c72-c75:
  row0: 0.764365, -0.021391, -0.246238, 7.405002
  row1: -0.026499, 1.413107, -0.205016, -71.185585
  row2: 0.307115, 0.142278, 0.940977, 31.943674
  row3: 0.307115, 0.142278, 0.940977, 36.243725
  SetVSConstF start=0
    count=72
    (large write, first 4x4):
      0.982699, 0.085911, -0.164079, 0.903763, -0.054236, 0.980558, 0.188587, 1.682378, 0.177091, -0.176425, 0.968252, 1.892537, 0.982699, 0.085911, -0.164079, 0.903763
  SetVSConstF start=0
    count=72
    (large write, first 4x4):
      0.982699, 0.085911, -0.164079, 0.903763, -0.054236, 0.980558, 0.188587, 1.682378, 0.177091, -0.176425, 0.968252, 1.892537, 0.982699, 0.085911, -0.164079, 0.903763
  SetVS shader=0x2de7bb20
  SetVSConstF start=0
    count=8
    (large write, first 4x4):
      0.764365, -0.021391, -0.246238, 7.405002, -0.026499, 1.413107, -0.205016, -71.185585, 0.307115, 0.142278, 0.940977, 31.943674, 0.307115, 0.142278, 0.940977, 36.243725
  SetVSConstF start=4
    count=3
  SetVSConstF start=0
    count=4
    c0-c3:
  row0: 0.243681, 0.000000, 0.765483, 860.199951
  row1: 0.446879, 1.348951, -0.142258, 161.773178
  row2: -0.900042, 0.328381, 0.286516, 4002.599365
  row3: -0.900042, 0.328381, 0.286516, 4006.899414
  SetVSConstF start=7
    count=1
    data: 3246.121582, -1422.781250, -2157.092773, 0.000000
  SetVSConstF start=4
    count=3
  SetVSConstF start=0
    count=4
    c0-c3:
  row0: 0.765483, 0.000000, -0.243680, -30.012844
  row1: -0.142258, 1.348951, -0.446879, -156.889679
  row2: 0.286515, 0.328381, 0.900042, -33.094017
  row3: 0.286515, 0.328381, 0.900042, -28.793970
  SetVSConstF start=7
    count=1
    data: 32.907051, 113.218384, -19.792082, 0.000000
  SetVSConstF start=4
    count=3
  SetVSConstF start=0
    count=4
    c0-c3:
  row0: 0.765483, 0.000000, -0.243680, 4.558659
  row1: -0.142258, 1.348951, -0.446879, -115.442581
  row2: 0.286515, 0.328381, 0.900042, 127.048828
  row3: 0.286515, 0.328381, 0.900042, 131.348877
  SetVSConstF start=7
    count=1
    data: -51.093193, 33.218262, -141.792572, 0.000000
  SetVSConstF start=4
    count=3
  SetVSConstF start=0
    count=4
    c0-c3:
  row0: 0.765483, 0.000000, -0.243680, -30.012844
  row1: -0.142258, 1.348951, -0.446879, -156.889679
  row2: 0.286515, 0.328381, 0.900042, -33.094017
  row3: 0.286515, 0.328381, 0.900042, -28.793970
  SetVSConstF start=7
    count=1
    data: 32.907051, 113.218384, -19.792082, 0.000000
  SetVS shader=0x1c15eb00
  SetVSConstF start=0
    count=4
    c0-c3:
  row0: 0.765483, 0.000000, -0.243680, -30.012844
  row1: -0.142258, 1.348951, -0.446879, -156.889679
  row2: 0.286515, 0.328381, 0.900042, -33.094017
  row3: 0.286515, 0.328381, 0.900042, -28.793970
  SetVSConstF start=0
    count=4
    c0-c3:
  row0: 0.243681, 0.000000, 0.765483, 860.199951
  row1: 0.446879, 1.348951, -0.142258, 161.773178
  row2: -0.900042, 0.328381, 0.286516, 4002.599365
  row3: -0.900042, 0.328381, 0.286516, 4006.899414
  SetVS shader=0x2de76f20
  SetVSConstF start=0
    count=5
    (large write, first 4x4):
      0.243681, 0.000000, 0.765483, 860.199951, 0.446879, 1.348951, -0.142258, 161.773178, -0.900042, 0.328381, 0.286516, 4002.599365, -0.900042, 0.328381, 0.286516, 4006.899414
  SetVS shader=0x2de7a960
  SetVSConstF start=4
    count=1
    data: 0.500065, 0.500116, 0.000000, 0.000000
  SetVSConstF start=6
    count=2
    data: 0.500130, 0.499769, 0.000000, 0.000000, 0.000000, 0.000000, 0.000000, 0.000000
  SetVSConstF start=0
    count=4
    c0-c3:
  row0: 0.243681, 0.000000, 0.765483, 860.199951
  row1: 0.446879, 1.348951, -0.142258, 161.773178
  row2: -0.900042, 0.328381, 0.286516, 4002.599365
  row3: -0.900042, 0.328381, 0.286516, 4006.899414
  SetVSConstF start=0
    count=4
    c0-c3:
  row0: 0.765483, 0.000000, -0.243680, -30.012844
  row1: -0.142258, 1.348951, -0.446879, -156.889679
  row2: 0.286515, 0.328381, 0.900042, -33.094017
  row3: 0.286515, 0.328381, 0.900042, -28.793970
  SetVSConstF start=4
    count=1
    data: 0.500065, 0.500116, 0.000000, 0.000000
  SetVSConstF start=6
    count=2
    data: 0.500130, 0.499769, 0.000000, 0.000000, 0.000000, 0.000000, 0.000000, 0.000000
  SetVSConstF start=0
    count=4
    c0-c3:
  row0: 0.765483, 0.000000, -0.243680, 4.558659
  row1: -0.142258, 1.348951, -0.446879, -115.442581
  row2: 0.286515, 0.328381, 0.900042, 127.048828
  row3: 0.286515, 0.328381, 0.900042, 131.348877
  SetVS shader=0x0f7b3ce0
  SetVSConstF start=0
    count=9
    (large write, first 4x4):
      0.765483, 0.000000, -0.243680, 4.558659, -0.142258, 1.348951, -0.446879, -115.442581, 0.286515, 0.328381, 0.900042, 127.048828, 0.286515, 0.328381, 0.900042, 131.348877
  SetVSConstF start=7
    count=1
    data: -0.128598, -0.811064, -0.570644, 0.000000
  SetVSConstF start=4
    count=3
  SetVSConstF start=0
    count=4
    c0-c3:
  row0: 0.243681, 0.000000, 0.765483, 860.199951
  row1: 0.446879, 1.348951, -0.142258, 161.773178
  row2: -0.900042, 0.328381, 0.286516, 4002.599365
  row3: -0.900042, 0.328381, 0.286516, 4006.899414
  SetVSConstF start=8
    count=1
    data: 3246.121582, -1422.781250, -2157.092773, 0.000000
  SetVSConstF start=7
    count=1
    data: -0.129628, -0.809458, -0.572691, 0.000000
  SetVSConstF start=4
    count=3
  SetVSConstF start=0
    count=4
    c0-c3:
  row0: 0.245394, -0.002129, 0.764932, -599.193970
  row1: 0.446148, 1.349494, -0.139370, -1069.419800
  row2: -0.899498, 0.327273, 0.289474, 1801.817749
  row3: -0.899498, 0.327273, 0.289474, 1806.117798
  SetVSConstF start=8
    count=1
    data: 2086.371826, 114.504707, 114.330048, 0.000000
  SetVSConstF start=7
    count=1
    data: -0.128874, -0.809362, -0.572996, 0.000000
  SetVSConstF start=4
    count=3
  SetVSConstF start=0
    count=4
    c0-c3:
  row0: 0.245432, -0.002187, 0.764920, -599.104431
  row1: 0.444839, 1.349978, -0.138871, -1070.801147
  row2: -0.899800, 0.326293, 0.289643, 1801.565063
  row3: -0.899800, 0.326293, 0.289643, 1805.865112
  SetVSConstF start=8
    count=1
    data: 2086.305908, 117.471375, 114.148628, 0.000000
  SetVSConstF start=7
    count=1
    data: -0.128598, -0.811064, -0.570644, 0.000000
  SetVSConstF start=4
    count=3
  SetVSConstF start=0
    count=4
    c0-c3:
  row0: 0.243681, 0.000000, 0.765483, 860.199951
  row1: 0.446879, 1.348951, -0.142258, 161.773178
  row2: -0.900042, 0.328381, 0.286516, 4002.599365
  row3: -0.900042, 0.328381, 0.286516, 4006.899414
  SetVSConstF start=8
    count=1
    data: 3246.121582, -1422.781250, -2157.092773, 0.000000
  SetVS shader=0x0fb3c400
  SetVSConstF start=0
    count=9
    (large write, first 4x4):
      0.243681, 0.000000, 0.765483, 860.199951, 0.446879, 1.348951, -0.142258, 161.773178, -0.900042, 0.328381, 0.286516, 4002.599365, -0.900042, 0.328381, 0.286516, 4006.899414
  SetVS shader=0x2de7dc00
  SetVSConstF start=0
    count=12
    (large write, first 4x4):
      0.243681, 0.000000, 0.765483, 860.199951, 0.446879, 1.348951, -0.142258, 161.773178, -0.900042, 0.328381, 0.286516, 4002.599365, -0.900042, 0.328381, 0.286516, 4006.899414
  SetVS shader=0x1c15e600
  SetVSConstF start=0
    count=8
    (large write, first 4x4):
      0.243681, 0.000000, 0.765483, 860.199951, 0.446879, 1.348951, -0.142258, 161.773178, -0.900042, 0.328381, 0.286516, 4002.599365, -0.900042, 0.328381, 0.286516, 4006.899414
  SetVS shader=0x2de780e0
  SetVSConstF start=0
    count=9
    (large write, first 4x4):
      0.243681, 0.000000, 0.765483, 860.199951, 0.446879, 1.348951, -0.142258, 161.773178, -0.900042, 0.328381, 0.286516, 4002.599365, -0.900042, 0.328381, 0.286516, 4006.899414
  SetVS shader=0x0f7b53a0
  SetVSConstF start=0
    count=12
    (large write, first 4x4):
      -0.471408, -0.166932, 0.499908, 2249.949707, -0.316642, -0.632175, -0.009598, -10.101196, -0.000887, -0.000295, 0.000000, 2.172994, -0.948876, -0.315649, 0.000000, 2355.103760
  SetVSConstF start=8
    count=1
    data: 2971.330078, -1471.000000, -2190.000000, 0.000000
  SetVSConstF start=10
    count=1
    data: 0.000909, 0.000000, 0.000000, 0.000000
  SetVSConstF start=0
    count=4
    c0-c3:
  row0: -0.471408, -0.166932, 0.499908, 2249.949707
  row1: -0.316642, -0.632175, -0.009598, -10.101196
  row2: -0.000887, -0.000295, 0.000000, 2.172994
  row3: -0.948876, -0.315649, 0.000000, 2355.103760
  SetVSConstF start=9
    count=1
    data: -0.000887, -0.000295, 0.000000, 2.172994
  SetVSConstF start=4
    count=4
    c4-c7:
  row0: 0.243681, 0.000000, 0.765483, 860.199951
  row1: 0.446879, 1.348951, -0.142258, 161.773178
  row2: -0.900042, 0.328381, 0.286516, 4002.599365
  row3: -0.900042, 0.328381, 0.286516, 4006.899414
  SetVSConstF start=11
    count=1
    data: 3246.121582, -1422.781250, -2157.092773, 0.000000
  SetVSConstF start=8
    count=1
    data: -0.000272, 64.999634, 254.999390, 0.000000
  SetVSConstF start=10
    count=1
    data: 0.000909, 0.000000, 0.000000, 0.000000
  SetVSConstF start=0
    count=4
    c0-c3:
  row0: 0.499908, -0.166932, 0.471408, -109.358444
  row1: -0.009598, -0.632175, 0.316642, -39.652409
  row2: -0.000000, -0.000295, 0.000887, -0.234997
  row3: -0.000000, -0.315649, 0.948876, -221.446198
  SetVSConstF start=9
    count=1
    data: -0.000000, -0.000295, 0.000887, -0.234997
  SetVSConstF start=4
    count=4
    c4-c7:
  row0: 0.765483, 0.000000, -0.243680, -30.012844
  row1: -0.142258, 1.348951, -0.446879, -156.889679
  row2: 0.286515, 0.328381, 0.900042, -33.094017
  row3: 0.286515, 0.328381, 0.900042, -28.793970
  SetVSConstF start=11
    count=1
    data: 32.907051, 113.218384, -19.792082, 0.000000
  SetVS shader=0x0fb3c920
  SetVSConstF start=0
    count=12
    (large write, first 4x4):
      0.499908, -0.166932, 0.471408, -109.358444, -0.009598, -0.632175, 0.316642, -39.652409, -0.000000, -0.000295, 0.000887, -0.234997, -0.000000, -0.315649, 0.948876, -221.446198
  SetVSConstF start=8
    count=1
    data: 2971.330078, -1471.000000, -2190.000000, 0.000000
  SetVSConstF start=10
    count=1
    data: 0.000909, 0.000000, 0.000000, 0.000000
  SetVSConstF start=0
    count=4
    c0-c3:
  row0: -0.471408, -0.166932, 0.499908, 2249.949707
  row1: -0.316642, -0.632175, -0.009598, -10.101196
  row2: -0.000887, -0.000295, 0.000000, 2.172994
  row3: -0.948876, -0.315649, 0.000000, 2355.103760
  SetVSConstF start=9
    count=1
    data: -0.000887, -0.000295, 0.000000, 2.172994
  SetVSConstF start=4
    count=4
    c4-c7:
  row0: 0.243681, 0.000000, 0.765483, 860.199951
  row1: 0.446879, 1.348951, -0.142258, 161.773178
  row2: -0.900042, 0.328381, 0.286516, 4002.599365
  row3: -0.900042, 0.328381, 0.286516, 4006.899414
  SetVSConstF start=11
    count=1
    data: 3246.121582, -1422.781250, -2157.092773, 0.000000
  SetVSConstF start=8
    count=1
    data: -0.000272, 64.999634, 254.999390, 0.000000
  SetVSConstF start=10
    count=1
    data: 0.000909, 0.000000, 0.000000, 0.000000
  SetVSConstF start=0
    count=4
    c0-c3:
  row0: 0.499908, -0.166932, 0.471408, -109.358444
  row1: -0.009598, -0.632175, 0.316642, -39.652409
  row2: -0.000000, -0.000295, 0.000887, -0.234997
  row3: -0.000000, -0.315649, 0.948876, -221.446198
  SetVSConstF start=9
    count=1
    data: -0.000000, -0.000295, 0.000887, -0.234997
  SetVSConstF start=4
    count=4
    c4-c7:
  row0: 0.765483, 0.000000, -0.243680, -30.012844
  row1: -0.142258, 1.348951, -0.446879, -156.889679
  row2: 0.286515, 0.328381, 0.900042, -33.094017
  row3: 0.286515, 0.328381, 0.900042, -28.793970
  SetVSConstF start=11
    count=1
    data: 32.907051, 113.218384, -19.792082, 0.000000
  SetVS shader=0x2de7b600
  SetVSConstF start=0
    count=15
    (large write, first 4x4):
      0.499908, -0.166932, 0.471408, -109.358444, -0.009598, -0.632175, 0.316642, -39.652409, -0.000000, -0.000295, 0.000887, -0.234997, -0.000000, -0.315649, 0.948876, -221.446198
  SetVSConstF start=11
    count=1
    data: 2971.330078, -1471.000000, -2190.000000, 0.000000
  SetVSConstF start=13
    count=1
    data: 0.000909, 0.000000, 0.000000, 0.000000
  SetVSConstF start=0
    count=4
    c0-c3:
  row0: -0.471408, -0.166932, 0.499908, 2249.949707
  row1: -0.316642, -0.632175, -0.009598, -10.101196
  row2: -0.000887, -0.000295, 0.000000, 2.172994
  row3: -0.948876, -0.315649, 0.000000, 2355.103760
  SetVSConstF start=12
    count=1
    data: -0.000887, -0.000295, 0.000000, 2.172994
  SetVSConstF start=8
    count=3
  SetVSConstF start=4
    count=4
    c4-c7:
  row0: 0.243681, 0.000000, 0.765483, 860.199951
  row1: 0.446879, 1.348951, -0.142258, 161.773178
  row2: -0.900042, 0.328381, 0.286516, 4002.599365
  row3: -0.900042, 0.328381, 0.286516, 4006.899414
  SetVSConstF start=14
    count=1
    data: 3246.121582, -1422.781250, -2157.092773, 0.000000
  SetVSConstF start=11
    count=1
    data: -0.000272, 64.999634, 254.999390, 0.000000
  SetVSConstF start=13
    count=1
    data: 0.000909, 0.000000, 0.000000, 0.000000
  SetVSConstF start=0
    count=4
    c0-c3:
  row0: 0.499908, -0.166932, 0.471408, -109.358444
  row1: -0.009598, -0.632175, 0.316642, -39.652409
  row2: -0.000000, -0.000295, 0.000887, -0.234997
  row3: -0.000000, -0.315649, 0.948876, -221.446198
  SetVSConstF start=12
    count=1
    data: -0.000000, -0.000295, 0.000887, -0.234997
  SetVSConstF start=8
    count=3
  SetVSConstF start=4
    count=4
    c4-c7:
  row0: 0.765483, 0.000000, -0.243680, -30.012844
  row1: -0.142258, 1.348951, -0.446879, -156.889679
  row2: 0.286515, 0.328381, 0.900042, -33.094017
  row3: 0.286515, 0.328381, 0.900042, -28.793970
  SetVSConstF start=14
    count=1
    data: 32.907051, 113.218384, -19.792082, 0.000000
  SetVS shader=0x1c158340
  SetVSConstF start=0
    count=15
    (large write, first 4x4):
      0.499908, -0.166932, 0.471408, -109.358444, -0.009598, -0.632175, 0.316642, -39.652409, -0.000000, -0.000295, 0.000887, -0.234997, -0.000000, -0.315649, 0.948876, -221.446198
  SetVS shader=0x1c15eda0
  SetVSConstF start=0
    count=12
    (large write, first 4x4):
      0.499908, -0.166932, 0.471408, -109.358444, -0.009598, -0.632175, 0.316642, -39.652409, -0.000000, -0.000295, 0.000887, -0.234997, -0.000000, -0.315649, 0.948876, -221.446198
  SetVSConstF start=8
    count=1
    data: 2971.330078, -1471.000000, -2190.000000, 0.000000
  SetVSConstF start=10
    count=1
    data: 0.000909, 0.000000, 0.000000, 0.000000
  SetVSConstF start=0
    count=4
    c0-c3:
  row0: -0.471408, -0.166932, 0.499908, 2249.949707
  row1: -0.316642, -0.632175, -0.009598, -10.101196
  row2: -0.000887, -0.000295, 0.000000, 2.172994
  row3: -0.948876, -0.315649, 0.000000, 2355.103760
  SetVSConstF start=9
    count=1
    data: -0.000887, -0.000295, 0.000000, 2.172994
  SetVSConstF start=4
    count=4
    c4-c7:
  row0: 0.243681, 0.000000, 0.765483, 860.199951
  row1: 0.446879, 1.348951, -0.142258, 161.773178
  row2: -0.900042, 0.328381, 0.286516, 4002.599365
  row3: -0.900042, 0.328381, 0.286516, 4006.899414
  SetVSConstF start=11
    count=1
    data: 3246.121582, -1422.781250, -2157.092773, 0.000000
  SetVS shader=0x2de771c0
  SetVSConstF start=0
    count=12
    (large write, first 4x4):
      -0.471408, -0.166932, 0.499908, 2249.949707, -0.316642, -0.632175, -0.009598, -10.101196, -0.000887, -0.000295, 0.000000, 2.172994, -0.948876, -0.315649, 0.000000, 2355.103760
  SetVS shader=0x0f7b3540
  SetVSConstF start=0
    count=7
    (large write, first 4x4):
      0.243681, 0.000000, 0.765483, 860.199951, 0.446879, 1.348951, -0.142258, 161.773178, -0.900042, 0.328381, 0.286516, 4002.599365, -0.900042, 0.328381, 0.286516, 4006.899414
  SetVSConstF start=4
    count=1
    data: 3166.330078, -1456.000000, -2190.000000, 0.000000
  SetVSConstF start=5
    count=1
    data: 0.010000, 0.000000, 0.000000, 0.000000
  SetVSConstF start=0
    count=4
    c0-c3:
  row0: 0.243681, 0.000000, 0.765483, 860.199951
  row1: 0.446879, 1.348951, -0.142258, 161.773178
  row2: -0.900042, 0.328381, 0.286516, 4002.599365
  row3: -0.900042, 0.328381, 0.286516, 4006.899414
  SetVSConstF start=6
    count=1
    data: 3246.121582, -1422.781250, -2157.092773, 0.000000
  SetVSConstF start=4
    count=1
    data: -0.000202, 79.999634, 59.999405, 0.000000
  SetVSConstF start=5
    count=1
    data: 0.010000, 0.000000, 0.000000, 0.000000
  SetVSConstF start=0
    count=4
    c0-c3:
  row0: 0.765483, 0.000000, -0.243680, -30.012844
  row1: -0.142258, 1.348951, -0.446879, -156.889679
  row2: 0.286515, 0.328381, 0.900042, -33.094017
  row3: 0.286515, 0.328381, 0.900042, -28.793970
  SetVSConstF start=6
    count=1
    data: 32.907051, 113.218384, -19.792082, 0.000000
  SetVS shader=0x0fb3dd60
  SetVSConstF start=0
    count=7
    (large write, first 4x4):
      0.765483, 0.000000, -0.243680, -30.012844, -0.142258, 1.348951, -0.446879, -156.889679, 0.286515, 0.328381, 0.900042, -33.094017, 0.286515, 0.328381, 0.900042, -28.793970
  SetVSConstF start=4
    count=1
    data: 3166.330078, -1456.000000, -2190.000000, 0.000000
  SetVSConstF start=5
    count=1
    data: 0.010000, 0.000000, 0.000000, 0.000000
  SetVSConstF start=0
    count=4
    c0-c3:
  row0: 0.243681, 0.000000, 0.765483, 860.199951
  row1: 0.446879, 1.348951, -0.142258, 161.773178
  row2: -0.900042, 0.328381, 0.286516, 4002.599365
  row3: -0.900042, 0.328381, 0.286516, 4006.899414
  SetVSConstF start=6
    count=1
    data: 3246.121582, -1422.781250, -2157.092773, 0.000000
  SetVSConstF start=4
    count=1
    data: -0.000202, 79.999634, 59.999405, 0.000000
  SetVSConstF start=5
    count=1
    data: 0.010000, 0.000000, 0.000000, 0.000000
  SetVSConstF start=0
    count=4
    c0-c3:
  row0: 0.765483, 0.000000, -0.243680, -30.012844
  row1: -0.142258, 1.348951, -0.446879, -156.889679
  row2: 0.286515, 0.328381, 0.900042, -33.094017
  row3: 0.286515, 0.328381, 0.900042, -28.793970
  SetVSConstF start=6
    count=1
    data: 32.907051, 113.218384, -19.792082, 0.000000
  SetVSConstF start=4
    count=1
    data: -84.000443, -0.000488, -62.001083, 0.000000
  SetVSConstF start=5
    count=1
    data: 0.010000, 0.000000, 0.000000, 0.000000
  SetVSConstF start=0
    count=4
    c0-c3:
  row0: 0.765483, 0.000000, -0.243680, 4.558659
  row1: -0.142258, 1.348951, -0.446879, -115.442581
  row2: 0.286515, 0.328381, 0.900042, 127.048828
  row3: 0.286515, 0.328381, 0.900042, 131.348877
  SetVSConstF start=6
    count=1
    data: -51.093193, 33.218262, -141.792572, 0.000000
  SetVSConstF start=4
    count=1
    data: -0.000202, 79.999634, 59.999405, 0.000000
  SetVSConstF start=5
    count=1
    data: 0.010000, 0.000000, 0.000000, 0.000000
  SetVSConstF start=0
    count=4
    c0-c3:
  row0: 0.765483, 0.000000, -0.243680, -30.012844
  row1: -0.142258, 1.348951, -0.446879, -156.889679
  row2: 0.286515, 0.328381, 0.900042, -33.094017
  row3: 0.286515, 0.328381, 0.900042, -28.793970
  SetVSConstF start=6
    count=1
    data: 32.907051, 113.218384, -19.792082, 0.000000
  SetVS shader=0x1bc1d6c0
  SetVSConstF start=0
    count=79
    (large write, first 4x4):
      0.982699, 0.085911, -0.164079, 0.903763, -0.054236, 0.980558, 0.188587, 1.682378, 0.177091, -0.176425, 0.968252, 1.892537, 0.982699, 0.085911, -0.164079, 0.903763
  SetVSConstF start=76
    count=1
    data: 35.000042, 0.000000, 59.999893, 0.000000
  SetVSConstF start=77
    count=1
    data: 0.010000, 0.000000, 0.000000, 0.000000
  SetVSConstF start=72
    count=4
    c72-c75:
  row0: 0.765483, 0.000000, -0.243680, -56.804741
  row1: -0.142258, 1.348951, -0.446879, -43.994606
  row2: 0.286515, 0.328381, 0.900042, -16.851618
  row3: 0.286515, 0.328381, 0.900042, -12.551569
  SetVSConstF start=78
    count=1
    data: 67.907295, 33.218750, -19.791594, 0.000000
  SetVSConstF start=0
    count=72
    (large write, first 4x4):
      0.873425, -0.424797, -0.238069, 14.570072, 0.356803, 0.225570, 0.906537, -0.337081, -0.331393, -0.876736, 0.348587, 38.218582, 0.833703, -0.448086, 0.322735, 4.670359
  SetVSConstF start=76
    count=1
    data: -34.999958, -20.000000, 49.999893, 0.000000
  SetVSConstF start=77
    count=1
    data: 0.010000, 0.000000, 0.000000, 0.000000
  SetVSConstF start=72
    count=4
    c72-c75:
  row0: 0.765483, 0.000000, -0.243680, -5.657753
  row1: -0.142258, 1.348951, -0.446879, -31.442438
  row2: 0.286515, 0.328381, 0.900042, 18.772509
  row3: 0.286515, 0.328381, 0.900042, 23.072557
  SetVSConstF start=78
    count=1
    data: -2.092705, 13.218750, -29.791594, 0.000000
  SetVSConstF start=0
    count=72
    (large write, first 4x4):
      0.998751, -0.046274, 0.018850, -0.659320, 0.025584, 0.797654, 0.602573, -58.044285, -0.042919, -0.601338, 0.797841, 6.151352, 0.996472, 0.027151, 0.079415, -2.362486
  SetVSConstF start=0
    count=72
    (large write, first 4x4):
      0.997191, 0.074904, 0.000073, -10.183733, -0.019608, 0.260100, 0.965383, -38.771358, 0.072292, -0.962672, 0.260838, 5.831299, 0.979897, 0.072142, -0.186005, -8.390448
  SetVSConstF start=0
    count=72
    (large write, first 4x4):
      0.205112, -0.631692, -0.747592, -12.202362, 0.773168, -0.363769, 0.519503, 1.862961, -0.600117, -0.684570, 0.413791, -17.089764, 0.978294, -0.109463, 0.175949, 8.054398
  SetVSConstF start=76
    count=1
    data: 35.000042, 0.000000, 59.999893, 0.000000
  SetVSConstF start=77
    count=1
    data: 0.010000, 0.000000, 0.000000, 0.000000
  SetVSConstF start=72
    count=4
    c72-c75:
  row0: 0.765483, 0.000000, -0.243680, -56.804741
  row1: -0.142258, 1.348951, -0.446879, -43.994606
  row2: 0.286515, 0.328381, 0.900042, -16.851618
  row3: 0.286515, 0.328381, 0.900042, -12.551569
  SetVSConstF start=78
    count=1
    data: 67.907295, 33.218750, -19.791594, 0.000000
  SetVSConstF start=0
    count=72
    (large write, first 4x4):
      0.989429, 0.040145, -0.139350, 4.438351, -0.048290, 0.997286, -0.055567, -44.707729, 0.136741, 0.061709, 0.988683, -2.831694, 0.989429, 0.040149, -0.139349, 4.440299
  SetVSConstF start=0
    count=72
    (large write, first 4x4):
      0.995035, 0.074182, -0.066352, 1.736666, -0.079497, 0.993505, -0.081410, -44.397118, 0.059882, 0.086280, 0.994470, -4.752554, 0.989429, 0.040145, -0.139350, 4.438351
  SetVSConstF start=0
    count=72
    (large write, first 4x4):
      0.998601, 0.012563, 0.051371, 4.483043, -0.030163, 0.933187, 0.358122, -39.443562, -0.043439, -0.359171, 0.932260, 16.350033, 0.992662, 0.071338, 0.097639, 3.255592
  SetVSConstF start=0
    count=72
    (large write, first 4x4):
      0.989429, 0.040145, -0.139350, 4.438351, -0.048290, 0.997286, -0.055567, -44.707729, 0.136741, 0.061709, 0.988683, -2.831694, 0.992662, 0.071338, 0.097639, 3.255592
  SetVSConstF start=76
    count=1
    data: -56.897495, 0.704948, 34.654442, 0.000000
  SetVSConstF start=77
    count=1
    data: 0.010000, 0.000000, 0.000000, 0.000000
  SetVSConstF start=72
    count=4
    c72-c75:
  row0: 0.764365, -0.021391, -0.246238, 7.405002
  row1: -0.026499, 1.413107, -0.205016, -71.185585
  row2: 0.307115, 0.142278, 0.940977, 31.943674
  row3: 0.307115, 0.142278, 0.940977, 36.243725
  SetVSConstF start=78
    count=1
    data: -20.826775, 44.408520, -38.434242, 0.000000
  SetVSConstF start=0
    count=72
    (large write, first 4x4):
      0.982699, 0.085911, -0.164079, 0.903763, -0.054236, 0.980558, 0.188587, 1.682378, 0.177091, -0.176425, 0.968252, 1.892537, 0.982699, 0.085911, -0.164079, 0.903763
  SetVSConstF start=0
    count=72
    (large write, first 4x4):
      0.982699, 0.085911, -0.164079, 0.903763, -0.054236, 0.980558, 0.188587, 1.682378, 0.177091, -0.176425, 0.968252, 1.892537, 0.982699, 0.085911, -0.164079, 0.903763
  SetVS shader=0x2de7de80
  SetVSConstF start=0
    count=10
    (large write, first 4x4):
      0.764365, -0.021391, -0.246238, 7.405002, -0.026499, 1.413107, -0.205016, -71.185585, 0.307115, 0.142278, 0.940977, 31.943674, 0.307115, 0.142278, 0.940977, 36.243725
  SetVSConstF start=7
    count=1
    data: -0.000202, 79.999634, 59.999405, 0.000000
  SetVSConstF start=8
    count=1
    data: 0.010000, 0.000000, 0.000000, 0.000000
  SetVSConstF start=4
    count=3
  SetVSConstF start=0
    count=4
    c0-c3:
  row0: 0.765483, 0.000000, -0.243680, -30.012844
  row1: -0.142258, 1.348951, -0.446879, -156.889679
  row2: 0.286515, 0.328381, 0.900042, -33.094017
  row3: 0.286515, 0.328381, 0.900042, -28.793970
  SetVSConstF start=9
    count=1
    data: 32.907051, 113.218384, -19.792082, 0.000000
  SetVSConstF start=7
    count=1
    data: -84.000443, -0.000488, -62.001083, 0.000000
  SetVSConstF start=8
    count=1
    data: 0.010000, 0.000000, 0.000000, 0.000000
  SetVSConstF start=4
    count=3
  SetVSConstF start=0
    count=4
    c0-c3:
  row0: 0.765483, 0.000000, -0.243680, 4.558659
  row1: -0.142258, 1.348951, -0.446879, -115.442581
  row2: 0.286515, 0.328381, 0.900042, 127.048828
  row3: 0.286515, 0.328381, 0.900042, 131.348877
  SetVSConstF start=9
    count=1
    data: -51.093193, 33.218262, -141.792572, 0.000000
  SetVSConstF start=7
    count=1
    data: -0.000202, 79.999634, 59.999405, 0.000000
  SetVSConstF start=8
    count=1
    data: 0.010000, 0.000000, 0.000000, 0.000000
  SetVSConstF start=4
    count=3
  SetVSConstF start=0
    count=4
    c0-c3:
  row0: 0.765483, 0.000000, -0.243680, -30.012844
  row1: -0.142258, 1.348951, -0.446879, -156.889679
  row2: 0.286515, 0.328381, 0.900042, -33.094017
  row3: 0.286515, 0.328381, 0.900042, -28.793970
  SetVSConstF start=9
    count=1
    data: 32.907051, 113.218384, -19.792082, 0.000000
  SetVS shader=0x1c159a00
  SetVSConstF start=0
    count=10
    (large write, first 4x4):
      0.765483, 0.000000, -0.243680, -30.012844, -0.142258, 1.348951, -0.446879, -156.889679, 0.286515, 0.328381, 0.900042, -33.094017, 0.286515, 0.328381, 0.900042, -28.793970
  SetVSConstF start=7
    count=1
    data: -84.000443, -0.000488, -62.001083, 0.000000
  SetVSConstF start=8
    count=1
    data: 0.010000, 0.000000, 0.000000, 0.000000
  SetVSConstF start=4
    count=3
  SetVSConstF start=0
    count=4
    c0-c3:
  row0: 0.765483, 0.000000, -0.243680, 4.558659
  row1: -0.142258, 1.348951, -0.446879, -115.442581
  row2: 0.286515, 0.328381, 0.900042, 127.048828
  row3: 0.286515, 0.328381, 0.900042, 131.348877
  SetVSConstF start=9
    count=1
    data: -51.093193, 33.218262, -141.792572, 0.000000
  SetVS shader=0x0f7b58c0
  SetVSConstF start=0
    count=10
    (large write, first 4x4):
      0.765483, 0.000000, -0.243680, 4.558659, -0.142258, 1.348951, -0.446879, -115.442581, 0.286515, 0.328381, 0.900042, 127.048828, 0.286515, 0.328381, 0.900042, 131.348877
  SetVSConstF start=4
    count=3
  SetVSConstF start=7
    count=3
  SetVSConstF start=0
    count=4
    c0-c3:
  row0: 0.243681, 0.000000, 0.765483, 860.199951
  row1: 0.446879, 1.348951, -0.142258, 161.773178
  row2: -0.900042, 0.328381, 0.286516, 4002.599365
  row3: -0.900042, 0.328381, 0.286516, 4006.899414
  SetVSConstF start=4
    count=3
  SetVSConstF start=7
    count=3
  SetVSConstF start=0
    count=4
    c0-c3:
  row0: 0.765483, 0.000000, -0.243680, -30.012844
  row1: -0.142258, 1.348951, -0.446879, -156.889679
  row2: 0.286515, 0.328381, 0.900042, -33.094017
  row3: 0.286515, 0.328381, 0.900042, -28.793970
  SetVS shader=0x0fb3d5c0
  SetVSConstF start=0
    count=10
    (large write, first 4x4):
      0.765483, 0.000000, -0.243680, -30.012844, -0.142258, 1.348951, -0.446879, -156.889679, 0.286515, 0.328381, 0.900042, -33.094017, 0.286515, 0.328381, 0.900042, -28.793970
  SetVSConstF start=4
    count=3
  SetVSConstF start=7
    count=3
  SetVSConstF start=0
    count=4
    c0-c3:
  row0: 0.243681, 0.000000, 0.765483, 860.199951
  row1: 0.446879, 1.348951, -0.142258, 161.773178
  row2: -0.900042, 0.328381, 0.286516, 4002.599365
  row3: -0.900042, 0.328381, 0.286516, 4006.899414
  SetVSConstF start=4
    count=3
  SetVSConstF start=7
    count=3
  SetVSConstF start=0
    count=4
    c0-c3:
  row0: 0.765483, 0.000000, -0.243680, -30.012844
  row1: -0.142258, 1.348951, -0.446879, -156.889679
  row2: 0.286515, 0.328381, 0.900042, -33.094017
  row3: 0.286515, 0.328381, 0.900042, -28.793970
  SetVSConstF start=4
    count=3
  SetVSConstF start=7
    count=3
  SetVSConstF start=0
    count=4
    c0-c3:
  row0: 0.765483, 0.000000, -0.243680, 4.558659
  row1: -0.142258, 1.348951, -0.446879, -115.442581
  row2: 0.286515, 0.328381, 0.900042, 127.048828
  row3: 0.286515, 0.328381, 0.900042, 131.348877
  SetVSConstF start=4
    count=3
  SetVSConstF start=7
    count=3
  SetVSConstF start=0
    count=4
    c0-c3:
  row0: 0.765483, 0.000000, -0.243680, -30.012844
  row1: -0.142258, 1.348951, -0.446879, -156.889679
  row2: 0.286515, 0.328381, 0.900042, -33.094017
  row3: 0.286515, 0.328381, 0.900042, -28.793970
  SetVS shader=0x1bc1e880
  SetVSConstF start=0
    count=82
    (large write, first 4x4):
      0.982699, 0.085911, -0.164079, 0.903763, -0.054236, 0.980558, 0.188587, 1.682378, 0.177091, -0.176425, 0.968252, 1.892537, 0.982699, 0.085911, -0.164079, 0.903763
  SetVSConstF start=76
    count=3
  SetVSConstF start=79
    count=3
  SetVSConstF start=72
    count=4
    c72-c75:
  row0: 0.765483, 0.000000, -0.243680, -56.804741
  row1: -0.142258, 1.348951, -0.446879, -43.994606
  row2: 0.286515, 0.328381, 0.900042, -16.851618
  row3: 0.286515, 0.328381, 0.900042, -12.551569
  SetVSConstF start=0
    count=72
    (large write, first 4x4):
      0.873425, -0.424797, -0.238069, 14.570072, 0.356803, 0.225570, 0.906537, -0.337081, -0.331393, -0.876736, 0.348587, 38.218582, 0.833703, -0.448086, 0.322735, 4.670359
  SetVSConstF start=76
    count=3
  SetVSConstF start=79
    count=3
  SetVSConstF start=72
    count=4
    c72-c75:
  row0: 0.765483, 0.000000, -0.243680, -5.657753
  row1: -0.142258, 1.348951, -0.446879, -31.442438
  row2: 0.286515, 0.328381, 0.900042, 18.772509
  row3: 0.286515, 0.328381, 0.900042, 23.072557
  SetVSConstF start=0
    count=72
    (large write, first 4x4):
      0.998751, -0.046274, 0.018850, -0.659320, 0.025584, 0.797654, 0.602573, -58.044285, -0.042919, -0.601338, 0.797841, 6.151352, 0.996472, 0.027151, 0.079415, -2.362486
  SetVSConstF start=0
    count=72
    (large write, first 4x4):
      0.997191, 0.074904, 0.000073, -10.183733, -0.019608, 0.260100, 0.965383, -38.771358, 0.072292, -0.962672, 0.260838, 5.831299, 0.979897, 0.072142, -0.186005, -8.390448
  SetVSConstF start=0
    count=72
    (large write, first 4x4):
      0.205112, -0.631692, -0.747592, -12.202362, 0.773168, -0.363769, 0.519503, 1.862961, -0.600117, -0.684570, 0.413791, -17.089764, 0.978294, -0.109463, 0.175949, 8.054398
  SetVSConstF start=76
    count=3
  SetVSConstF start=79
    count=3
  SetVSConstF start=72
    count=4
    c72-c75:
  row0: 0.765483, 0.000000, -0.243680, -56.804741
  row1: -0.142258, 1.348951, -0.446879, -43.994606
  row2: 0.286515, 0.328381, 0.900042, -16.851618
  row3: 0.286515, 0.328381, 0.900042, -12.551569
  SetVSConstF start=0
    count=72
    (large write, first 4x4):
      0.989429, 0.040145, -0.139350, 4.438351, -0.048290, 0.997286, -0.055567, -44.707729, 0.136741, 0.061709, 0.988683, -2.831694, 0.989429, 0.040149, -0.139349, 4.440299
  SetVSConstF start=0
    count=72
    (large write, first 4x4):
      0.995035, 0.074182, -0.066352, 1.736666, -0.079497, 0.993505, -0.081410, -44.397118, 0.059882, 0.086280, 0.994470, -4.752554, 0.989429, 0.040145, -0.139350, 4.438351
  SetVSConstF start=0
    count=72
    (large write, first 4x4):
      0.998601, 0.012563, 0.051371, 4.483043, -0.030163, 0.933187, 0.358122, -39.443562, -0.043439, -0.359171, 0.932260, 16.350033, 0.992662, 0.071338, 0.097639, 3.255592
  SetVSConstF start=0
    count=72
    (large write, first 4x4):
      0.989429, 0.040145, -0.139350, 4.438351, -0.048290, 0.997286, -0.055567, -44.707729, 0.136741, 0.061709, 0.988683, -2.831694, 0.992662, 0.071338, 0.097639, 3.255592
  SetVSConstF start=76
    count=3
  SetVSConstF start=79
    count=3
  SetVSConstF start=72
    count=4
    c72-c75:
  row0: 0.764365, -0.021391, -0.246238, 7.405002
  row1: -0.026499, 1.413107, -0.205016, -71.185585
  row2: 0.307115, 0.142278, 0.940977, 31.943674
  row3: 0.307115, 0.142278, 0.940977, 36.243725
  SetVSConstF start=0
    count=72
    (large write, first 4x4):
      0.982699, 0.085911, -0.164079, 0.903763, -0.054236, 0.980558, 0.188587, 1.682378, 0.177091, -0.176425, 0.968252, 1.892537, 0.982699, 0.085911, -0.164079, 0.903763
  SetVSConstF start=0
    count=72
    (large write, first 4x4):
      0.982699, 0.085911, -0.164079, 0.903763, -0.054236, 0.980558, 0.188587, 1.682378, 0.177091, -0.176425, 0.968252, 1.892537, 0.982699, 0.085911, -0.164079, 0.903763
  SetVS shader=0x2de7c020
  SetVSConstF start=0
    count=14
    (large write, first 4x4):
      0.764365, -0.021391, -0.246238, 7.405002, -0.026499, 1.413107, -0.205016, -71.185585, 0.307115, 0.142278, 0.940977, 31.943674, 0.307115, 0.142278, 0.940977, 36.243725
  SetVSConstF start=4
    count=3
  SetVSConstF start=7
    count=3
  SetVSConstF start=10
    count=3
  SetVSConstF start=0
    count=4
    c0-c3:
  row0: 0.765483, 0.000000, -0.243680, -30.012844
  row1: -0.142258, 1.348951, -0.446879, -156.889679
  row2: 0.286515, 0.328381, 0.900042, -33.094017
  row3: 0.286515, 0.328381, 0.900042, -28.793970
  SetVSConstF start=13
    count=1
    data: 32.907051, 113.218384, -19.792082, 0.000000
  SetVSConstF start=4
    count=3
  SetVSConstF start=7
    count=3
  SetVSConstF start=10
    count=3
  SetVSConstF start=0
    count=4
    c0-c3:
  row0: 0.765483, 0.000000, -0.243680, 4.558659
  row1: -0.142258, 1.348951, -0.446879, -115.442581
  row2: 0.286515, 0.328381, 0.900042, 127.048828
  row3: 0.286515, 0.328381, 0.900042, 131.348877
  SetVSConstF start=13
    count=1
    data: -51.093193, 33.218262, -141.792572, 0.000000
  SetVSConstF start=4
    count=3
  SetVSConstF start=7
    count=3
  SetVSConstF start=10
    count=3
  SetVSConstF start=0
    count=4
    c0-c3:
  row0: 0.765483, 0.000000, -0.243680, -30.012844
  row1: -0.142258, 1.348951, -0.446879, -156.889679
  row2: 0.286515, 0.328381, 0.900042, -33.094017
  row3: 0.286515, 0.328381, 0.900042, -28.793970
  SetVSConstF start=13
    count=1
    data: 32.907051, 113.218384, -19.792082, 0.000000
  SetVS shader=0x1c15a1a0
  SetVSConstF start=0
    count=14
    (large write, first 4x4):
      0.765483, 0.000000, -0.243680, -30.012844, -0.142258, 1.348951, -0.446879, -156.889679, 0.286515, 0.328381, 0.900042, -33.094017, 0.286515, 0.328381, 0.900042, -28.793970
  SetVSConstF start=4
    count=3
  SetVSConstF start=7
    count=3
  SetVSConstF start=10
    count=3
  SetVSConstF start=0
    count=4
    c0-c3:
  row0: 0.765483, 0.000000, -0.243680, 4.558659
  row1: -0.142258, 1.348951, -0.446879, -115.442581
  row2: 0.286515, 0.328381, 0.900042, 127.048828
  row3: 0.286515, 0.328381, 0.900042, 131.348877
  SetVSConstF start=13
    count=1
    data: -51.093193, 33.218262, -141.792572, 0.000000
  SetVS shader=0x28da8160
  SetVSConstF start=0
    count=4
    c0-c3:
  row0: 0.765483, 0.000000, -0.243680, 4.558659
  row1: -0.142258, 1.348951, -0.446879, -115.442581
  row2: 0.286515, 0.328381, 0.900042, 127.048828
  row3: 0.286515, 0.328381, 0.900042, 131.348877
  SetVSConstF start=0
    count=4
    c0-c3:
  row0: 0.243681, 0.000000, 0.765483, 860.199951
  row1: 0.446879, 1.348951, -0.142258, 161.773178
  row2: -0.900042, 0.328381, 0.286516, 4002.599365
  row3: -0.900042, 0.328381, 0.286516, 4006.899414
  SetVS shader=0x28da7740
  SetVSConstF start=0
    count=4
    c0-c3:
  row0: 0.243681, 0.000000, 0.765483, 860.199951
  row1: 0.446879, 1.348951, -0.142258, 161.773178
  row2: -0.900042, 0.328381, 0.286516, 4002.599365
  row3: -0.900042, 0.328381, 0.286516, 4006.899414
  SetVSConstF start=0
    count=4
    c0-c3:
  row0: 0.765483, 0.000000, -0.243680, -290.516388
  row1: -0.142258, 1.348951, -0.446879, -1044.786621
  row2: 0.286515, 0.328381, 0.900042, 2120.612549
  row3: 0.286515, 0.328381, 0.900042, 2124.912598
  SetVS shader=0x36660140
  SetVSConstF start=0
    count=4
    c0-c3:
  row0: 0.000521, 0.000000, 0.000000, -1.000000
  row1: 0.000000, -0.000926, 0.000000, 1.000000
  row2: 0.000000, 0.000000, 1.000000, 0.000000
  row3: 0.000000, 0.000000, 0.000000, 1.000000
  SetVS shader=0x36660140
  SetVSConstF start=0
    count=4
    c0-c3:
  row0: 0.000521, 0.000000, 0.000000, -1.000000
  row1: 0.000000, -0.000926, 0.000000, 1.000000
  row2: 0.000000, 0.000000, 1.000000, 0.000000
  row3: 0.000000, 0.000000, 0.000000, 1.000000
  SetVS shader=0x00000000
==== PRESENT frame 7984
  diagFrame: 2
  drawCalls: 376
  scenes: 1
  VS regs written: c0
c1
c2
c3
c4
c5
c6
c7
c8
c9
c10
c11
c12
c13
c14
c15
c16
c17
c18
c19
c20
c21
c22
c23
c24
c25
c26
c27
c28
c29
c30
c31
c32
c33
c34
c35
c36
c37
c38
c39
c40
c41
c42
c43
c44
c45
c46
c47
c48
c49
c50
c51
c52
c53
c54
c55
c56
c57
c58
c59
c60
c61
c62
c63
c64
c65
c66
c67
c68
c69
c70
c71
c72
c73
c74
c75
c76
c77
c78
c79
c80
c81
c82
c83
c84
c85

  Unique textures per stage:
    stage 0
      unique=32
    stage 1
      unique=32
    stage 2
      unique=32
    stage 3
      unique=32
    stage 4
      unique=30
    stage 5
      unique=13
    stage 6
      unique=1
    stage 7
      unique=1
